0.5635018835233451,0.5733701231924361,0.5832314624168672,0.5930775207329398,0.6028984365408065,0.6126830103715638,0.6224188443156701,0.6320924776126885,0.641689518402355,0.6511947716369701,0.6605923631551177,0.6698658599167067,0.6789983863993387,0.6879727371560015,0.6967714855340846,0.7053770885557235,0.7137719879594654,0.7219387074032627,0.7298599458287893,0.7375186669870832,0.7448981851255135,0.7519822468360724,0.7587551090649917,0.7652016132836854,0.7713072558210164,0.7770582543568879,0.7824416105771606,0.7874451689898937,0.7920576719029128,0.7962688105626996,0.8000692724546101,0.8034507847644156,0.806406154001168,0.8089293017813932,0.8110152967746053,0.8126603828101491,0.8138620031453656,0.8146188208950841,0.8149307356224369,0.8147988960910014,0.8142257091782653,0.8132148449504183,0.8117712378984668,0.809901084335676,0.8076118359563342,0.804912189555845,0.8018120729121415,0.7983226268284279,0.7944561833372441,0.7902262400658571,0.7856474307629754,0.7807354919867902,0.77550722595434,0.7699804595522014,0.7641739995085035,0.758107583726269,0.7518018287780781,0.7452781735620595,0.7385588191192046,0.731666664612008,0.7246252394644317,0.7174586316631955,0.7101914122203911,0.7028485557974217,0.6954553574902681,0.6880373457760757,0.6806201916210708,0.6732296137498004,0.665891280075694,0.6586307052929562,0.6514731446297787,0.6444434837628801,0.6375661248933703,0.63086486898394,0.624362794157373,0.6180821302563873,0.6120441295647973,0.6062689336900038,0.600775436606808,0.5955811438625487,0.5907020279435672,0.5861523798029966,0.5819446565498713,0.5780893252995736,0.5745947031855894,0.5714667935325989,0.5687091181908911,0.5663225460321035,0.5643051176062789,0.5626518659602645,0.5613546336174127,0.5604018857186275,0.5597785193247257,0.5594656688801224,0.5594405078378469,0.5596760464458822,0.560140925694817,0.5607992074268497,0.5616101606060903,0.5625280437501958,0.5635018835233451
0.5689796892376624,0.5788477507683797,0.5887079428342387,0.5985509699642967,0.6083661133791477,0.6181413730529327,0.6278636059366878,0.6375186603430273,0.6470915064921656,0.656566363219273,0.6659268208431705,0.6751559601963583,0.684236467816384,0.6931507472985449,0.7018810268099269,0.7104094627647819,0.7187182396612396,0.7267896660793565,0.7346062668405017,0.7421508713280788,0.7494066979695847,0.7563574348800045,0.7629873166665433,0.7692811973946935,0.7752246197156405,0.7808038801550028,0.7860060905629103,0.7908192357254178,0.7952322271372552,0.7992349529359167,0.8028183239970812,0.8059743161913749,0.8086960088024667,0.8109776191065013,0.8128145331128697,0.8142033324663136,0.8151418175103696,0.8156290265121474,0.8156652510484454,0.8152520475532032,0.8143922450262897,0.8130899489036286,0.8113505410886593,0.8091806761451358,0.8065882736512607,0.8035825067151569,0.8001737866516737,0.7963737438205329,0.792195204625808,0.7876521646767413,0.7827597581098982,0.777534223072657,0.771992863368035,0.7661540062608521,0.7600369564452301,0.7536619461734286,0.7470500815460187,0.7402232849633904,0.7332042337385993,0.7260162948715482,0.7186834559845059,0.7112302524189623,0.7036816904938199,0.6960631669249214,0.688400384405916,0.6807192633504574,0.6730458497957446,0.6654062194673942,0.6578263780056505,0.6503321573529346,0.6429491083027267,0.635702389209785,0.6286166508617049,0.6217159175118107,0.6150234640733836,0.608561689475231,0.6023519861785877,0.5964146058553528,0.5907685212276693,0.5854312840688326,0.580418879365542,0.5757455756414834,0.5714237714422498,0.567463837981606,0.5638739579490765,0.5606599604788763,0.5578251522801834,0.5553701449287409,0.5532926783197933,0.5515874402823736,0.5502458823549046,0.549256031722157,0.5486022993135354,0.5482652840626976,0.5482215733285175,0.5484435394773828,0.5488991326268186,0.5495516695504689,0.5503596187443947,0.5512763816547132,0.5522500700665878
0.5744986269910264,0.5843664309344658,0.5942253900471504,0.604065287891872,0.613874542962802,0.6236403495318423,0.6333488146563961,0.642985091348551,0.6525335079056808,0.6619776934024618,0.6713006993443065,0.6804851174822114,0.6895131937890225,0.6983669385971162,0.7070282328974954,0.7154789308003037,0.723700958156753,0.731676407342469,0.7393876282022522,0.7468173151562545,0.753948590467572,0.7607650836712544,0.7672510071647292,0.7733912279596435,0.7791713355951203,0.7845777062124315,0.7895975627910866,0.7942190315463383,0.7984311944881032,0.8022241381412981,0.805588998427594,0.8085180017085841,0.8110045019903694,0.8130430142895597,0.8146292441606896,0.815760113385053,0.8164337818209507,0.8166496654153566,0.8164084503769969,0.8157121035108499,0.8145638787140557,0.8129683196332481,0.8109312584832978,0.8084598110274742,0.8055623677190219,0.8022485810041546,0.7985293487864633,0.7944167940527411,0.789924240660226,0.7850661852852553,0.7798582655333413,0.7743172242106581,0.7684608697569487,0.7623080328398443,0.7558785191106024,0.7491930581212597,0.7422732484032006,0.7351414987071441,0.727820965404542,0.7203354860503983,0.7127095091075021,0.7049680198320752,0.6971364623208391,0.6892406577194946,0.6813067185926204,0.6733609594549842,0.6654298034642743,0.6575396852752429,0.649716950055267,0.641987748661328,0.6343779289784028,0.6269129234192724,0.6196176325857491,0.6125163050913165,0.6056324135451859,0.598988526697772,0.5926061777475793,0.586505728809509,0.5807062315445799,0.5752252839510641,0.5700788833170437,0.5652812753343766,0.5608447993740807,0.5567797299231421,0.5530941141827248,0.5497936058278066,0.5468812949282281,0.5443575340311608,0.5422197604049819,0.5404623144445814,0.539076254238063,0.5380491662948839,0.5373649724353952,0.5370037328418032,0.5369414452705481,0.5371498404260987,0.5375961734961535,0.5382430118482799,0.5390480188879434,0.5399637340779674,0.5409373491194138
0.5800948349479825,0.5899622269070007,0.5998197867588684,0.6096563659176044,0.6194595097442996,0.6292155971577794,0.6389099764068933,0.6485270970044328,0.6580506378226765,0.6674636313505635,0.6767485841124932,0.6858875932487533,0.6948624592575765,0.7036547948988225,0.7122461302592905,0.7206180139796562,0.7287521106430387,0.7366302943251951,0.7442347383063406,0.7515480009445978,0.7585531077110746,0.765233629386567,0.7715737564198917,0.7775583694478458,0.7831731059767937,0.7884044232258811,0.7932396571318793,0.7976670775156537,0.8016759394102615,0.8052565305506776,0.8084002150251475,0.8110994730881663,0.8133479371350893,0.8151404238383658,0.816472962445403,0.8173428192380574,0.8177485181537522,0.8176898575682253,0.8171679232399017,0.8161850974158956,0.8147450640996391,0.8128528104801392,0.8105146245228619,0.8077380887222447,0.8045320700158348,0.800906705860058,0.7968733864676122,0.7924447332064906,0.787634573160631,0.7824579098521939,0.7769308901254682,0.7710707671924028,0.7648958598397688,0.7584255077979462,0.7516800232713401,0.7446806386304248,0.7374494502654132,0.7300093586015574,0.7223840042760731,0.7145977004766947,0.7066753614418559,0.6986424271224999,0.6905247840055149,0.6823486820987984,0.6741406480779515,0.6659273945945945,0.6577357257463173,0.649592438708254,0.6415242215262826,0.6335575470718583,0.6257185631584693,0.6180329788197227,0.6105259467490574,0.6032219419010846,0.5961446362545549,0.5893167697369568,0.5827600173107366,0.576494852221152,0.57054040540575,0.5649143210654729,0.5596326083973916,0.5547094894890692,0.5501572433745453,0.5459860462519607,0.5422038078627951,0.5388160040327397,0.5358255053741995,0.5332324021504199,0.5310338253012374,0.5292237636304724,0.5277928771549247,0.5267283066150228,0.5260134791470851,0.5256279101172109,0.525547001116805,0.5257418341197253,0.526178961801051,0.5268201940174987,0.5276223804494452,0.5285371894045826,0.5295108827832176
0.5857992545044334,0.5956660099481725,0.6055219293454237,0.6153549163205501,0.625151628549751,0.634897616107717,0.6445774559763144,0.6541748827153031,0.6636729152950848,0.673053980091483,0.6823000300425544,0.6913926599674319,0.7003132180471988,0.7090429134677949,0.7175629202249529,0.7258544770911681,0.7338989837446979,0.7416780930605933,0.7491737995637628,0.7563685240440655,0.7632451943334383,0.7697873222450523,0.7759790766745026,0.7818053528630281,0.787251837822763,0.7923050719240196,0.7969525066446049,0.8011825584811644,0.8049846590225606,0.8083493011852826,0.8112680816108849,0.8137337392254618,0.8157401899611477,0.8172825576396543,0.8183572010178359,0.8189617369952871,0.8190950599839723,0.8187573574398856,0.8179501215567438,0.8166761571217093,0.8149395855331445,0.8127458449803999,0.8101016867856303,0.8070151679076449,0.8034956396077879,0.7995537322778506,0.7952013364300152,0.7904515798488297,0.7853188009052153,0.7798185180325028,0.7739673953645035,0.7677832045356098,0.7612847826429271,0.7544919863704379,0.7474256422751974,0.7401074932355594,0.7325601410614352,0.724806985266583,0.7168721580029291,0.7087804551569202,0.7005572636079072,0.6922284846485611,0.6838204535673197,0.6753598553928654,0.6668736368006368,0.6583889141813668,0.6499328778716583,0.641532692546587,0.6332153937743361,0.6250077807328659,0.6169363050886093,0.6090269560372038,0.6013051415062521,0.5937955655201156,0.5865221017267366,0.5795076630864976,0.5727740677231055,0.5663419009365103,0.5602303733778583,0.5544571753864693,0.5490383274888536,0.5439880270597538,0.539318491145219,0.53503979544772,0.5311597094732792,0.527683527840644,0.5246138977524899,0.5219506426286544,0.5196905819013945,0.5178273469726963,0.516351193333587,0.5152488088455043,0.5145031181836842,0.5140930834425798,0.5139935009033196,0.5141747939631917,0.5146028022271499,0.5152385667613792,0.516038111508861,0.516952220866985,0.5179262134272005
0.5916379014120765,0.6015037303858072,0.6113576987280047,0.6211867428989719,0.6309766148700193,0.6407120191706211,0.6503767460982562,0.6599538010909316,0.6694255302623889,0.678773742099997,0.6879798253253252,0.6970248629174024,0.705889742298659,0.714555261683552,0.7230022325898743,0.7312115785127479,0.7391644297613001,0.746842214458024,0.754226745700821,0.76130030488773,0.7680457212043372,0.7744464472738708,0.7804866309699798,0.7861511833921957,0.7914258430040776,0.7962972359340424,0.8007529324388766,0.804781499529933,0.8083725497620116,0.8115167861849224,0.814206043457733,0.8164333251256997,0.8181928370598823,0.8194800170594422,0.8202915606166243,0.8206254428444223,0.8204809365669287,0.8198586265723664,0.8187604200288064,0.8171895530625671,0.8151505934992984,0.8126494397677485,0.8096933159662156,0.8062907630916821,0.8024516264316331,0.7981870391185586,0.7935094018471377,0.7884323587541092,0.7829707694608244,0.7771406772784824,0.7709592735760509,0.7644448583108701,0.7576167967219399,0.7504954721858906,0.7431022352356379,0.7354593487417208,0.7275899292563234,0.7195178845199818,0.7112678471309707,0.7028651043773787,0.6943355242318635,0.685705477509092,0.6770017561858646,0.668251487883921,0.6594820465154343,0.6507209590911817,0.6419958086914054,0.6333341335993548,0.6247633225975087,0.6163105064264887,0.6080024454066492,0.5998654132223549,0.5919250768689405,0.5842063727623551,0.5767333790114875,0.56952918385318,0.5626157502499212,0.5560137766502243,0.5497425539116907,0.543819818386752,0.5382616011711034,0.5330820735148133,0.5282933883961191,0.5239055182579131,0.5199260889069001,0.5163602095754444,0.5132102991461055,0.5104759085388509,0.5081535392609499,0.5062364581195654,0.5047145080970072,0.5035739153886901,0.5027970926037643,0.5023624381284284,0.502244131651935,0.502411925855273,0.5028309342625275,0.5034614152549434,0.5042585522476511,0.5051722300290835,0.5061468072630881
0.5976321313414251,0.6074966830718543,0.6173483256851097,0.6271730060549287,0.6369555495996216,0.6466797959881266,0.6563287310097027,0.665884614607259,0.6753291050743199,0.6846433794156265,0.6938082498713757,0.7028042766050947,0.7116118765551515,0.7202114284499032,0.7285833739864799,0.7367083151732042,0.74456710783565,0.7521409512863333,0.7594114741580438,0.7663608164008097,0.7729717074425015,0.77922754051307,0.7851124431324217,0.7906113437619311,0.795710034619589,0.8003952306587864,0.8046546247107359,0.8084769387905301,0.8118519715668338,0.8147706419952158,0.8172250291151154,0.8192084080104448,0.8207152819338298,0.8217414105944852,0.8222838346097273,0.8223408961201232,0.8219122555682756,0.8209989046412449,0.8196031753766073,0.8177287454321497,0.8153806395191995,0.8125652269995938,0.8092902156462822,0.8055646415675672,0.8013988552949811,0.7968045040347991,0.7917945100831887,0.7863830454049959,0.780585502376168,0.7744184606898115,0.7678996504258876,0.761047911284545,0.7538831479830868,0.7464262818165753,0.7386991983820733,0.7307246914665212,0.7225264030982507,0.7141287597621359,0.7055569047783783,0.696836626844932,0.6879942847435612,0.6790567282095374,0.6700512149649722,0.6610053239157834,0.6519468645123047,0.6429037822735222,0.6339040604749566,0.6249756180001763,0.6161462033559465,0.6074432848510196,0.5988939369385575,0.5905247227221908,0.5823615726257171,0.574429659226434,0.5667532682521061,0.5593556657415747,0.5522589613689964,0.5454839679317246,0.539050057001824,0.5329750107412198,0.5272748698804902,0.5219637778612872,0.517053821142396,0.5125548656694399,0.5084743895082059,0.504817311641618,0.501585816930343,0.49877917723703685,0.49639356871421697,0.4944218852557886,0.4928535481121849,0.49167431166916437,0.4908660653902337,0.49040663192270684,0.49026956136740585,0.49042392171199767,0.4908340854279532,0.4914595122311721,0.49225452800621283,0.4931680998941741,0.4941436075442215
0.6037988998834045,0.6136617672796013,0.6235106506044551,0.6333304823213576,0.6431051382233518,0.6528175717513762,0.6624499444774473,0.6719837527527807,0.6813999505208497,0.6906790682953843,0.6998013283033049,0.708746755792598,0.7174952865051275,0.7260268703143856,0.7343215710281817,0.742359662356269,0.7501217200429107,0.7575887101643821,0.7647420735914143,0.7715638066165738,0.7780365377465794,0.784143600659561,0.7898691033272538,0.7951979933021308,0.800116119169475,0.8046102881643895,0.8086683199537444,0.8122790965830643,0.815432608588352,0.8181199972728519,0.8203335931487503,0.8220669505438162,0.8233148783729772,0.824073467074837,0.824340111713128,0.8241135312431056,0.8233937839428768,0.822182279009671,0.8204817843210462,0.8182964303610353,0.8156317103112284,0.812494476306797,0.8088929318574525,0.8048366204333454,0.8003364102159024,0.7954044750136017,0.7900542713426857,0.7843005116728129,0.7781591338376478,0.7716472666103896,0.7647831914442382,0.7575863003777991,0.7500770501054261,0.7422769122125026,0.7342083195756618,0.7258946089279439,0.7173599595888922,0.7086293283595877,0.6997283805826214,0.6906834173670053,0.681521298978022,0.6722693643920115,0.6629553470160968,0.6536072865728482,0.6442534371498864,0.6349221714144206,0.6256418809927298,0.6164408730145788,0.6073472628225719,0.5983888628464503,0.58959306764232,0.5809867350968241,0.5725960637962502,0.5644464665605784,0.5565624401424643,0.5489674310911631,0.5416836977813917,0.534732168607127,0.5281322963403464,0.5219019086546993,0.5160570548141276,0.5106118485264142,0.5055783069616728,0.5009661859357851,0.4967828112587601,0.4930329062480414,0.48971841540675454,0.48683832426688906,0.48438847539741314,0.4823613805773443,0.48074602913373304,0.4795276924446072,0.47868772460684383,0.4782033592689787,0.47804750262896023,0.47818852259683786,0.47859003412238027,0.47921068068765565,0.48000391196452347,0.4809177576370753,0.48189459738902674
0.6101510169895066,0.6200117410395917,0.6298573776746197,0.639671818331633,0.6494379644506054,0.6591378603540055,0.6687528222929938,0.6782635636602549,0.6876503163694616,0.6968929484013758,0.7059710775165795,0.7148641811348435,0.7235517023811274,0.7320131522982146,0.7402282082259813,0.7481768083472983,0.7558392424005684,0.7631962385588956,0.7702290464758913,0.7769195164981101,0.783250175044124,0.7892042961502269,0.7947659691827752,0.7999201627171619,0.8046527845834229,0.8089507380784804,0.8128019743450166,0.8161955409169849,0.8191216264317512,0.8215716015088735,0.8235380557955102,0.8250148311784674,0.8259970511628764,0.8264811464175073,0.826464876486715,0.8259473476690203,0.8249290270623244,0.8234117527757567,0.8213987403081576,0.8188945850931948,0.8159052612111127,0.8124381162671171,0.8085018624363928,0.8041065636757552,0.7992636191019362,0.7939857425365041,0.7882869382174162,0.7821824726772071,0.7756888427878094,0.7688237399720088,0.761606010581534,0.7540556124417789,0.7461935675631595,0.7380419110191054,0.7296236359906836,0.7209626349778574,0.7120836371773791,0.7030121420273164,0.6937743489182122,0.6843970830708793,0.6749077175808281,0.6653340916293289,0.6557044248611077,0.6460472279286752,0.636391209203293,0.6267651776525672,0.6171979418846834,0.6077182053592707,0.5983544577649001,0.5891348625632199,0.5800871406997207,0.5712384504811369,0.5626152636194828,0.5542432374427201,0.54614708327206,0.5383504309659022,0.5308756896304028,0.5237439044966801,0.5169746099646532,0.5105856788135122,0.5045931675788271,0.4990111580962855,0.4938515952120653,0.48912412065984856,0.48483590310445795,0.48099146435213047,0.47759250172743195,0.4746377066168001,0.47212257917871586,0.47003923922052493,0.46837623324187094,0.4671183376447829,0.4662463581103858,0.4657369251422449,0.46556228577635067,0.465690091457733,0.46608318208370025,0.4666993662137383,0.4674911974460138,0.4684057469605252,0.4693843722288966
0.6166973958505304,0.6265554699142821,0.6363973235164537,0.6462057792316291,0.6559627382974356,0.6656493120012986,0.6752459492359623,0.6847325602237724,0.6940886364097265,0.7032933665232857,0.7123257488089528,0.7211646994256136,0.7297891570146435,0.7381781834367788,0.7463110606777504,0.7541673839226843,0.7617271507992661,0.7689708467896679,0.7758795268112421,0.7824348929659787,0.7886193684587262,0.7944161676841784,0.7998093624826249,0.8047839445644654,0.8093258841034894,0.8134221844989198,0.8170609333062216,0.8202313493366741,0.8229238259257069,0.8251299703700038,0.8268426395333663,0.8280559716213448,0.8287654141246337,0.82896774793123,0.8286611076073563,0.8278449978471507,0.8265203060911165,0.8246893113133412,0.8223556889774769,0.8195245121614857,0.8162022488511501,0.8123967554023475,0.8081172661720891,0.803374379318323,0.7981800387685024,0.7925475123569171,0.7864913661307911,0.7800274348251418,0.7731727885064085,0.7659456953848385,0.7583655807956448,0.7504529823489218,0.7422295012483316,0.7337177497785486,0.724941294961473,0.7159245983812071,0.7066929521777956,0.6972724112097315,0.6876897213852251,0.6779722441622382,0.6681478772172832,0.6582449712829849,0.6482922431544091,0.6383186848641531,0.6283534690262037,0.6184258503485547,0.6085650633145953,0.598800216033258,0.589160180257931,0.5796734775741401,0.5703681617559875,0.5612716972913617,0.5524108340759079,0.5438114782757643,0.5354985593590609,0.5274958932961874,0.5198260419288201,0.5125101685077158,0.5055678893992713,0.4990171219608432,0.49287392858483836,0.48715235691156206,0.48186427621083283,0.47701920993237007,0.4726241644249304,0.4686834538242184,0.4651985211095622,0.46216775532935256,0.45958630499523834,0.45744588764510474,0.4557345955747909,0.45443669773859524,0.4535324378185327,0.4529978284623567,0.45280444169035117,0.452919195470885,0.45330413646472034,0.45391621893810924,0.45470707984462905,0.4556228100757934,0.4566037218804379
0.6234432962138896,0.6332981702114142,0.6431356602542337,0.6529374915342675,0.662684538616322,0.6723569552755012,0.6819343005059825,0.691395660701162,0.7007197680051652,0.7098851148357272,0.718870064578438,0.7276529584523571,0.7362122185469939,0.7445264470306572,0.7525745215301709,0.7603356866819565,0.7677896418544857,0.7749166250420965,0.7816974929301798,0.7881137971317322,0.7941478565952763,0.7997828261841483,0.8050027614271529,0.8097926794405855,0.8141386160216231,0.8180276789130804,0.8214480972395346,0.8243892671148181,0.8268417934208772,0.8287975277579984,0.8302496025664039,0.831192461419212,0.8316218854867661,0.8315350161723317,0.8309303739191594,0.8298078731889161,0.8281688336114836,0.8260159873061244,0.8233534823740148,0.8201868825621457,0.8165231630985899,0.8123707026991387,0.8077392717453038,0.8026400166336871,0.7970854402967192,0.7910893788947642,0.7846669746795908,0.7778346450292132,0.770610047654098,0.7630120419747382,0.7550606466705951,0.7467769934004078,0.7381832766938703,0.7293027000146739,0.72015941799492,0.7107784748408987,0.7011857389102341,0.6914078334603988,0.681472063568594,0.6714063392229986,0.6612390945853844,0.650999203425099,0.6407158907244171,0.6304186404552566,0.6201370995272668,0.609900977907277,0.5997399449101204,0.5896835216608196,0.5797609697281396,0.5700011759295144,0.560432533307333,0.5510828182765966,0.5419790639439444,0.5331474295980451,0.5246130663713539,0.5163999790732412,0.5085308841944863,0.501027064083137,0.49390821729174,0.48719230509593564,0.4808953941844221,0.47503149552028656,0.46961239937369886,0.4646475065259865,0.4601436556450594,0.45610494683221126,0.45253256134028924,0.4494245774632308,0.44677578259695944,0.444577481471666,0.4428173005554312,0.44147898862924223,0.4405422135333604,0.4399823550850581,0.4397702941677301,0.4398721979913681,0.44024930152439157,0.44085768509687406,0.44164804817510683,0.44256547930754175,0.44354922224211496
0.6303905621394881,0.6402416466361049,0.6500741530265651,0.6598686804165509,0.6696050500736533,0.679262433657286,0.6888194776230768,0.6982544238017361,0.7075452261524011,0.7166696636904588,0.7256054495898443,0.7343303364598159,0.7428222177962094,0.7510592256071655,0.7590198242133377,0.7666829002225748,0.7740278486790814,0.7810346553870544,0.7876839754087973,0.7939572077373108,0.7998365661433606,0.8053051461970221,0.8103469884637005,0.8149471378746312,0.8190916992718534,0.8227678891276629,0.8259640834385403,0.8286698617935581,0.8308760476172614,0.8325747445870302,0.833759369224913,0.8344246796639423,0.8345668005889237,0.8341832443517038,0.8332729282609131,0.8318361880461882,0.8298747874968679,0.8273919242751702,0.8243922319038413,0.8208817779282858,0.8168680582531709,0.8123599876535095,0.8073678864602183,0.8019034634201546,0.7959797947306284,0.7896112992483928,0.7828137098731099,0.7756040411052946,0.7680005527787351,0.7600227099673896,0.7516911390667612,0.7430275800497481,0.7340548348969723,0.724796712201583,0.7152779679485399,0.7055242424683708,0.6955619935654068,0.6854184258204954,0.6751214160681888,0.6646994350484104,0.654181465232598,0.6435969148243229,0.6329755279343875,0.6223472909303973,0.6117423349608143,0.6011908346534802,0.5907229029886245,0.5803684823463443,0.5701572317285597,0.5601184101554534,0.5502807562363792,0.5406723639152511,0.5313205543904093,0.522251744208963,0.5134913095356085,0.5050634465959261,0.49699102829415354,0.48929545700543486,0.4819965135425489,0.47511220229711015,0.46865859255525305,0.4626496559877863,0.45709710031482625,0.45201019914491547,0.4473956179886024,0.44325723644650844,0.4395959665718726,0.4364095674075694,0.4336924556975998,0.43143551277307496,0.42962588761265064,0.4282467960774649,0.4272773163205376,0.4266921803706484,0.4264615618906972,0.4265508601105384,0.4269204799342826,0.4275256082220986,0.4283159862464687,0.4292356783229253,0.43022283661528543
0.6375378541941754,0.6473845243816655,0.6572113919370403,0.6669979014590931,0.6767227945749318,0.6863642365033863,0.6958999387965406,0.7053072782593877,0.7145634120476088,0.7236453889434757,0.732530256809877,0.7411951662224677,0.7496174702799426,0.7577748205924337,0.7656452594480303,0.7732073081574233,0.780440051576674,0.7873232188081042,0.7938372600793122,0.7999634198003115,0.8056838057987931,0.8109814547335115,0.8158403936857939,0.8202456979291743,0.82418354487715,0.8276412642090614,0.8306073841740976,0.833071674073423,0.8350251829204284,0.8364602742791076,0.837370657280554,0.8377514138175852,0.8375990219174858,0.8369113752928801,0.835687799070723,0.8339290616994178,0.8316373830340559,0.8288164385997815,0.8254713600332789,0.8216087317023835,0.8172365835038168,0.8123643798390453,0.8070030047682618,0.8011647433424921,0.7948632591138235,0.7881135678237585,0.780932007269691,0.7733362033495059,0.7653450322843051,0.7569785790192519,0.748258091802545,0.739205932942511,0.7298455257428249,0.7202012976158498,0.7102986193741043,0.7001637406998508,0.6898237217928084,0.6793063611959899,0.6686401197996614,0.657854041023426,0.6469776671764318,0.6360409519957019,0.6250741693625903,0.6141078181973577,0.6031725235318774,0.5922989337604558,0.5815176140687858,0.5708589360410173,0.5603529634449532,0.5500293341953714,0.5399171384954661,0.5300447931564162,0.5204399120950768,0.5111291730097925,0.5021381802343348,0.493491323769966,0.4852116344956235,0.4773206355562271,0.4698381899291156,0.4627823441685981,0.45616916832863813,0.45001259206365435,0.44432423690744605,0.4391132447302516,0.434386102373915,0.43014646246518395,0.42639496040713626,0.42312902754872356,0.42034270053243455,0.41802642682009944,0.416166866396792,0.41474668965287814,0.41374437144417864,0.413133981330251,0.41288496999080576,0.41296195182024126,0.4133244837002896,0.4139268399508162,0.4147177834587131,0.4156403329849248,0.41663152664961467
0.6448808760847704,0.6547224756591389,0.6645430184446478,0.6743207668281375,0.6840333571376952,0.6936579244803845,0.7031712237623119,0.7125497468910258,0.7217698361602533,0.7308077938169694,0.7396399878108038,0.74824295372578,0.7565934928943919,0.7646687666940142,0.772446387025647,0.7799045029749984,0.7870218836558981,0.7937779972360491,0.8001530861451135,0.8061282384651329,0.811685455503284,0.81680771554697,0.821479033801246,0.8256845185085795,0.8294104232509474,0.8326441954342658,0.8353745209551562,0.837591365050047,0.8392860093266087,0.8404510849775254,0.8410806021766009,0.8411699756571994,0.8407160464730219,0.8397170999412173,0.8381728797678288,0.8360845983555741,0.8334549432939627,0.8302880800317468,0.8265896507317074,0.822366769307776,0.81762801264449,0.8123834079987856,0.8066444165841224,0.8004239133369464,0.7937361628654853,0.7865967915808806,0.7790227560106538,0.7710323072945082,0.7626449518624654,0.7538814082953358,0.7447635603675276,0.7353144062721859,0.7255580040286712,0.7155194130723698,0.7052246320268416,0.6947005326583009,0.6839747900124339,0.67307580873355,0.6620326455660692,0.6508749280383432,0.639632769328813,0.6283366793145004,0.6170174718018355,0.6057061679398169,0.5944338958155126,0.5832317862318867,0.5721308646679709,0.561161939421365,0.5503554859330725,0.539741527294676,0.5293495109378418,0.5192081815061621,0.5093454499093344,0.49978825855967196,0.4905624427909504,0.48169258845959245,0.47320188572818345,0.4651119790313239,0.4574428132238183,0.4502124759111946,0.4434370359625655,0.43713037820581846,0.4313040343051401,0.4259670098208886,0.42112560745178146,0.4167832464594314,0.4129402782752139,0.40959379828947284,0.4067374538230507,0.4043612482811739,0.4024513414896446,0.40098984621339523,0.39995462085736405,0.3993190583497024,0.39905187120733016,0.39911687278381686,0.3994727546995902,0.400072860454505,0.40086495522272003,0.40179099182991884,0.40278687291288157
0.6524125957296514,0.6622484406655534,0.672061946193924,0.6818301659000585,0.6915296062121478,0.7011363494546555,0.7106261730888298,0.7199746651403514,0.7291573358141158,0.7381497252961512,0.746927507742673,0.7554665914562708,0.7637432152492344,0.7717340409940104,0.7794162423607995,0.7867675897422848,0.7937665313654975,0.8003922705908166,0.8066248393981065,0.8124451680599858,0.8178351510022356,0.8227777088513396,0.8272568466691628,0.8312577083747619,0.8347666273533348,0.837771173252302,0.8402601949645252,0.8422238597986615,0.8436536888366514,0.844542588478343,0.8448848781732516,0.8446763143394548,0.8439141104696215,0.8425969534241777,0.8407250159116083,0.8382999651558907,0.8353249677510676,0.831804690702953,0.827745298657975,0.8231544473191508,0.8180412730492014,0.8124163786607977,0.8062918153939447,0.7996810610804987,0.7925989944958219,0.7850618658975709,0.777087263751621,0.768694077645125,0.7599024573867099,0.7507337682938051,0.7412105426671088,0.7313564274521883,0.7211961280882172,0.7107553485438447,0.7000607275402041,0.6891397709610536,0.6780207804500545,0.6667327781951828,0.6553054279002777,0.6437689519437242,0.6321540447242726,0.6204917821939908,0.6088135275783548,0.5971508332834712,0.5855353389904404,0.5739986659368463,0.5625723073853914,0.5512875152796608,0.5401751830870202,0.5292657248286571,0.5185889502967491,0.5081739364587707,0.49804889504893657,0.4882410363467787,0.47877642914285756,0.4696798568916128,0.4609746700513436,0.45268263461132974,0.44482377680608454,0.4374162240167422,0.4304760418595866,0.42401706746170714,0.4180507389237927,0.4125859209700696,0.4076287267853602,0.40318233603928383,0.399246809097597,0.39581889742066434,0.39289185014906003,0.39045521687632206,0.3884946466088148,0.38699168291275127,0.385923555248341,0.3852629664910684,0.3849778766401161,0.385031282713921,0.38538099483285054,0.3859794084890466,0.3867732730033721,0.3877034561695049,0.3887047050851817
0.6601234607689329,0.6699528429909118,0.6797585762848707,0.6895164803283671,0.6992019084495237,0.7087898688384808,0.7182551419513962,0.7275723941069875,0.7367162872756231,0.7456615850609575,0.7543832548741106,0.7628565663003953,0.771057185658589,0.77896126675275,0.7865455378165818,0.7937873846503399,0.800664929950287,0.8071571088306914,0.8132437405383722,0.8189055963597907,0.8241244637206844,0.8288832064782504,0.8331658214058717,0.8369574908703891,0.8402446317019204,0.8430149402562238,0.845257433669606,0.8469624873063779,0.8481218683988552,0.8487287658799024,0.8487778164080257,0.848265126585009,0.8471882913660963,0.8455464086627197,0.8433400901377723,0.8405714681934282,0.8372441991515049,0.8333634626263755,0.8289359570904227,0.82396989163204,0.8184749739061788,0.81246239427744,0.8059448061557113,0.7989363025243507,0.7914523886609149,0.7835099510504346,0.7751272224912319,0.7663237433932871,0.7571203192691496,0.7475389744173927,0.7376029017986174,0.7273364091039977,0.7167648610163753,0.7059146176638963,0.6948129692661961,0.6834880669731282,0.6719688498960403,0.6602849683315936,0.6484667031781286,0.6365448815445777,0.6245507885519219,0.6125160753271927,0.6004726631900216,0.5884526440317314,0.576488176886979,0.5646113806979353,0.5528542232710199,0.5412484064261752,0.5298252473386853,0.5186155560735469,0.5076495093123792,0.49695652027288173,0.48656510482083853,0.47650274377466695,0.466795741402511,0.457469080111883,0.4485462713318483,0.44004920258775493,0.4319979807685135,0.42441077158641505,0.4173036352295023,0.41069035820648114,0.4045822813841759,0.3989881242175433,0.3939138051722123,0.3893622583395813,0.3853332462444626,0.3818231688452676,0.37882486872673254,0.3763274324852093,0.37431598830647184,0.372771499736096,0.3716705556423704,0.3709851563717534,0.37068249609688114,0.3707247413571208,0.37106880579165347,0.37166612106513447,0.37246240398586766,0.3733974198165367,0.3744047417774965
0.668001608513199,0.6778237994638872,0.6876210069826078,0.6973677935531917,0.7070383379181511,0.7166065543923096,0.7260462083750154,0.7353310280609396,0.7444348123494569,0.7533315349526115,0.7619954447016646,0.7704011620522287,0.7785237717879827,0.7863389119229721,0.7938228588024933,0.8009526084025606,0.807705953827958,0.8140615590088739,0.8199990285961203,0.8254989740549347,0.8305430759573665,0.8351141424732477,0.839196164059746,0.8427743643495028,0.8458352472373537,0.8483666401656346,0.850357733608069,0.8517991167522422,0.8526828093806561,0.8530022899503703,0.8527525198712246,0.8519299639826478,0.8505326072290476,0.8485599675337868,0.8460131048717413,0.8428946265404427,0.8392086886298045,0.834960993690432,0.8301587846005158,0.8248108346313104,0.8189274337111929,0.812520370888311,0.805602912991809,0.7981897794916422,0.7902971135569711,0.7819424493131439,0.7731446752972578,0.7639239941123066,0.7543018782799141,0.7443010222916457,0.7339452908589097,0.7232596633614383,0.7122701744943545,0.7010038511138207,0.6894886452812743,0.6777533635062426,0.665827592187746,0.6537416192542822,0.6415263520023938,0.6292132311338224,0.616834140991243,0.6044213159925843,0.5920072432639342,0.5796245614710227,0.5673059558492988,0.5550840494325795,0.5429912904802923,0.5310598361032965,0.5193214320882876,0.5078072889207899,0.49654795400672785,0.48557318009258366,0.4749117898841395,0.46459153686380145,0.4546389623065064,0.44507924849421765,0.4359360681289987,0.4272314299446731,0.4189855205170686,0.4112165422728434,0.403940547696899,0.39717126973837324,0.39091994841521593,0.3851951536173601,0.3800026041084598,0.37534498272622024,0.37122174778131384,0.36762894065488005,0.36455898959459687,0.36200050970936004,0.359938099162515,0.358352131563701,0.35721854455926366,0.3565086246212513,0.3561887880350035,0.3562203580853183,0.3565593384411921,0.35715618273917216,0.35795556036526216,0.35889611843542346,0.35991023997467375
0.6760330703308185,0.6858473244362503,0.6956352378667873,0.7053700947532584,0.7150248797672459,0.7245723954831865,0.7339853759457379,0.7432365964424098,0.7522989794814615,0.7611456969750631,0.7697502686277219,0.7780866565299737,0.7861293559573407,0.7938534823745523,0.8012348546450331,0.8082500744456529,0.8148766018867449,0.8210928273373878,0.826878139455952,0.8322129894259123,0.837078951396924,0.8414587791311665,0.8453364588549491,0.8486972583155837,0.8515277720435221,0.8538159628197581,0.8555511993484949,0.8567242901350776,0.85732751356919,0.8573546442133178,0.8568009752964754,0.8556633374131988,0.8539401134278033,0.8516312495839055,0.8487382628192113,0.8452642442855689,0.8412138590742857,0.8365933421467117,0.8314104904700871,0.8256746513586549,0.8193967070200393,0.8125890553068881,0.805265586673781,0.7974416573394021,0.7891340586539786,0.7803609826719836,0.7711419839301038,0.7614979374304736,0.7514509928291718,0.7410245248299867,0.7302430797834428,0.719132318491095,0.7077189552150868,0.6960306928929731,0.6840961545578099,0.6719448109635063,0.6596069044154439,0.6471133688063605,0.634495745857498,0.6217860975650166,0.6090169148516731,0.5962210224237652,0.58343147983334,0.5706814787456662,0.558004236411977,0.5454328853474693,0.5330003592145753,0.5207392749114969,0.5086818108660014,0.49685958153449017,0.4853035081063247,0.47404368541342046,0.4631092450451082,0.452528214668257,0.4423273735526624,0.4325321043017029,0.42316624078825765,0.41425191229589137,0.40580938386530446,0.39785689284604536,0.3904104816534929,0.3834838267310991,0.37708806371789544,0.37123160882127726,0.3659199763950338,0.3611555927226551,0.3569376060059038,0.35326169255865114,0.35011985920596966,0.347500241888511,0.34538690047211945,0.3437596097627395,0.34259364672657205,0.3418595739154963,0.3415230190977639,0.341544451093956,0.34187895181819117,0.34247598452462824,0.3432791582592047,0.34422598851664993,0.3452476541027795
0.6842019704738297,0.6940075285060154,0.703785368420755,0.7135074772403592,0.7231456283384171,0.7326714967993374,0.7420567709904894,0.7512732603469493,0.7602929993688434,0.7690883478312975,0.7776320872069843,0.785897513301275,0.7938585250999907,0.8014897098297568,0.8087664242309577,0.8156648720432945,0.822162177703944,0.8282364562583173,0.8338668794834244,0.8390337382238349,0.8437185009402453,0.8479038684706448,0.8515738250040835,0.8547136852670444,0.8573101379224122,0.8593512851810484,0.8608266786259662,0.8617273512491064,0.8620458457007163,0.861776238751329,0.8609141619663448,0.859456818593215,0.8574029966612252,0.8547530782938835,0.8515090452339068,0.8476744805808115,0.8432545667411037,0.8382560795910731,0.8326873788521866,0.8265583946790847,0.8198806104601797,0.8126670418308537,0.8049322118992617,0.7966921226847313,0.7879642227687699,0.7787673711586683,0.7691217973637102,0.7590490576839783,0.7485719877117687,0.7377146510456002,0.7265022842168297,0.7149612378288681,0.703118913908997,0.6910036994727867,0.6786448963011183,0.666072646929805,0.6533178568518152,0.6404121129320999,0.6273875980350169,0.6142770018643616,0.6011134280159963,0.5879302972430823,0.5747612469339136,0.5616400268023507,0.5486003907908604,0.5356759851861498,0.5229002329474103,0.5103062142471575,0.49792654322467317,0.48579324095205306,0.4739376046128515,0.4623900728933293,0.45118008758630423,0.44033595140760307,0.42988468202511226,0.4198518623004354,0.41026148674314783,0.40113580417765443,0.39249515662265083,0.3843578143831813,0.3767398073553055,0.3696547525433604,0.36311367778982334,0.35712484171778935,0.3516935498860311,0.34682196715667124,0.3425089262754578,0.33874973266463926,0.33553596542843295,0.3328552745711164,0.33069117442768853,0.3290228333071639,0.32782485934845135,0.3270670825888341,0.32671433324506,0.3267262162070301,0.3270568817440754,0.3276547924238661,0.3284624862438895,0.32941633597554326,0.33044630472084463
0.6924907193423958,0.7022868116793071,0.7120537910604615,0.7217623312963073,0.7313829797248896,0.7408862705209108,0.7502428342253953,0.7594235034959547,0.768399415077659,0.7771421079945081,0.7856236179615076,0.7938165680173473,0.8016942553776831,0.8092307345090197,0.8164008964231997,0.8231805441924921,0.8295464646852863,0.8354764965223882,0.8409495942539186,0.8459458887568149,0.8504467438529367,0.8544348091477725,0.8578940690897514,0.8608098882501554,0.8631690528236372,0.8649598083493386,0.8661718936526135,0.8667965710073524,0.8668266525189116,0.8662565227276438,0.8650821574330315,0.8633011387384255,0.8609126663163832,0.8579175648946131,0.8543182879625186,0.8501189176983486,0.8453251611169476,0.8399443424381116,0.8339853916755443,0.8274588294464186,0.8203767480015389,0.8127527884761084,0.8046021143610976,0.7959413811952166,0.7867887024774901,0.7771636118004355,0.7670870212038438,0.7565811757491634,0.7456696043144865,0.7343770666101395,0.7227294964148748,0.7107539410326676,0.6984784969701129,0.6859322418344274,0.6731451624520544,0.6601480792078703,0.6469725666049955,0.633650870045207,0.6202158188299541,0.6067007353819786,0.5931393406875356,0.5795656559592183,0.5660139005193869,0.5525183859041974,0.5391134061882381,0.5258331245297619,0.5127114559365303,0.49978194625225364,0.48707764736363407,0.47463098862801906,0.46247364452164863,0.45063639850850995,0.4391490031297962,0.4280400363139648,0.4173367539074,0.4070649384256809,0.3972487440254479,0.38791053769687567,0.3790707366767476,0.3707476420821325,0.36295726876466655,0.3557131713854357,0.3490262667104583,0.34290465212678517,0.33735342037918103,0.33237447052742153,0.32796631512419494,0.32412388361360306,0.3208383219502575,0.3180967884390018,0.31588224579520213,0.3141732494256741,0.3129437319301941,0.31216278382361473,0.3117944304785911,0.31179740528890576,0.3121249190533843,0.3127244255804448,0.3135373835132168,0.31449901437527633,0.31553805683699954
0.700880201187832,0.7106660509709483,0.7204213786031239,0.7301155314523837,0.7397178187784433,0.7491976229468823,0.7585245068725933,0.7676683176925083,0.7765992866675968,0.7852881253141439,0.7937061177643009,0.801825209355914,0.8096180914516257,0.817058282487256,0.8241202052494543,0.8307792603826318,0.8370118961251655,0.8427956742748816,0.8481093323838106,0.8529328421822221,0.8572474642319314,0.8610357988088856,0.8642818330150219,0.8669709841194041,0.8690901391286332,0.8706276905865341,0.8715735686031189,0.8719192691128244,0.8716578783620262,0.8707840936258285,0.8692942401541283,0.8671862843469575,0.8644598431590984,0.8611161897339767,0.8571582552668289,0.8525906270971457,0.8474195430303916,0.8416528818889993,0.8353001502926409,0.8283724656677737,0.820882535486461,0.8128446327344723,0.8042745676086537,0.7951896554435781,0.78560868086747,0.7755518581874052,0.7650407880037866,0.7540984100540954,0.74274895228592,0.7310178761592565,0.7189318181780892,0.7065185276512433,0.6938068006825167,0.6808264103900828,0.6676080333551747,0.6541831723000398,0.6405840749951733,0.6268436493958268,0.6129953750077911,0.5990732104824569,0.585111497441149,0.5711448605287379,0.5572081036965266,0.5433361027144111,0.5295636939123218,0.5159255591509322,0.5024561070216521,0.489189350275892,0.47615877948360075,0.4633972329210855,0.45093676268810157,0.43880849705421976,0.4270424990344713,0.41566762119426504,0.4047113566835825,0.3941996865004486,0.38415692298367754,0.37460554953489333,0.3655660565698291,0.3570567736988972,0.3490936981370405,0.3416903193428557,0.33485743988698874,0.32860299254982206,0.3229318536484139,0.31784565259272884,0.31334257767114293,0.30941717806522195,0.3060601620937684,0.3032581916861649,0.30099367308496294,0.29924454377777504,0.2979840556584296,0.29718055441739805,0.29679725516150895,0.2967920142629324,0.2971170974374255,0.2977189440518891,0.2985379276611627,0.29950811277411005,0.3005570078489958
0.7093499562542116,0.7191247824437761,0.7288676661756451,0.7385466182112802,0.7481297005640775,0.7575851355781188,0.7668814112455477,0.7759873827625651,0.784872370324055,0.7935062531568287,0.8018595597914971,0.8099035545729633,0.8176103204095424,0.8249528377607027,0.8319050598634331,0.8384419841972325,0.844539720187724,0.8501755531488935,0.8553280044639513,0.8599768880048181,0.8641033627902353,0.8676899818824988,0.8707207375228166,0.8731811025052912,0.8750580677895243,0.8763401763518478,0.8770175532751762,0.8770819320774855,0.8765266772789135,0.8753468032074866,0.8735389890434674,0.8711015901023305,0.8680346453563575,0.8643398811948605,0.8600207114230254,0.8550822334993826,0.8495312210118988,0.8433761123926955,0.8366269958713889,0.829295590667056,0.821395224418822,0.8129408068550751,0.8039487997013018,0.7944371828265484,0.7844254166285058,0.773934400657218,0.7629864284774145,0.7516051387694677,0.7398154626689725,0.7276435673449514,0.7151167958166829,0.7022636030091534,0.6891134880471348,0.6756969227878831,0.6620452765924635,0.6481907373356992,0.6341662286547424,0.6200053234362712,0.6057421535423093,0.5914113157746699,0.577047774078024,0.5626867579815921,0.5483636572794601,0.5341139129495184,0.519972904311028,0.5059758324208045,0.49215759970803286,0.47855268584770216,0.465195019872663,0.45211784852431525,0.43935360084191155,0.4269337489904907,0.4148886653274324,0.4032474757076375,0.39203790902732844,0.38128614300648056,0.37101664620987024,0.3612520163067502,0.352012814569151,0.3433173966088,0.3351817393526725,0.32761926425716026,0.3206406567608627,0.3142536819760166,0.3084629966185293,0.3032699571766447,0.2986724243182405,0.2946645635367405,0.29123664203564664,0.28837482185171676,0.2860609492167314,0.2842723401579187,0.2829815623369851,0.2821562131277691,0.28175869393252934,0.2817459807368516,0.2820693909031664,0.28267434620292275,0.28350013208735175,0.2844796531968678,0.28553918510910903
0.7178783573585343,0.7276413776866707,0.7373710275627738,0.7470339742115205,0.7565970262623792,0.7660272406565984,0.7752920258028424,0.7843592409814765,0.7931972919975028,0.8017752230821432,0.8100628050430748,0.8180306196633115,0.825650140348737,0.8328938090242857,0.8397351092787749,0.8461486357583847,0.8521101598087867,0.8575966913659248,0.862586537095442,0.8670593547807588,0.870996203959801,0.874379592810375,0.8771935212841935,0.8794235204895519,0.881056688322651,0.8820817213475727,0.8824889429249013,0.8822703275889973,0.8814195216739185,0.8799318601879914,0.877804379937032,0.8750358288962147,0.8716266718305927,0.8675790921642659,0.8628969900981985,0.8575859769766873,0.8516533659024762,0.8451081586005249,0.8379610285304218,0.8302243002474496,0.8219119250122991,0.813039452649433,0.8036239996540973,0.7936842135479839,0.7832402334835425,0.772313647096941,0.7609274436096743,0.7491059631788248,0.7368748424959713,0.7242609566347458,0.7112923571470426,0.6979982064078729,0.6844087082088731,0.6705550346004578,0.656469248982627,0.6421842254444182,0.6277335643520109,0.613151504185479,0.5984728296241929,0.5837327758808709,0.5689669292842803,0.5542111241105875,0.5395013356633572,0.5248735696022007,0.5103637475200764,0.4960075887692335,0.4818404885358124,0.46789739216308984,0.45421266572337143,0.4408199628385425,0.4277520877492576,0.4150408546327844,0.4027169431694993,0.3908097503580275,0.3793472385790346,0.36835577990766866,0.3578599966746496,0.34788259827600915,0.3384442142314804,0.32956322349153466,0.32125557999307036,0.3135346344637505,0.3064109524749837,0.2998921287435712,0.29398259768198143,0.2886834401972866,0.28399218673874904,0.27990261659405485,0.2764045534341891,0.2734836571069818,0.2711212116792712,0.2692939097277469,0.26797363287842696,0.2671272285947827,0.26671628321452256,0.2666968912350202,0.2670194208473799,0.26762827571918313,0.26846165302584835,0.2694512977306571,0.270522253113442
0.7264427809094726,0.7361932147313105,0.7459088459950218,0.7555549948343809,0.76509721351962,0.774501391160791,0.7837338546704783,0.7927614659858636,0.8015517155501406,0.8100728120532806,0.8182937684321506,0.8261844841299802,0.8337158236151816,0.8408596911595185,0.8475891018756274,0.8538782490138899,0.8597025675186549,0.8650387938438125,0.8698650220277195,0.874160756027474,0.8779069583125424,0.8810860947177381,0.8836821755555486,0.8856807929878165,0.8870691546567687,0.8878361135753995,0.8879721942772013,0.8874696152252497,0.8863223074806373,0.8845259296302588,0.8820778789739478,0.8789772989709641,0.8752250829458318,0.8708238740535287,0.865778061504027,0.8600937730461836,0.8537788637109829,0.8468429008141299,0.8392971452179945,0.831154528852906,0.8224296284977995,0.8131386358202136,0.8032993236756368,0.792931008666208,0.7820545099587658,0.7706921043622493,0.7588674776644503,0.7466056722281156,0.7339330308464016,0.7208771368576781,0.707466750519685,0.6937317416430384,0.6797030184840888,0.6654124528971287,0.6508928017459533,0.6361776245747708,0.6213011975384636,0.6062984235922012,0.5912047389404037,0.5760560157450554,0.5608884610933716,0.5457385122248142,0.5306427280174592,0.5156376767337136,0.5007598200253893,0.4860453931981165,0.47153028173512046,0.4572498940803426,0.44323903068091,0.42953174928896526,0.4161612265228374,0.4031596156875694,0.3905579008547951,0.3783857472019679,0.3666713476109372,0.3554412655258824,0.34472027407059025,0.3345311914250879,0.3248947124616274,0.31582923664001616,0.30735069216230515,0.29947235638682274,0.29220467250155796,0.28555506245690904,0.2795277361577616,0.2741234969149294,0.26933954315594943,0.26516926639522254,0.2616020454634993,0.2586230369967388,0.2562129621842831,0.2543478897764172,0.25299901535126185,0.252132436841017,0.25170892631756525,0.251683698037422,0.25200617274602355,0.2526197382413974,0.25346150619715135,0.25446206524482445,0.25554523031560594
0.7350197723646901,0.7447568434076504,0.7544576793763311,0.764086253253298,0.7736068612455652,0.7829842252571997,0.7921835916326557,0.8011708261708307,0.8099125054098496,0.8183760041825728,0.8265295794428319,0.8343424503623882,0.8417848746986194,0.8488282214329306,0.8554450396798907,0.8616091238670949,0.8672955751857526,0.8724808593120013,0.8771428603989447,0.8812609313394186,0.8848159402994803,0.8877903135226247,0.8901680744047253,0.8919348788397022,0.8930780468359133,0.8935865904032736,0.893451237711098,0.8926644535166715,0.8912204558645432,0.8891152290565476,0.8863465328925496,0.8829139081819171,0.8788186785257177,0.8740639483696419,0.8686545973276506,0.86259727077635,0.8559003667200902,0.8485740189267915,0.8406300763344936,0.8320820787286333,0.8229452286900449,0.813236359813689,0.8029739011981045,0.7921778382055876,0.7808696694930956,0.7690723603138775,0.7568102920898284,0.7441092082545704,0.7309961563672599,0.7174994264971183,0.7036484858786914,0.6894739098378314,0.6750073089884058,0.6602812526997315,0.6453291888347361,0.6301853597588417,0.6148847146195773,0.5994628178969147,0.5839557542243311,0.568400029480597,0.5528324681522895,0.5372901069670312,0.5218100847974557,0.5064295288358952,0.49118543703980067,0.4761145568478781,0.46125326016695906,0.44663741462959267,0.4323022511223603,0.41828222758492506,0.4046108890797964,0.39132072413282554,0.37844301734442853,0.36600769827152946,0.35404318658023193,0.3425762334692187,0.3316317593638724,0.32123268788112364,0.311399776065027,0.3021514408930567,0.29350358205313604,0.2854694009913858,0.27805921623059554,0.2712802749594385,0.2651365608923866,0.25962859840036506,0.2547532529121365,0.2505035275864026,0.24686835625462755,0.24383239263460868,0.24137579581473725,0.2394740120090196,0.2380975525828058,0.2372117683492419,0.2367766201364595,0.23674644562548558,0.23706972245886293,0.23768882762003146,0.23853979308339804,0.23955205773514704,0.2406482155647916
0.7435852061267293,0.7533081451381176,0.7629934199514907,0.7726036599257653,0.7821019088589994,0.7914517252080593,0.8006172785910511,0.809563442572523,0.8182558837314324,0.8266611470118842,0.834746737356632,0.842481197623352,0.8498341827836814,0.856776530405024,0.8632803274151267,0.8693189731494199,0.8748672386811283,0.8799013224341478,0.8843989020786909,0.8883391827096994,0.8917029413080243,0.8944725674843745,0.8966321005060324,0.8981672626063362,0.8990654885769328,0.8993159516427945,0.898909585620007,0.8978391033563212,0.8960990114544778,0.8936856212782934,0.8905970562415196,0.8868332553794668,0.8823959732033962,0.8772887758376798,0.871517033439729,0.8650879089026873,0.8580103428408953,0.8502950348581209,0.8419544210985562,0.8330026480805848,0.823455542813314,0.8133305791958768,0.8026468406994997,0.7914249793323398,0.779687170887089,0.7674570664713453,0.7547597403207517,0.741621633894904,0.7280704962560253,0.7141353207304074,0.6998462778526228,0.6852346445924997,0.6703327298648696,0.6551737963220782,0.6397919784292679,0.6242221968224242,0.6085000689491927,0.592661815992463,0.5767441660767182,0.5607842537571552,0.544819515791571,0.5288875831950156,0.5130261695772169,0.4972729557627644,0.48166547069407406,0.4662409686171053,0.4510363025498589,0.4360877940336353,0.4214310991670598,0.40710107092288306,0.39313161774753946,0.37955555844348,0.36640447333427006,0.35370855171245646,0.34149643557019765,0.32979505961267,0.31862948755423254,0.30802274469736557,0.2979956467943749,0.2885666251918621,0.27975154825796644,0.27156353909237074,0.26401278951907237,0.25710637036193607,0.250848038002995,0.24523803722352858,0.24027290032791257,0.23594524255023197,0.2322435537436543,0.22915198635259318,0.2266501396676052,0.22471284036308722,0.22330991931772556,0.222405984717709,0.2219601914427226,0.2219260067347018,0.222250972149342,0.2228764617904084,0.2237374368267791,0.22476219629226724,0.225872124168231
0.7521144398774756,0.7618224871705334,0.7714914484133059,0.7810826165277206,0.7905577899809739,0.7998793707351959,0.809010458492588,0.8179149412360286,0.8265575820651483,0.8349041023278754,0.8429212610474488,0.8505769306449031,0.8578401689570219,0.8646812875497588,0.8710719163271318,0.8769850644355827,0.8823951774638101,0.8872781909380691,0.8916115801129412,0.8953744060575736,0.8985473580373889,0.901112792191263,0.9030547665041728,0.9043590720753141,0.9050132606816874,0.9050066686371561,0.9043304369469696,0.9029775277577605,0.9009427371030084,0.8982227039439744,0.8948159155061044,0.8907227089109018,0.8859452691032714,0.8804876230743294,0.8743556303796868,0.8675569699531985,0.8601011232161849,0.8519993534821217,0.8432646816567982,0.8339118582339475,0.8239573315863429,0.8134192125523676,0.8023172353180505,0.7906727145945734,0.778508499091246,0.765848921283954,0.752719743479071,0.7391481001728447,0.7251624367062514,0.7107924442153173,0.6960689908769135,0.6810240494500172,0.6656906211124441,0.6501026555930487,0.634294967599396,0.6183031495409013,0.6021634805474401,0.5859128317834263,0.5695885680573626,0.5532284457268561,0.5368705068991085,0.5205529699268707,0.504314116199871,0.48819217323170916,0.47222519404222496,0.4564509328353284,0.44090671697230793,0.4256293152406039,0.4106548024180475,0.3960184201325801,0.3817544340174302,0.36789598716176664,0.35447494985682054,0.3415217656374756,0.32906529361932585,0.3171326471312088,0.3057490286432022,0.29493756099009133,0.28471911489031076,0.2751121327603469,0.26613244882461873,0.2577931055208228,0.2501041662007436,0.24307252412655198,0.23670170776254734,0.23099168236238432,0.22593864785176945,0.22153483300662585,0.21776828592671532,0.21462266080475853,0.21207700099098592,0.21010551835319194,0.2086773689322437,0.2077564248930547,0.20730104277104125,0.20726382801404167,0.20759139581969002,0.20822412826829695,0.20909592775116023,0.21013396669436077,0.21125843357804344
0.7605824633511885,0.7702748712497537,0.7799267824495162,0.7894981643304255,0.798949580575766,0.8082422868400434,0.8173383227256958,0.8262006000686226,0.834792987532537,0.8430803915121381,0.8510288333451055,0.858605522832914,0.86577892807047,0.8725188415845689,0.8787964427811744,0.8845843567015171,0.8898567090870171,0.8945891777530247,0.898759040271385,0.9023452179618219,0.9053283161921438,0.9076906609872708,0.9094163319470828,0.9104911914730889,0.9109029103039171,0.9106409893596277,0.9096967778948439,0.9080634879607077,0.9057362051756545,0.9027118958050092,0.8989894101494037,0.8945694822420166,0.8894547258546321,0.8836496268125218,0.8771605316181466,0.8699956323836803,0.8621649480723544,0.8536803020486239,0.8445552959371542,0.8348052797906296,0.8244473185663823,0.8135001549118435,0.8019841682588141,0.7899213302265597,0.7773351563337222,0.7642506540190573,0.7506942669709894,0.7366938157659898,0.7222784348157761,0.7074785056233316,0.6923255863477468,0.6768523376778811,0.6610924450148483,0.6450805369633185,0.6288521001316466,0.6124433902408178,0.5958913395422168,0.5792334605442174,0.5625077460475919,0.545752565489744,0.5290065575977619,0.5123085193502925,0.49569729124823636,0.4792116388942631,0.4628901308811537,0.44677101298895294,0.4308920786909543,0.41529053596850096,0.400002870434604,0.38506470476639215,0.37051065444637254,0.3563741798125175,0.3426874344171732,0.32948110969478644,0.3167842759384537,0.3046242195852948,0.29302627681064203,0.28201366343105405,0.27160730111615156,0.26182563990926977,0.25268447705693897,0.2441967721471796,0.23637245855661804,0.22921825120643813,0.2227374506271316,0.21692974333208223,0.21179099849997293,0.20731306096601235,0.20348354052197146,0.20028559752506714,0.19769772481563136,0.19569352594363482,0.1942414897040145,0.1933047609808206,0.19284090790019687,0.19280168529217465,0.1931327944612755,0.19377363926596897,0.19465707850691566,0.19570917462404505,0.19684893870247064
0.768964041546109,0.7786400767280324,0.7882742197294663,0.7978251270198304,0.8072521415395583,0.8165153860798213,0.8255758529850652,0.8343954901783558,0.8429372835095368,0.8511653354261979,0.8590449399674545,0.8665426540805379,0.8736263652601958,0.8802653555109062,0.8864303616318984,0.8920936318249882,0.8972289786252234,0.9018118281543385,0.9058192656970221,0.9092300775999951,0.9120247894938992,0.9141857008379964,0.9156969157876796,0.9165443703847954,0.9167158560707745,0.9162010395225773,0.9149914788114466,0.9130806358844746,0.910463885368978,0.9071385196996857,0.9031037505687369,0.8983607066984908,0.8929124279371454,0.8867638556771703,0.8799218195965472,0.8723950207228237,0.864194010819976,0.8553311680980858,0.8458206692458242,0.8356784577857489,0.8249222087524121,0.8135712896932793,0.8016467179924578,0.7891711145172385,0.7761686535874461,0.7626650092676027,0.7486872979819001,0.7342640174519842,0.7194249819575508,0.7042012539197509,0.6886250718074084,0.6727297743660481,0.6565497211697346,0.6401202094957216,0.6234773875219137,0.6066581638471378,0.5897001133342251,0.5726413792759066,0.5555205718835158,0.5383766630985052,0.5212488777267731,0.5041765808958004,0.48719916183459966,0.4703559139764727,0.453685911384585,0.4372278815003409,0.42102007421458154,0.4051001272615851,0.38950492793587954,0.3742704711318717,0.35943171370627947,0.3450224251633805,0.3310750346630697,0.31762047435172863,0.3046880190159029,0.29230512205879616,0.28049724779956936,0.269287700095454,0.25869744728667665,0.24874494346419057,0.23944594606022482,0.23081332976163874,0.22285689674608425,0.21558318324099723,0.20899526240537425,0.20309254353437528,0.19787056758673752,0.19332079903499944,0.18943041403852365,0.18618208493935764,0.18355376108086888,0.1815184459492248,0.1800439706376665,0.17909276363359067,0.17862161692845532,0.17858144845048973,0.17891706082020134,0.1795668964287286,0.1804627888389681,0.18152971050952652,0.18268551684150067
0.7772338523746375,0.7868927981141073,0.7965084753305273,0.8060382479584346,0.8154402557368364,0.8246735052998713,0.8336979576048936,0.8424746116979862,0.8509655848168943,0.8591341888313873,0.8669450030210437,0.8743639431904618,0.8813583271218959,0.8878969363653147,0.8939500743658892,0.8994896209289013,0.9044890830220794,0.9089236419153591,0.9127701966580676,0.9160074038935343,0.9186157140111257,0.920577403635706,0.9218766044545201,0.922499328381506,0.9224334890590279,0.9216689196970366,0.920197387249654,0.918012602929183,0.9151102290575418,0.9114878822551242,0.9071451329670827,0.9020835013270394,0.8963064493582195,0.8898193695120113,0.8826295695439498,0.8747462537271262,0.8661805004030222,0.8569452358697696,0.8470552046078327,0.8365269358431198,0.8253787064475149,0.813630500176838,0.8013039632462283,0.7884223562429533,0.7750105023766425,0.7610947320669462,0.7467028238686192,0.7318639417340282,0.7166085686130877,0.7009684363906163,0.6849764521611216,0.6686666208410071,0.6520739641182078,0.6352344357392455,0.6181848331337149,0.6009627053761895,0.5836062574855563,0.5661542510617731,0.5486459012600514,0.5311207701024651,0.5136186561269823,0.4961794803739243,0.4788431687098477,0.46164953048885143,0.44463813355131276,0.4278481755600393,0.41131835167385683,0.39508671855861494,0.37919055473561686,0.36366621726748216,0.3485489947814252,0.3338729568299629,0.3196707995890486,0.30597368789362844,0.292811093610622,0.28021063034933186,0.2681978845092748,0.2567962426654374,0.24602671529096082,0.2359077568172441,0.22645508203147963,0.21768147881160793,0.20959661719869543,0.20220685480675293,0.1955150385699556,0.18952030282730212,0.18421786374469853,0.17959881007446707,0.1756498902522672,0.1723532958314702,0.16968644125491844,0.1676217399641472,0.166126376846013,0.1651620770167433,0.1646848709434255,0.16464485590291286,0.16498595377814143,0.16564566519190865,0.16655481997803837,0.16763732398998393,0.1688099022468773
0.7853666187520836,0.7950077770610057,0.804604313604267,0.814112321889632,0.8234887594845014,0.8326915368221515,0.8416796023606227,0.8504130240942539,0.8588530674178652,0.8669622693435888,0.8747045090703458,0.8820450749059722,0.888950727541991,0.8953897596810334,0.9013320520169059,0.9067491255673058,0.9116141903591843,0.9159021904667572,0.9195898454021617,0.9226556878587635,0.9250800978071085,0.9268453329435242,0.927935555491367,0.9283368553549188,0.9280372696259289,0.9270267984428057,0.9252974172024543,0.9228430851247627,0.9196597501697342,0.9157453503072694,0.9110998111395935,0.905725039876332,0.8996249156622353,0.8928052762575485,0.8852739010710295,0.8770404905456166,0.86811664189674,0.8585158212032844,0.8482533318511959,0.8373462793297404,0.8258135323804043,0.8136756804984481,0.8009549877871038,0.7876753431644212,0.7738622069227614,0.7595425536409391,0.7447448114490103,0.7294987976457081,0.7138356506685282,0.6977877584164589,0.6813886829253609,0.6646730813959923,0.6476766235746847,0.6304359054866621,0.6129883595220117,0.5953721608743,0.5776261303318366,0.5597896334215858,0.541902475905726,0.5240047956308558,0.5061369507298484,0.4883394041763539,0.47065260469194803,0.45311686400592693,0.4357722304677571,0.41865835901215903,0.40181437747685395,0.38527874927294725,0.36908913240796126,0.35328223486152144,0.3378936663136827,0.3229577862259067,0.30850754827468785,0.29457434113782394,0.2811878256333351,0.2683757682110333,0.2561638707967349,0.2445755969891232,0.23363199460925954,0.22335151460273728,0.21374982629449088,0.20483962899624478,0.19663045996661005,0.18912849872384419,0.18233636771123315,0.17625292931513623,0.17087307923567993,0.16618753621009547,0.16218262808869552,0.15884007426352303,0.1561367644496109,0.1540445338189239,0.1525299344869312,0.1515540033518228,0.15107202628638758,0.15103329868253018,0.15138088234842262,0.15205135875834058,0.15297457865510536,0.15407340800519173,0.15526347030649992
0.7933372351239881,0.8029599287925738,0.812536674482374,0.8220223210845502,0.8313726684836998,0.8405445540898923,0.8494959357391687,0.8581859709624995,0.8665750926232072,0.8746250809228467,0.8822991317755499,0.889561921550829,0.896379668184844,0.902720188660128,0.9085529528537762,0.9138491337540958,0.9185816540457163,0.9227252290631618,0.9262564061128844,0.9291536001637581,0.9313971259060357,0.9329692261787655,0.9338540967656686,0.9340379075594802,0.9335088200947491,0.9322570014491002,0.9302746345129582,0.927555924627732,0.9240971025924596,0.9198964240389175,0.9149541651751861,0.909272614897682,0.9028560632716467,0.8957107863801009,0.8878450275412554,0.8792689748943878,0.8699947353541774,0.8600363049335025,0.8494095354346987,0.8381320975092786,0.826223440086113,0.813704746168073,0.8005988849971322,0.7869303605879332,0.7727252566298126,0.7580111777572875,0.742817187189006,0.7271737407351538,0.7111126171733279,0.6946668449928672,0.6778706255076471,0.6607592523373322,0.6433690272570955,0.6257371724157915,0.6079017389225982,0.5899015118021149,0.5717759113179235,0.5535648906646109,0.5353088300282526,0.5170484270153566,0.49882458345027086,0.48067828854104866,0.46265049841377937,0.4447820120153741,0.42711334338482365,0.4096845902929023,0.3925352992503478,0.3757043268844942,0.3592296976843649,0.34314845811423555,0.3274965270956475,0.3123085428578896,0.29761770615694033,0.28345561986286805,0.2698521249156944,0.25683513264972185,0.24443045348631637,0.2326616219951567,0.22154971832394338,0.2111131859965654,0.2013676460797354,0.19232570771808,0.18399677503768794,0.176386850418139,0.1694983341329665,0.16332982035859783,0.1578758895517564,0.15312689719532174,0.14906875891264176,0.14568273195033246,0.14294519302950057,0.1408274125654626,0.13929532525590904,0.13830929703752476,0.13782388841108567,0.1377876141350084,0.1381426992873474,0.13882483169629015,0.13976291073907468,0.1408787925093814,0.14208703135320866
0.8011208884320191,0.8107244629687267,0.8202807942223302,0.8297435159313776,0.8390672981993734,0.84820793176841,0.8571224086776454,0.8657689993066277,0.8741073258034658,0.8820984318978501,0.8897048490989163,0.8968906592779594,0.9036215536359923,0.9098648880561531,0.9155897348409585,0.920766930834405,0.9253691219289156,0.9293708039571348,0.9327483599685716,0.9354800938910852,0.9375462605772233,0.938929092235404,0.939612821245945,0.9395836993619402,0.9388300132949836,0.9373420966857402,0.9351123384593633,0.9321351875657585,0.9284071541046972,0.9239268068357724,0.9186947670732072,0.9127136989655048,0.9059882961599504,0.8985252648519559,0.890333303219255,0.8814230772409427,0.8718071929013633,0.8615001647788448,0.8505183810192812,0.8388800646945599,0.8266052315458381,0.8137156441116652,0.8002347622409521,0.7861876899907881,0.7716011189091041,0.7565032677021841,0.7409238182870208,0.7248938482285223,0.7084457595615623,0.6916132039978788,0.6744310045178205,0.6569350733469378,0.6391623263174244,0.6211505936144018,0.6029385269070535,0.5845655028646063,0.5660715230571565,0.547497110241346,0.528883201030882,0.510271034951907,0.49170203988321315,0.4732177138813059,0.454859503390313,0.43666867783673907,0.41868620060907463,0.40095259642223846,0.38350781506688275,0.3663910915435335,0.3496408025815807,0.33329431954312205,0.31738785771164335,0.30195632196555316,0.28703314883656245,0.27265014495291057,0.2588373218674373,0.24562272727050666,0.23303227258777173,0.22108955696278856,0.20981568762448138,0.19922909663944569,0.18934535404910882,0.18017697739172936,0.17173323760924256,0.16401996133897012,0.15703932959015063,0.15078967280533134,0.14526526230661205,0.14045609812672644,0.13634769322496765,0.1329208540879823,0.13015145771537545,0.12801022499019707,0.12646249043425978,0.1254679683482979,0.1249805153369898,0.12494788921881705,0.12531150432075797,0.12600618315786635,0.12695990449765396,0.1280935478093392,0.12932063409795821
0.8086931735184362,0.8182769989894201,0.827812320592836,0.8372515899671813,0.8465483786875234,0.8556574603020797,0.8645348887705794,0.8731380733044104,0.8814258496085511,0.8893585475252838,0.8968980550796948,0.9040078789269567,0.9106532012013956,0.9168009327673421,0.9224197628717662,0.9274802051986961,0.9319546403254222,0.935817354580483,0.939044575303437,0.9416145025064174,0.9435073369374717,0.9447053045456846,0.9451926773480851,0.9449557906983386,0.9439830569572214,0.9422649755648793,0.9397941395148728,0.9365652382300031,0.932575056839924,0.9278224718605373,0.9223084432751718,0.9160360030175476,0.9090102398565223,0.9012382806826246,0.8927292681963676,0.8834943349983501,0.8735465740811384,0.8629010057229372,0.8515745407830364,0.8395859403990519,0.8269557720859416,0.8137063622368111,0.7998617450255007,0.7854476077109571,0.7704912323433899,0.7550214338722113,0.7390684946557594,0.7226640953728063,0.7058412423358508,0.6886341912061928,0.6710783671107959,0.6532102811609285,0.6350674433725935,0.6166882719887404,0.5981119992032606,0.5793785732867683,0.5605285571141643,0.5416030230939842,0.5226434444995306,0.5036915832017895,0.4847893738041305,0.4659788041787907,0.44730179240514456,0.4288000601097528,0.41051500220820464,0.392487553048731,0.3747580489576145,0.3573660871863765,0.3403503812607466,0.3237486127314244,0.3075972793266163,0.29193153950636036,0.27678505341863646,0.26218982025725834,0.24817601202154843,0.23477180367780187,0.22200319972252877,0.20989385714748288,0.19846490480647694,0.1877347591839755,0.1777189365654796,0.16842986160968978,0.15987667232245054,0.15206502143249523,0.14499687416895282,0.13867030244064776,0.1330792754171918,0.12821344651185182,0.12405793676619475,0.12059311463654103,0.11779437218216555,0.11563189765531685,0.11407044449300395,0.11306909671056398,0.11258103069702549,0.11255327341225056,0.11292645698584704,0.11363456971789793,0.11460470348144101,0.11575679752674375,0.11700337868738057
0.8160302029691314,0.8255936757373447,0.8351074224989846,0.8445227493522145,0.853792163870193,0.8628694549274669,0.8717097689456142,0.8802696825581375,0.8885072716946059,0.8963821770840494,0.9038556661776025,0.9108906914903959,0.9174519453627021,0.9235059111403277,0.9290209107742569,0.9339671488395466,0.9383167529734696,0.9420438107329073,0.9451244028709967,0.9475366330330215,0.9492606538715588,0.9502786895808715,0.9505750548505545,0.950136170238428,0.9489505739626831,0.9470089301132754,0.9443040332825712,0.9408308096152411,0.9365863142774068,0.9315697253450343,0.9257823341115798,0.9192275318148864,0.9119107927833265,0.9038396540012014,0.8950236910933826,0.885474490729211,0.8752056194456407,0.8642325888896356,0.8525728174798151,0.8402455884873508,0.8272720045361118,0.8136749385220617,0.7994789809519048,0.784710383700982,0.7693970001904186,0.7535682219835196,0.7372549118014176,0.7204893329579685,0.7033050752138996,0.6857369770502058,0.6678210443607971,0.6495943655643962,0.6310950231356851,0.6123620015557029,0.5934350916814931,0.5743547915350017,0.5551622035112245,0.5358989280056048,0.5166069534606819,0.4973285428319884,0.4781061164731986,0.4589821314405267,0.439998957216376,0.4211987478522339,0.4026233105308265,0.38431397054751015,0.36631143271092514,0.3486556391628933,0.3313856236175637,0.3145393620198174,0.2981536196229118,0.2822637944853813,0.2669037573871868,0.25210568816511536,0.2378999084674277,0.22431471092776037,0.2113761847582737,0.1991080377620513,0.18753141476475227,0.1766647124655069,0.16652339070707112,0.15711978016522454,0.14846288645741573,0.14055819067067554,0.13340744630875612,0.12700847265853119,0.12135494457565306,0.11643617868945236,0.11223691602708008,0.1087371010569259,0.10591165715124791,0.10373025846808856,0.10215709825242252,0.10115065355655395,0.10066344637977186,0.10064180122725488,0.10102559908820669,0.10174802783328132,0.10273532903121801,0.10390654118474241,0.10517323938573378
0.8231087113952393,0.8326512557593412,0.8421428940471887,0.8515338267867153,0.8607755352581679,0.8698208591426212,0.8786240706077142,0.8871409448306086,0.8953288269581678,0.9031466955043577,0.910555222184869,0.9175168281889619,0.9239957368885304,0.929958022984391,0.9353716580897887,0.9402065527511297,0.944434594905931,0.9480296847779934,0.9509677662097983,0.9532268544321206,0.9547870602708683,0.9556306107911414,0.9557418663785118,0.9551073342575253,0.9537156784474271,0.9515577261551041,0.948626470605254,0.9449170703077713,0.9404268447623593,0.9351552666003597,0.9291039501638051,0.9222766365216951,0.9146791749234894,0.9063195006898274,0.8972076095404656,0.8873555283594385,0.8767772823974397,0.8654888589114262,0.8535081672414424,0.8408549953246665,0.8275509626466789,0.8136194696299515,0.7990856434595573,0.783976280346105,0.7683197842258906,0.7521461018982747,0.7354866546002784,0.7183742660184017,0.7008430867376642,0.6829285151278655,0.6646671146670693,0.6460965277023076,0.6272553856475063,0.6081832156186325,0.5889203435060648,0.5695077934841821,0.5499871839581776,0.530400619948091,0.5107905819100635,0.4911998109948159,0.47167119074334524,0.4522476252198446,0.43297191358184584,0.41388662108757884,0.3950339465405613,0.3764555861713972,0.3581925939568102,0.3402852383758906,0.32277285560356184,0.30569369914127875,0.2890847858849362,0.2729817386300044,0.25741862501388707,0.24242779289549823,0.22803970217205982,0.21428275303312613,0.2011831106518231,0.18876452631331328,0.1770481549804821,0.16605236929684214,0.1557925700266654,0.14628099293233068,0.13752651208889047,0.1295344396358774,0.1223063219663056,0.11583973235291016,0.11012806001160604,0.10516029560217052,0.10092081316613248,0.09738914850191308,0.09453977397714745,0.09234186977826497,0.09075909159727238,0.08974933475575742,0.08926449476612466,0.08925022433004696,0.08964568677412332,0.09038330592279704,0.09138851240845504,0.0925794864187623,0.0938668968812387
0.8299061541533194,0.8394272238865373,0.8488962530498569,0.8582623798701935,0.8674761001213925,0.8764893426325244,0.8852555412518514,0.8937297032664693,0.9018684742776216,0.9096301995316871,0.9169749817068406,0.9238647351553863,0.930263236601766,0.9361361722962394,0.9414511816242371,0.9461778971713884,0.9502879812442215,0.9537551588465368,0.9565552471114527,0.9586661811891274,0.9600680365901506,0.9607430479846107,0.9606756244568343,0.9598523612157996,0.9582620477612214,0.9558956725053117,0.952746423850212,0.9488096877210994,0.9440830415549655,0.9385662447450684,0.9322612255410602,0.9251720644047828,0.9173049738217437,0.9086682745682584,0.8992723684342708,0.8891297074018445,0.8782547592793272,0.8666639697911912,0.8543757211235427,0.841410286925308,0.827789783765091,0.8135381190437059,0.798680935362379,0.7832455513466302,0.7672608989258205,0.7507574570683798,0.7337671819727016,0.7163234337137152,0.69846089934513,0.680215512457352,0.6616243691910753,0.6427256407065448,0.6235584821084947,0.6041629378267572,0.5845798434525478,0.56485072403042,0.5450176888058975,0.5251233224287764,0.5052105726121008,0.4853226342468152,0.46550282997208514,0.44579448720129394,0.42624081160371396,0.4068847570418455,0.3877688919644389,0.3689352622551766,0.35042525053704127,0.33227943193234993,0.31453742627845993,0.2972377467991567,0.2804176452317053,0.264112953409579,0.24835792130086434,0.2331850515023338,0.21862493018919346,0.20470605452050822,0.19145465650029347,0.17889452329428485,0.16704681400238017,0.15592987288675117,0.14555903905563605,0.13594645260279753,0.12710085720265318,0.1190273991610963,0.11172742292196436,0.10519826302919454,0.0994330325446556,0.09442040792165017,0.09014441033407751,0.08658418346129913,0.0837137677286383,0.08150187100358783,0.07991163574767479,0.07890040262399416,0.07841947056043037,0.07841385326854287,0.0788220322181125,0.07957570606739821,0.08059953654902559,0.08181089081156573,0.08311958021680504
0.8364008005041121,0.8458998802932076,0.855345833969822,0.8646867839032086,0.8738722841071052,0.8828533936507025,0.8915827465441918,0.9000146180988893,0.9081049877619431,0.9158115984256161,0.9230940122111486,0.9299136627272016,0.9362339038028761,0.9420200546953145,0.9472394417718786,0.9518614366669077,0.9558574909130558,0.9592011670472071,0.9618681661909705,0.9638363521057545,0.9650857717224185,0.9655986721455067,0.9653595141320567,0.9643549820449906,0.9625739902810829,0.9600076861735095,0.9566494493689729,0.9524948876794086,0.9475418294082705,0.9417903121513932,0.9352425680724354,0.9279030056529016,0.9197781879167426,0.9108768071295349,0.9012096559722396,0.8907895951895398,0.8796315177127569,0.8677523092573477,0.8551708053949755,0.8419077451001675,0.8279857207715451,0.8134291247276355,0.7982640921772632,0.7825184406645178,0.7662216059883041,0.7494045745964687,0.7320998124545066,0.7143411903888458,0.6961639059047133,0.6776044014785764,0.6587002793251674,0.6394902126390823,0.620013853310964,0.6003117361182586,0.5804251793905559,0.5603961821495057,0.5402673177233139,0.5200816238358189,0.4998824891701438,0.4797135364069313,0.4596185017371556,0.4396411108495126,0.4198249513923917,0.400213341910422,0.3808491972556057,0.3617748904730179,0.3430321111610993,0.3246617203065188,0.3067036015936146,0.2891965091884229,0.2721779119972757,0.25568383439998305,0.23974869345759336,0.22440513259473258,0.20968385175652007,0.195613434040069,0.18222016880055958,0.16952787123189406,0.15755769842193348,0.1463279618823057,0.1358539365528025,0.1261476662803474,0.11721776577254087,0.1090692190258034,0.10170317422806945,0.09511673513607656,0.08930274892723558,0.08424959052607665,0.07994094340526137,0.07635557686120559,0.07346711976423843,0.0712438307833784,0.06964836508566984,0.06863753751009609,0.06816208221608451,0.0681664088065824,0.0685883549256999,0.06935893533096615,0.07040208744012696,0.07163441335253606,0.07296491834514325
0.8425718212098664,0.8520484279943531,0.8614708753045194,0.8707863191316385,0.879943418305689,0.8888924058569947,0.8975851568717711,0.9059752528415875,0.9140180425067376,0.9216706991935217,0.9288922746454416,0.9356437493483045,0.9418880793492405,0.9475902395696296,0.9527172636119402,0.9572382800604804,0.9611245452760574,0.9643494726845524,0.9668886585594023,0.9687199042979961,0.9698232351919805,0.9701809156914778,0.969777461163215,0.9685996461425621,0.9666365090794863,0.9638793535784118,0.9603217461319947,0.9559595103488083,0.9507907176749388,0.9448156746094927,0.9380369064140158,0.9304591373158236,0.9220892672052412,0.9129363448267573,0.9030115374640868,0.8923280971191464,0.8809013231849397,0.8687485216123564,0.8558889605708794,0.8423438226032055,0.8281361532737759,0.8132908063112197,0.7978343852447063,0.7817951815342111,0.7652031091946909,0.7480896359141727,0.7304877106657504,0.7124316878134955,0.6939572477122792,0.6751013138015027,0.6559019661927428,0.6363983517513049,0.6166305906716912,0.5966396795469755,0.5764673909320934,0.5561561694010421,0.5357490240979905,0.5152894177823026,0.4948211523674697,0.4743882509539564,0.45403483635595604,0.4338050061220577,0.4137427040498258,0.3938915881942874,0.3742948953703373,0.3549953021490452,0.336034782347883,0.3174544610148592,0.29929446490656103,0.2815937694601173,0.26439004225906276,0.2477194829931187,0.23161665991188538,0.21611434277244235,0.20124333228086164,0.18703228602763466,0.17350754091700624,0.16069293209022179,0.14860960834268716,0.13727584403503593,0.12670684749811303,0.11691456593186472,0.10790748679813898,0.0996904357074104,0.09226437079939669,0.08562617361759528,0.07976843647773708,0.0746792463301459,0.0703419651160002,0.0667350066175333,0.06383160980210457,0.06159960866021849,0.06000119853743933,0.058992698960210505,0.05852431295560125,0.05853988286495603,0.05897664265144058,0.0597649667015375,0.06082811512041256,0.062081975521207894,0.06343480130826515
0.8483993705702381,0.8578530547820039,0.8672516014099161,0.8765412524334356,0.8856698207642413,0.8945867596114796,0.9032432283606616,0.9115921549661957,0.9195882948575658,0.9271882863591494,0.9343507026236766,0.9410361000793322,0.9472070633904974,0.9528282469321342,0.9578664127778103,0.9622904652013667,0.9660714816922251,0.9691827404843387,0.971599744598782,0.9733002423999844,0.9742642446656037,0.9744740381700423,0.9739141957816025,0.972571583073287,0.9704353614472364,0.9674969877728118,0.9637502105383179,0.9591910625163647,0.9538178499428759,0.947631138209734,0.9406337340710687,0.9328306643631875,0.9242291512381472,0.9148385839109645,0.904670486920473,0.8937384849038167,0.8820582638845866,0.8696475290746021,0.8565259591893271,0.8427151572769339,0.8282385980610044,0.8131215717968759,0.7973911246416246,0.7810759955376942,0.7642065496101637,0.7468147080776579,0.7289338746768979,0.710598858600894,0.6918457939507808,0.6727120557012919,0.6532361721798772,0.6334577340594613,0.6134172998648447,0.5931562979927426,0.5727169252454704,0.5521420418782662,0.5314750631602568,0.5107598474490664,0.4900405807790622,0.46936165796324697,0.44876756020878933,0.428302729246197,0.40801143797213113,0.3879376576058604,0.3681249213593628,0.348616184621057,0.3294536816531895,0.31067877880285266,0.2923318242266456,0.2744519941289843,0.2570771355140422,0.24024360545133927,0.2239861068549713,0.20833752077647935,0.19332873521136001,0.17898847041922153,0.16534310075757486,0.15241647302927144,0.14022972134358103,0.12880107849090702,0.11814568383115122,0.1082753876957128,0.09919855230312635,0.09091984918836102,0.08344005314573151,0.0767558326854698,0.0708595370039361,0.0657389794674705,0.061377217609874926,0.057752329643565116,0.05483718748432162,0.052599226289722384,0.051000210511196055,0.049995996459716446,0.049536291385148236,0.04956440906923055,0.050017021932184644,0.050823909653001625,0.05190770430333258,0.05318363199503353,0.05455925104137267
0.8538646628967629,0.8632950096002445,0.8726692987641914,0.8819329134478774,0.891032872447859,0.8999178977245665,0.9085384783626342,0.9168469310649702,0.9247974571805672,0.9323461962660526,0.9394512761809786,0.9460728597168526,0.9521731877599077,0.9577166189876111,0.9626696660989165,0.9670010285782527,0.970681621993254,0.9736846038262293,0.975985395839374,0.977561702973718,0.978393528781816,0.9784631873941778,0.9777553120194378,0.9762568599782645,0.9739571142710106,0.9708476816791023,0.9669224874001693,0.9621777662169138,0.9566120501997204,0.9502261529430062,0.9430231503353087,0.9350083578631169,0.9261893044484398,0.9165757028201165,0.9061794164188637,0.8950144228360675,0.8830967737863104,0.8704445516136425,0.8570778223315891,0.8430185851969006,0.8282907188170412,0.8129199237914188,0.7969336618863525,0.7803610917437833,0.7632330011237214,0.7455817356804372,0.7274411242723878,0.7088464008058877,0.6898341226125163,0.6704420853602673,0.6507092344984381,0.6306755732362567,0.6103820670552527,0.5898705447553632,0.5691835960347839,0.548364465603556,0.5274569438308954,0.5065052539262611,0.48555393565416316,0.46464772558271206,0.44383143386590584,0.4231498175596599,0.4026474504715738,0.3823685895444394,0.36235703777349254,0.342656003657395,0.32330795718296834,0.30435448234365997,0.28583612619174836,0.26779224442429705,0.2502608435028375,0.2332784193067987,0.21687979232067595,0.20109793935493805,0.18596382180067378,0.17150621041798242,0.15775150665809975,0.1447235605192655,0.13244348493633307,0.12092946670411361,0.11019657393446801,0.10025656004713172,0.09111766429427831,0.08278440881883971,0.07525739224654122,0.0685330798116911,0.06260359001671187,0.05745647782540801,0.05307451438996468,0.049435463311712426,0.046511853435592505,0.04427074817839907,0.04267351139074446,0.04167556975275966,0.04122617170354938,0.041268142904377844,0.041737638235582894,0.04256389032726633,0.04366895462368244,0.044967450981385486,0.046366301801132805
0.858950043425899,0.868356673358958,0.8777063866711688,0.8869437651473016,0.8960150876486432,0.9048683956632391,0.9134535554103095,0.921722316498844,0.9296283671403699,0.9371273859159008,0.944177090097057,0.950737280521365,0.9567698830217322,0.9622389864100994,0.9671108770152672,0.9713540697749006,0.9749393358817089,0.9778397269838026,0.9800305959392259,0.9814896141246664,0.9821967852983399,0.9821344560170523,0.9812873226074376,0.9796424346913732,0.9771891952655689,0.9739193573353351,0.9698270171025248,0.964908603707655,0.9591628655262,0.9525908530190661,0.945195898137238,0.9369835902806047,0.9279617488109597,0.918140392119179,0.9075317032465744,0.8961499920604228,0.8840116539836734,0.8711351252788295,0.8575408348860079,0.8432511528151728,0.8282903350925481,0.8126844652612061,0.7964613924358285,0.779650665911649,0.7622834663275695,0.7443925333834531,0.7260120901115918,0.7071777637023537,0.6879265028840038,0.6682964918567021,0.6483270607806789,0.6280585928185833,0.607532427732013,0.5867907620322147,0.5658765456849654,0.5448333753696277,0.5237053842923818,0.5025371285536344,0.48137347006960235,0.46025945604807483,0.43924019501834977,0.4183607294153483,0.39766590471790414,0.3772002351412283,0.35700776588355654,0.3371319319269604,0.317615413392349,0.2984999874486391,0.27982637677609745,0.26163409458387316,0.2439612861816919,0.22684456710573378,0.21031885779868803,0.1944172148439802,0.17917065875417748,0.1646079983135721,0.1507556514749386,0.13763746281046685,0.1252745175168762,0.1136849519746967,0.10288376086173912,0.0928826008207296,0.08368959068112254,0.07530910823510556,0.06774158356775574,0.06098328894138428,0.055026125234064666,0.04985740493232823,0.04545963167802926,0.04181027636941337,0.038881549816320575,0.03664017194960375,0.03504713758470482,0.03405747873940324,0.033620023505755305,0.033677151476201865,0.03416454572383751,0.03501094133689456,0.03613787050736294,0.03745940417380055,0.0388818902183422
0.8636390536706436,0.8730216241862946,0.8823464824034966,0.8915574688513357,0.9006001788424188,0.9094220262134631,0.9179723036408038,0.9262022395308235,0.9340650514852971,0.9415159963416595,0.9485124167881894,0.9550137845541137,0.96098174017463,0.9663801293308495,0.9711750357646579,0.9753348107684954,0.9788300992500558,0.9816338623719059,0.9837213967660218,0.9850703503232456,0.9856607345576619,0.9854749335458911,0.9844977094413039,0.9827162045631538,0.9801199400606287,0.9767008111518223,0.9724530789376236,0.9673733587905258,0.9614606053183546,0.9547160939029161,0.9471433988135606,0.9387483678956706,0.9295390938340637,0.9195258819913158,0.9087212148210041,0.8971397128558686,0.884798092270892,0.8717151190213001,0.8579115595554804,0.843410128102819,0.8282354305364583,0.8124139048109729,0.7959737579749636,0.7789448997585723,0.7613588727359148,0.7432487790624331,0.7246492037871662,0.7055961347399403,0.6861268789934785,0.666279975900429,0.6460951067053129,0.6256130007313895,0.6048753381424441,0.5839246492794897,0.5628042105723935,0.5415579370264173,0.5202302712836813,0.4988660692595432,0.4775104823538999,0.4562088362374051,0.43500650621260767,0.4139487891500094,0.39308077199904123,0.3724471968739559,0.35209232271464835,0.33205978352238064,0.3123924431704419,0.29313224678971717,0.274320068729174,0.25599555709128,0.23819697484232516,0.22096103749767157,0.20432274738192135,0.18831522446400145,0.17296953376716703,0.15831450935392904,0.14437657488589478,0.13117956075853043,0.11874451781084344,0.10708952760997997,0.0962295093107484,0.08617602309005425,0.07693707015625427,0.06851688933344671,0.060915750220652244,0.054129742925932325,0.04815056437542593,0.04296530119730444,0.038556209180632094,0.03490048930917629,0.031970060370095386,0.02973132813758189,0.028144951131409735,0.027165602950393244,0.02674173118078311,0.026815312879569137,0.02732160663269272,0.028188901188211248,0.029338260664345944,0.03068326633246,0.03212975497497855
0.8679164912107215,0.877274697119861,0.8865744607855816,0.895758943683615,0.9047731159931731,0.9135638185987512,0.9220798216878658,0.930271879944729,0.9380927843398615,0.9454974105156364,0.9524427637677653,0.9588880206227159,0.9647945670110682,0.9701260330368052,0.9748483243425415,0.9789296500706863,0.982340547420544,0.9850539028013496,0.9870449695812413,0.9882913824321686,0.9887731682707371,0.9884727537949888,0.9873749696171181,0.9854670509921264,0.9827386351424087,0.9791817551782808,0.9747908306144393,0.9695626544823593,0.9634963770386277,0.9565934860692134,0.9488577837896717,0.9402953603412874,0.9309145638831524,0.9207259672801799,0.9097423313870541,0.8979785649281172,0.8854516809731916,0.8721807500093384,0.8581868496085524,0.8434930106913934,0.8281241603865516,0.812107061486353,0.7954702484981966,0.778243960291931,0.7604600693431657,0.7421520075725188,0.7233546887808001,0.7041044276801323,0.6844388555210055,0.6643968323152701,0.6440183556550664,0.6233444661276861,0.6024171493263759,0.5812792344570719,0.5599742895410735,0.5385465132136522,0.5170406231185967,0.4955017408986936,0.47397527378214577,0.45250679276492445,0.43114190738905994,0.40992613711686665,0.388904779301106,0.36812277375108116,0.3476245638946777,0.32745395453632536,0.3076539662109111,0.2882666861336197,0.269333115745709,0.2508930148562305,0.23298474237967612,0.21564509366956552,0.198909134447971,0.1828100313309763,0.16737887895006925,0.1526445236694776,0.13863338389943353,0.12536926700537837,0.11287318281310398,0.10116315370982494,0.09025402134119521,0.08015724990425434,0.07088072603630623,0.062428555299754905,0.054800855262846726,0.04799354517636516,0.04199813224626598,0.03680149450224008,0.03238566026220703,0.028727584192770543,0.025798919965568722,0.023565789509599765,0.021988548859465093,0.02102155059954413,0.020612902904120475,0.02070422517343718,0.0212304002656698,0.022119323324878346,0.0232916472048526,0.024660524488907706,0.026131346105639094
0.8717684639213438,0.8811020382366311,0.8903765082162729,0.8995344204709894,0.90852018030521,0.9172801120548876,0.925762516042505,0.9339177221492785,0.9416981400045542,0.9490583057924004,0.9559549256753935,0.9623469158356002,0.9681954391327519,0.9734639383796168,0.9781181662345645,0.9821262117113255,0.9854585233059462,0.9880879287409384,0.9899896513266231,0.9911413229396694,0.9915229936188271,0.9911171377778558,0.9899086570356467,0.9878848796635405,0.9850355566498399,0.9813528543815153,0.9768313439431068,0.9714679870328212,0.9652621184958209,0.958215425474712,0.9503319231772214,0.9416179272610748,0.932082022836064,0.9217350300833124,0.9105899664917333,0.8986620057116841,0.8859684330258139,0.8725285974371068,0.8583638603741204,0.8434975410134166,0.8279548582191898,0.8117628691000889,0.7949504041832319,0.7775479992054194,0.7595878235215384,0.7411036051301646,0.7221305523163557,0.7027052719116423,0.682865684171213,0.6626509342682914,0.642101300405713,0.6212580985446912,0.6001635837507827,0.5788608481570434,0.5573937155443822,0.5358066325391089,0.5141445564276741,0.4924528395886087,0.4707771105416531,0.44916315161408377,0.4276567732242348,0.4063036847822121,0.3851493622078057,0.3642389120655899,0.34361693231723034,0.32332736969096953,0.303413373668322,0.2839171470879566,0.2648797933667705,0.24634116033816922,0.2283396807075287,0.21091220912485867,0.1940938558746617,0.17791781718298363,0.16241520214165736,0.14761485624974904,0.1335431815721893,0.12022395351560561,0.10767813422134846,0.09592368257570695,0.08497536083732884,0.0748445378818262,0.06553898906357469,0.057062692694725796,0.0494156231413886,0.042593540537015535,0.03658777711299466,0.03138502014642274,0.026967091525069924,0.02331072392956556,0.020387333632734112,0.018162789916169514,0.01659718110398196,0.015644577213736792,0.015252789224602286,0.015363124962685897,0.01591014160354601,0.016821394791942654,0.018017184378738192,0.019410296775007902,0.0209057439233686
0.8751824386405417,0.8844911532215793,0.8937401711312968,0.9028714900852229,0.9118290124230238,0.9205586038608117,0.9290081488821155,0.9371276027675135,0.9448690402629257,0.9521867008865689,0.9590370308745725,0.9653787217652561,0.971172745622067,0.9763823868951819,0.980973270921766,0.9849133890648978,0.9881731204911508,0.9907252505868408,0.992544986012931,0.9936099663986003,0.9939002726734731,0.993398432038509,0.9920894195755549,0.9899606564955589,0.9870020050254441,0.9832057599336447,0.9785666366943034,0.9730817562901295,0.966750626653919,0.9595751207487365,0.9515594512867561,0.9427101420867672,0.933035996070338,0.9225480598966433,0.9112595852359516,0.8991859866817746,0.8863447963016772,0.8727556148267503,0.8584400594797433,0.8434217084418589,0.8277260419582082,0.8113803800819291,0.7944138170569641,0.7768571523395003,0.7587428182580691,0.7401048043123125,0.7209785781104024,0.7014010029451287,0.681410252008645,0.6610457192458756,0.6403479268465864,0.6193584293761133,0.598119714544756,0.5766751006158296,0.5550686304523799,0.5333449622025584,0.5115492566236608,0.4897270610448243,0.4679241899683874,0.44618660230991153,0.42456027527686363,0.40309107488595897,0.3818246231191683,0.3608061617183801,0.340080412618735,0.31969143502060743,0.2996824791002616,0.2800958363591621,0.2609726866119427,0.24235294161304807,0.22427508532202417,0.20677601080747654,0.18989085378968987,0.17365282282190697,0.15809302611026863,0.14324029497241902,0.12912100393476642,0.1157588874684092,0.1031748533637246,0.09138679274361212,0.08040938671540636,0.0702539096614465,0.06092802916830103,0.05243560259467734,0.04477647027796154,0.037946245379435514,0.03193610036815953,0.02673255014351067,0.022317231796372725,0.0186666810090165,0.015752105093598243,0.013539152669360533,0.011987679978473727,0.011051513840536143,0.01067821124574894,0.010808815586746802,0.01137760952907193,0.012311864520350387,0.013531586938087096,0.014949260876140357,0.016469587569873396
0.8781472842750706,0.8874309503750345,0.8966543989054411,0.9057591462271807,0.9146886550788879,0.9233883918256607,0.9318058803680873,0.9398907527115703,0.9475947961959561,0.9548719973854646,0.9616785826189234,0.9679730552203004,0.9737162293695432,0.978871260633716,0.9834036731584428,0.9872813835196499,0.990474721235611,0.9929564459392967,0.9947017612110226,0.9956883250714029,0.9958962571346036,0.9953081424218992,0.993909031835532,0.9916864392928714,0.9886303355208782,0.9847331385108694,0.979989700633584,0.9743972924145549,0.9679555829697779,0.9606666171016874,0.9525347890554307,0.9435668129354472,0.9337716897823474,0.9231606713100965,0.9117472203034984,0.8995469676759817,0.8865776661876892,0.8728591408238687,0.8584132358335663,0.8432637584286212,0.8274364191429636,0.8109587688522145,0.7938601324535863,0.7761715392060882,0.7579256497310306,0.739156679672836,0.7199003200201464,0.7001936540872372,0.6800750711557326,0.6595841767766206,0.6387616997325745,0.6176493956605716,0.5962899473348191,0.5747268616099763,0.5530043630246856,0.5311672840654003,0.5092609520905176,0.4873310729148116,0.4654236110541708,0.44358466663063595,0.42186034893774055,0.4002966466661542,0.37893929478962735,0.3578336381112366,0.3370244914699385,0.3165559966074152,0.29647147569523186,0.2768132815222929,0.2576226443425945,0.23893951538329247,0.22080240701305862,0.2032482295707466,0.18631212485435958,0.1700272962703184,0.15442483564303067,0.1395335466847665,0.12537976512583238,0.11198717550504689,0.09937662462052486,0.08756593164075259,0.07656969487597734,0.06639909520989075,0.05706169619161174,0.04856124078799141,0.0408974447961914,0.03406578691658126,0.028057295485939035,0.022858331870950488,0.01845037052200136,0.014809775687298972,0.011907574787254028,0.009709228449204748,0.008174397202423939,0.007256704833423403,0.00690349840157739,0.0070556049150373576,0.0076470846669364325,0.00860498123193273,0.009849068123016873,0.011291592108632955,0.012837013190124076
0.8806533093448863,0.8899117780587568,0.8991095811944922,0.9081878226535076,0.9170895901881618,0.9257600112319728,0.9341463054119139,0.942197833742794,0.9498661445037199,0.9571050157966424,0.9638704947869842,0.9701209336263518,0.9758170220573288,0.9809218167003533,0.9854007670226781,0.9892217379894116,0.9923550293966459,0.9947733918866626,0.9964520396452252,0.9973686597809529,0.9975034183867774,0.9968389632834822,0.9953604234453255,0.9930554051077456,0.9899139845571481,0.9859286976027785,0.9810945257306745,0.9754088789397035,0.9688715752596827,0.9614848169515798,0.9532531633897993,0.9441835006265508,0.9342850076382991,0.9235691192542984,0.9120494857672087,0.8997419292257952,0.8866643964097108,0.8728369084863605,0.8582815073498504,0.843022198642017,0.8270848914555423,0.8104973347191496,0.7932890502648822,0.7754912625774659,0.7571368252257548,0.7382601439762584,0.7188970965887521,0.69908494929397,0.6788622699533831,0.6582688379010563,0.6373455504675929,0.6161343261861564,0.5946780046805813,0.5730202432355609,0.5512054100489225,0.5292784741659826,0.5072848920959862,0.48527049111062914,0.4632813492246617,0.44136367185857756,0.41956366518338295,0.39792740614745076,0.3765007091854565,0.355328989609395,0.3344571236816882,0.313929305370361,0.2937888997863161,0.2740782933026818,0.25483874035624204,0.23611020693095822,0.21793121072356356,0.2003386579912454,0.1833676770814113,0.16705144864353566,0.15142103252308786,0.13650519133754854,0.12233021073450352,0.1089197163318219,0.09629448733992017,0.08447226686610233,0.07346756890099261,0.06329148198704054,0.053951469569112294,0.04545116702717738,0.03779017539105591,0.030963851737261346,0.024963096267928656,0.019774136071822546,0.015378305567417656,0.011751823628089512,0.008865567389347028,0.006684842738188712,0.005169151484518457,0.004271955214645409,0.003940435826877024,0.00411525274919084,0.0047302968389695155,0.0057124409648635814,0.006981287270690356,0.008448911121433558,0.010019601731345704
0.8826922939661941,0.8919254565807353,0.9010975797169231,0.9101494248457954,0.9190237703923162,0.9276654662350473,0.9360214849097902,0.9440409695171957,0.9516752783343425,0.9588780261302853,0.9656051221855702,0.9718148050157197,0.9774676737986864,0.9825267165062753,0.9869573347395345,0.9907273652681149,0.9938070982735988,0.9961692922967962,0.9977891858890114,0.9986445059672777,0.9987154728735593,0.9979848021379247,0.9964377029456855,0.9940618733085074,0.9908474919394874,0.986787206832201,0.9818761205437165,0.9761117721815802,0.969494116094769,0.9620254972686115,0.9537106234236786,0.9445565338186427,0.9345725647571043,0.9237703117983899,0.9121635886723154,0.8997683828979215,0.8866028081061742,0.8726870530666383,0.8580433274181153,0.8426958041032532,0.8266705585071229,0.8099955042997653,0.7927003259827046,0.7748164081394329,0.7563767613898615,0.7374159450487432,0.7179699864880597,0.6980762972033802,0.6777735855841903,0.6571017663881858,0.6361018669195376,0.6148159299111243,0.5932869131107354,0.5715585855712396,0.5496754206447256,0.5276824856806097,0.5056253284277114,0.4835498601403003,0.4615022353881087,0.43952872857031494,0.41767560713349483,0.39598900149354127,0.3745147716615544,0.353298370573696,0.3323847041250212,0.31181798790726634,0.291641600650619,0.2718979343694473,0.2526282412119992,0.23387247701407732,0.2156691415566728,0.19805511552757388,0.18106549418694323,0.16473341773686082,0.14908989839483666,0.13416364417129523,0.11998087935102411,0.10656516167859402,0.09393719624774785,0.08211464609475447,0.07111193949573916,0.060940073967974066,0.051606416975137015,0.04311450333655724,0.035463829340402535,0.028649643560849248,0.022662734379226574,0.01748921420912109,0.013110300425444114,0.009502092997493357,0.006635348825942469,0.004475252783838893,0.002981185461551262,0.0021064876156801303,0.001798221321955285,0.0019969278320902187,0.0026363821345925585,0.0036433442195825633,0.004937307047537836,0.006430241222019644,0.008026336366396169
0.88425751627307,0.8934653045187081,0.9026117544753294,0.9116373561222423,0.9204846450496734,0.9290982557184662,0.9374249714457026,0.9454137711162531,0.9530158726202468,0.9601847730164712,0.9668762854216927,0.9730485726259054,0.9786621774335014,0.9836800497303689,0.9880675702769137,0.9917925712270051,0.9948253533728477,0.9971387001157772,0.9987078881629821,0.9995106949501487,0.9995274027900327,0.9987407997469541,0.9971361772372169,0.9947013243554559,0.9914265189269061,0.9873045152855964,0.9823305287784709,0.9765022169954326,0.9698196577253129,0.9622853236377662,0.9539040536910879,0.9446830212659598,0.9346316990251173,0.9237618204989438,0.9120873383969894,0.8996243796454134,0.8863911971503519,0.8724081182872122,0.8576974901158897,0.8422836213219104,0.8261927208834978,0.8094528334645668,0.7920937715336387,0.7741470442086849,0.755645782827892,0.7366246632463553,0.7171198248586937,0.6971687863475908,0.6768103581582627,0.6560845516988469,0.6350324852667195,0.6136962867007353,0.5921189927593932,0.5703444452249262,0.5484171837333174,0.5263823353302387,0.5042855007529162,0.482172637437921,0.46008993925488084,0.43808371296612225,0.41620025141223305,0.3944857034235513,0.37298594045758127,0.35174641996232664,0.3308120454655628,0.3102270233900152,0.2900347165944798,0.2702774946408592,0.2509965807871216,0.23223189570619496,0.21402189793077467,0.1964034210240622,0.17941150747642776,0.16307923932799778,0.1474375655171635,0.1325151259550224,0.11833807232573648,0.10492988561281912,0.09231119035134742,0.08049956560609625,0.06950935267560157,0.059351459522144906,0.05003316192765788,0.04155790137557325,0.033925079658570154,0.027129850212261747,0.021162906174810384,0.016010265172461343,0.011653050830993432,0.008067271013122303,0.005223592781785698,0.003087114089395312,0.0016171321929910826,7.669087953190396E-4,4.834319118478432E-4,7.071744637025282E-4,0.0013718495965073594,0.0024041627251928776,0.0037235603046875993,0.00524197532654681,0.006863569541531275
0.8853437732776539,0.8945261594824033,0.9036469844176199,0.9126465381917997,0.921467180673867,0.9300533936057729,0.9383518294630125,0.946311357063055,0.9538831039216937,0.9610204953573077,0.9676792903430449,0.9738176141069161,0.9793959874798087,0.9843773529914154,0.9887270977140781,0.9924130728545503,0.9954056100936729,0.9976775346739687,0.9992041752351503,0.9999633703975467,0.9999354720934448,0.999103345646347,0.9974523665981453,0.9949704142842118,0.9916478621564037,0.9874775648539866,0.9824548420224737,0.9765774588803784,0.9698456035338875,0.9622618610394464,0.9538311842142625,0.9445608611947258,0.9344604797427414,0.9235418882999844,0.9118191537900647,0.8993085161686128,0.8860283397212784,0.8719990611096471,0.8572431341650721,0.8417849714304241,0.8256508824497529,0.8088690088058711,0.7914692559058486,0.7734832215144268,0.7549441210353472,0.7358867095405969,0.7163472005475692,0.6963631815441417,0.6759735262616697,0.6552183036958961,0.634138683875777,0.6127768403802243,0.5911758496027635,0.5693795867641076,0.5474326186726481,0.5253800932328618,0.5032676257016329,0.48114118169249215,0.4590469569277723,0.43703125373867824,0.41514035431327545,0.3934203906923926,0.37191721151344237,0.3506762455021536,0.3297423617122303,0.30915972651291085,0.2889716573244585,0.2692204731015604,0.24994734156463985,0.23119212317909657,0.21299321188244832,0.19538737255939906,0.17840957526481974,0.16209282619464582,0.14646799540468736,0.13156364127736367,0.11740583173634463,0.10401796220911362,0.09142057033744733,0.07963114743580503,0.06866394669764464,0.05852978814964574,0.04923586035384549,0.040785518857715135,0.03317808139211715,0.026408619817200617,0.02046774881621239,0.015341411337219472,0.01101066078274002,0.0074514399473163875,0.004634356702964288,0.0025244564325759594,0.0010809912112222982,2.57185735364655E-4,0,2.4988872371317514E-4,9.40557521629492E-4,0.0019987158263245226,0.0033438265566070576,0.00488785253423304,0.006534999648558646
0.8859473961689137,0.8951043933145026,0.9041996825379556,0.9131734261508114,0.9219678758200168,0.930527423628313,0.9387986499045302,0.9467303678237896,0.9542736647776127,0.9613819405139382,0.9680109420470463,0.9741187953373901,0.9796660337413349,0.984615623230805,0.9889329843828373,0.9925860111390433,0.9955450863349774,0.9977830939994141,0.999275428423531,1,0.9999372378319873,0.9990700891120576,0.9973840152709897,0.9948669848964959,0.9915094634218515,0.9873043995844302,0.9822472086541476,0.9763357524318125,0.9695703160173844,0.9619535813481394,0.9534905975067438,0.9441887477992347,0.9340577136029068,0.9231094349841101,0.9113580680859509,0.8988199392859029,0.8855134961233248,0.8714592549968868,0.8566797456319011,0.8411994523175641,0.8250447519141029,0.8082438486298307,0.7908267055681091,0.7728249730442184,0.7542719136721344,0.7352023242212147,0.7156524542427887,0.6956599214666591,0.6752636239675086,0.6545036491012137,0.633421179211069,0.6120583941039135,0.5904583702961711,0.5686649770297912,0.5467227690581041,0.5246768762015781,0.5025728896734867,0.48045674517548326,0.45837460276308223,0.43637272348104794,0.41449734276869193,0.3927945406350765,0.37131010860412617,0.35008941342964484,0.32917725758024735,0.30861773649418545,0.2884540926040953,0.2687285661316452,0.2494822426520861,0.23075489742872415,0.2125848365172845,0.19500873464019206,0.17806146983075852,0.16177595484727442,0.14618296535700886,0.1313109648901208,0.11718592656347145,0.1038311515743492,0.09126708446410033,0.07951112515166543,0.06857743773702639,0.058476756074559814,0.04921618611628993,0.040799005025072124,0.03322445705765415,0.026487546217660828,0.020578825678488292,0.015484183976103415,0.011184627971736806,0.007656062584516507,0.004869067293962441,0.0027886694124317256,0.0013741141274500304,5.786313139468605E-4,3.4919911641322245E-4,6.263043009593682E-4,0.0013436993772639656,0.0024281564904710586,0.0037992180829503077,0.0053689443259840154,0.007041657321379171
0.8860662600499839,0.8951979217303268,0.9042678054174406,0.9132160179221411,0.9219847704186235,0.9305184285492306,0.9387635593210831,0.9466689747945742,0.9541857725637269,0.9612673730284161,0.9678695534584534,0.9739504788495353,0.979470729571057,0.9843933258057856,0.9886837487814017,0.9923099587939013,0.9952424100228617,0.9974540621385738,0.998920388701033,0.9996193823507982,0.9995315567917118,0.9986399455654849,0.9969300976181443,0.9943900696583444,0.9910104153075424,0.9867841710420373,0.9817068389268715,0.9757763661415964,0.9689931212979035,0.9613598675491148,0.9528817324915421,0.9435661748577044,0.9334229480014143,0.922464060174723,0.9107037315967328,0.8981583483142703,0.8848464128544253,0.8707884916689523,0.8560071593705346,0.8405269397609149,0.8243742436508856,0.8075773034721466,0.7901661046810231,0.7721723139540494,0.7536292041754159,0.7345715762162789,0.7150356775059342,0.6950591173948539,0.6746807793095894,0.6539407296995329,0.6328801237755486,0.6115411080404617,0.5899667196114157,0.5682007823340891,0.5462877996887799,0.5242728444883502,0.5022014453680357,0.4801194700671201,0.45807300550246993,0.4361082346339363,0.4142713101216177,0.39260822477498836,0.37116467879388904,0.3499859438013792,0.3291167236684612,0.3086010121306537,0.28848194719644366,0.2688016623475934,0.2496011345313093,0.23092002894428432,0.21279654060859285,0.19526723273945473,0.17836687190486333,0.1621282599770751,0.14658206287596187,0.1317566361042315,0.11767784707450661,0.10436889422826967,0.0918501229466723,0.08013883825320438,0.06924911430823286,0.059191600695398444,0.04997332549987446,0.0415974951785046,0.03406329122178167,0.02736566360770085,0.021495121047482427,0.016437518023152013,0.012173838616974525,0.008679977132781213,0.005926515509117128,0.0038784975242918676,0.0024951997932755065,0.001729899556453596,0.0015296392602603382,0.0018349879296683702,0.002579799332524804,0.0036909669357938226,0.005088175653616919,0.006683650387255308,0.008381901356915406
0.8856997881140752,0.8948062083962408,0.9038508572045634,0.9127738581367906,0.9215174495571778,0.930026033843627,0.938246223448575,0.9461268837736316,0.9536191728579672,0.9606765778804494,0.9672549484755301,0.9733125268628808,0.9788099747907775,0.9837103972932368,0.9879793632608979,0.991584922825658,0.9944976215590552,0.9966905114843995,0.9981391589026563,0.998821649032077,0.9987185874615804,0.9978130984178816,0.9960908198463733,0.9935398953057539,0.9901509626764063,0.9859171396825264,0.9808340062279997,0.9748995835460285,0.9681143101625085,0.9604810146731548,0.9520048853343763,0.9426934364679009,0.9325564716791495,0.921606043889359,0.909856412181457,0.8973239954596819,0.8840273229229563,0.8699869813520081,0.8552255592102407,0.839767587558354,0.8236394777827133,0.8068694561374682,0.7894874951004226,0.7715252415426506,0.7530159417118655,0.7339943630295362,0.7144967127017532,0.6945605531438441,0.6742247142187396,0.6535292022890873,0.6325151060831166,0.6112244993742512,0.5897003404744732,0.567986368541434,0.5461269966993176,0.5241672019734508,0.5021524120386645,0.4801283887814034,0.4581411086755861,0.43623663997221396,0.4144610167027287,0.39286010949612216,0.37147949320979223,0.35036431137414825,0.3295591374509731,0.3091078329055202,0.2890534020923755,0.2694378439550607,0.25030200053938295,0.231685402320545,0.21362611034399337,0.1961605551800214,0.17932337269212278,0.16314723661909114,0.14766268797087076,0.13289796123815772,0.11887880741574913,0.10562831383964033,0.09316672083787707,0.08151123519514836,0.07067584043113948,0.0606711038926244,0.05150398065930882,0.04317761426343881,0.03569113422313401,0.029039450389481414,0.023213044107387146,0.01819775619016772,0.013974571707884197,0.010519401589454065,0.007802861038467657,0.005790044762797833,0.004440299017936732,0.003706990464078881,0.0035372718369693907,0.003871844432492314,0.004644717404994362,0.005782963879397689,0.007206473877018438,0.008827704055152239,0.010551424260428963
0.8848489502589544,0.8939302634467844,0.9029498880353888,0.9118480364580083,0.9205670417094893,0.9290514058348771,0.9372478452535371,0.9451053329188073,0.9525751373131801,0.9596108582790158,0.9661684596847845,0.9722062989268386,0.9776851532667162,0.9825682430039736,0.9868212514845487,0.9904123419446537,0.9933121711901989,0.9954939001117459,0.996933201034991,0.9976082619067794,0.9974997873166485,0.9965909963539018,0.9948676173002132,0.9923178791577618,0.9889325000128945,0.9847046722353217,0.9796300445128416,0.9737067007215949,0.9669351356318495,0.9593182274493152,0.950861207191989,0.9415716249025298,0.9314593126961647,0.920536344644123,0.9088169934926031,0.8963176842172672,0.8830569444132668,0.8690553515207999,0.8543354768861959,0.8389218266585323,0.8228407795217803,0.8061205212624817,0.7887909761729555,0.7708837352900338,0.7524319814693298,0.7334704112950335,0.7140351538252394,0.6941636861728023,0.6738947459217269,0.6532682403790827,0.6323251526624537,0.6111074446229137,0.5896579566035365,0.5680203040334312,0.5462387708573121,0.5243581998005961,0.5024238794700308,0.4804814282898532,0.4585766752734776,0.4367555376307148,0.41506389521052034,0.3935474617792737,0.37225165313458775,0.3512214520546445,0.3305012700830715,0.3101348061493319,0.29016490202466144,0.2706333946135251,0.2515809650806047,0.23304698481332328,0.215069358219892,0.19768436236288972,0.18092648342837564,0.1648282500305281,0.14942006335181388,0.13473002411869156,0.1207837564128399,0.10760422831791915,0.09521156940186348,0.08362288503469888,0.07285206754189796,0.06290960419325953,0.05380238202731443,0.04553348951128205,0.03810201503652713,0.03150284224956549,0.025726442218598614,0.020758662435577783,0.016580512653785087,0.013167947560975399,0.010491646288005292,0.008516788753031062,0.007202828841220476,0.0065032644199867345,0.006365404189771422,0.00673013137034511,0.0075316642226277665,0.00869731340607524,0.010147236171555479,0.011794187389769275,0.013543267415224627
0.8835162561400006,0.89257263644052,0.9015674868935019,0.9104411803478873,0.9191362114127309,0.9275972442871052,0.9357711574471724,0.9436070851904305,0.9510564560371269,0.9580730279888454,0.9646129206442637,0.9706346441720808,0.9760991251411169,0.9809697292075826,0.985212280659521,0.9887950788184182,0.9916889112979875,0.9938670641201225,0.9953053286880221,0.9959820056164869,0.9958779054193844,0.9949763460542883,0.9932631473242856,0.9907266221369576,0.9873575646205295,0.9831492350971921,0.9780973419135939,0.972200020128505,0.9654578070576512,0.9578736146757193,0.9494526988755329,0.9402026255843999,0.930133233737631,0.9192565951092281,0.9075869709997446,0.8951407657813161,0.8819364772998632,0.8679946441344633,0.8533377897138945,0.837990363290352,0.8219786777703307,0.8053308444026854,0.7880767043238559,0.7702477569602663,0.7518770852878949,0.7329992779490151,0.7136503482261047,0.6938676498729307,0.6736897898028015,0.6531565376339908,0.6323087320923344,0.6111881842709941,0.5898375777473973,0.5683003655573429,0.5466206640262815,0.5248431434577653,0.5030129156790688,0.4811754184439811,0.45937629669276764,0.43766128066930565,0.4160760608953876,0.39466616000219673,0.3734768014189561,0.3525527749187411,0.33193829902147554,0.31167688025408263,0.291811169267822,0.2723828138127892,0.25343230856958443,0.23499884183816253,0.21712013908384212,0.19983230334049173,0.18316965247088768,0.16716455328424018,0.1518472525108892,0.13724570463417815,0.12338539657949002,0.11028916926045866,0.09797703598235356,0.08646599770262843,0.0757698551486483,0.06589901779258432,0.05686030968347088,0.04865677213646012,0.04128746327921353,0.034747254455483705,0.02902662348586729,0.024111444785727805,0.019982776340274226,0.016616643536844895,0.013983819854317322,0.012049604409726179,0.010773596362038765,0.010109466173092746,0.01000472372572141,0.010400483299041854,0.011231225400899575,0.012424555457521675,0.013900959360301167,0.015573555869766538,0.017347845876742794
0.88170574266183,0.8907374037546064,0.8997077689097017,0.908557442276454,0.9172291463922017,0.9256677694538197,0.9338204094678921,0.941636415279521,0.9490674244797752,0.9560673981917752,0.9625926527354158,0.968601888170727,0.9740562137198724,0.9789191700677833,0.9831567485414334,0.98673740716775,0.9896320836101606,0.9918142049837811,0.9932596945492373,0.9939469752851285,0.9938569703391238,0.9929731003577007,0.9912812776945181,0.988769897497428,0.9854298256741248,0.9812543837364323,0.9762393305232276,0.9703828408020037,0.9636854807490689,0.9561501803083841,0.9477822024290374,0.9385891091813561,0.9285807247516582,0.9177690953156383,0.9061684457903935,0.8937951334650864,0.8806675985102451,0.8668063113657016,0.8522337170071669,0.8369741760914445,0.8210539029802808,0.8045009006428542,0.7873448924369003,0.7696172507684756,0.7513509226303591,0.7325803520190911,0.7133413992306487,0.6936712570347602,0.6736083637278573,0.6531923130646629,0.6324637610684193,0.6114643297197516,0.5902365075241701,0.5688235469582089,0.5472693587942047,0.5256184033037097,0.5039155783395451,0.4822061042964911,0.46053540595061304,0.4389489911772282,0.4174923265475078,0.39621070980371653,0.3751491392130927,0.35435217980035955,0.3338638264588849,0.313727363940464,0.2939852237237542,0.2746788377613386,0.25584848910542657,0.23753315941220093,0.21977037332479119,0.2025960397348927,0.1860442899230194,0.1701473125773968,0.15493518569148676,0.14043570534016075,0.12667421133449885,0.11367340975523313,0.10145319236482857,0.09003045289819726,0.07941890023205583,0.06962886843291691,0.06066712368371317,0.05253666808907863,0.04523654035924172,0.03876161337256723,0.0331023886167447,0.02824478750860346,0.02416993959255996,0.02085396761772888,0.01826776949363169,0.01637679712457929,0.015140832122676771,0.014513758399459694,0.014443331636181686,0.014870945632735517,0.01573139553519187,0.016952637942019268,0.018455547888897486,0.020153672712183827,0.021952982791039397
0.8794229559084934,0.8884301504180914,0.8973763571014457,0.9062024813732454,0.9148515391338055,0.9232687035827088,0.9314013489323432,0.9391990910213358,0.9466138248278817,0.9535997588829712,0.9601134465835117,0.9661138144053453,0.9715621870161639,0.9764223092883199,0.9806603652115322,0.9842449937054907,0.9871473013323533,0.9893408719091429,0.9908017730200378,0.9915085594285593,0.9914422733896562,0.9905864418616835,0.988927070618279,0.9864526352601356,0.9831540691266695,0.9790247481075841,0.9740604723543317,0.9682594448914685,0.9616222471279099,0.9541518112680775,0.9458533896229452,0.9367345208209806,0.9268049929189824,0.9160768034128142,0.9045641161480337,0.8922832151304197,0.8792524552363932,0.8654922098233366,0.8510248152398077,0.8358745122356502,0.8200673842720004,0.8036312927311908,0.7865958090265478,0.7689921436120883,0.7508530718921101,0.7322128570306808,0.7131071696610191,0.6935730044947762,0.6736485938312123,0.6533733179662667,0.6327876125015289,0.6119328725530998,0.5908513538603555,0.5695860707946007,0.5481806912676248,0.5266794285401485,0.5051269299301704,0.48356816242120787,0.4620482951704343,0.4406125789167128,0.4193062222885271,0.3981742650118056,0.3772614480176455,0.35661208044992776,0.3362699035728378,0.31627795157826777,0.29667840929313016,0.277512466786558,0.2588201708770015,0.24064027353922848,0.22301007721121188,0.20596527700091724,0.1895397997929885,0.17376564025532684,0.15867269374556456,0.14428858611744086,0.1306385004270673,0.11774500053909301,0.10562785163276664,0.09430383760788963,0.08378657539067307,0.07408632613948454,0.06520980335048895,0.057159977863202725,0.04993587976591898,0.04353239720104214,0.037940072070323565,0.033144892639987045,0.02912808304574087,0.02586588969771585,0.02332936458525518,0.021484145481642784,0.020290233048706006,0.01970176484131324,0.01966678621177778,0.020127018114157243,0.021017621808427225,0.02226696046459287,0.02379635766665672,0.02551985281649513,0.02734395343765395
0.8766749275122473,0.8856579463839277,0.8945803585520459,0.9033834395213785,0.9120105629042491,0.9204072468765924,0.9285211975549301,0.9363023492942617,0.9437029019068672,0.9506773548020226,0.9571825380466311,0.9631776403467641,0.9686242339501183,0.9734862964693847,0.9777302296265301,0.9813248749179942,0.9842415262007976,0.9864539391995635,0.9879383379344535,0.9886734180700164,0.9886403471849493,0.987822761962772,0.9862067623034171,0.9837809023557292,0.9805361784708808,0.9764660140767,0.9715662414729105,0.965835080547287,0.9592731144127222,0.951883261965208,0.943670747362728,0.9346430664250659,0.9248099499545257,0.9141833239775647,0.902777266907341,0.8906079636271723,0.8776936564949106,0.8640545932682273,0.8497129719508141,0.8346928825594948,0.8190202458122514,0.8027227487371648,0.7858297772022652,0.7683723453662996,0.7503830220504096,0.7318958540307251,0.7129462862518674,0.6935710789613694,0.6738082217650075,0.6536968446030461,0.6332771256473957,0.6125901961196848,0.591678042030245,0.5705834028380079,0.5493496670313167,0.528020764629651,0.5066410566062635,0.485255221231732,0.46390813733842173,0.4426447645058645,0.42151002016704786,0.4005486536356188,0.3798051170540021,0.3593234332624267,0.3391470605888758,0.3193187545599348,0.29988042653256847,0.2808729992468006,0.2623362592993084,0.24430870653793677,0.22682740037711713,0.20992780303420377,0.1936436196867249,0.17800663555054305,0.1630465498789301,0.14879080688255825,0.13526442357040078,0.12248981451154622,0.11048661351792972,0.09927149224796972,0.08885797573112858,0.07925625481337673,0.07047299552357074,0.0625111453607606,0.05536973650238343,0.04904368593338895,0.04352359249627577,0.038795530862040004,0.034840842422026105,0.03163592310071973,0.029152008089411277,0.02735495350081237,0.02620501494456659,0.025656623023669643,0.025658155751816694,0.026151707891656367,0.0270728572139411,0.02835042767763239,0.029906249530874247,0.03165491633289914,0.03350353889686462
0.8734701454608964,0.8824293172397095,0.8913283350296156,0.900108911894108,0.9087148422189555,0.9170920479105359,0.9251886215358265,0.9329548664040517,0.9403433335899838,0.9473088558989028,0.9538085787732102,0.9598019881406993,0.9652509352044809,0.9701196581745675,0.9743748009411096,0.9779854286892917,0.9809230404558813,0.9831615786274351,0.9846774353801633,0.9854494560614451,0.9854589395130047,0.9846896353357414,0.9831277380962146,0.9807618784747879,0.9775831113554252,0.9735849008571466,0.9687631023071375,0.963115941155515,0.9566439888317506,0.9493501355427472,0.9412395600125737,0.9323196961638557,0.9226001967408202,0.9120928938739996,0.9008117565865873,0.8887728452424537,0.8759942629358152,0.8624961038225606,0.8483003983932328,0.8334310556876665,0.8179138024512834,0.8017761192330407,0.7850471734250372,0.7677577492437759,0.749940174653081,0.7316282452286735,0.7128571449643986,0.6936633640201129,0.6740846134112262,0.6541597366398992,0.6339286182678973,0.6134320894311001,0.5927118302956678,0.5718102694558616,0.5507704802735234,0.5296360741592075,0.508451090794972,0.48725988529882325,0.46610701233081797,0.445037107140821,0.4240947635579191,0.4033244089214898,0.3827701759539286,0.3624757715750271,0.34248434265801675,0.32283833872725487,0.3035793715975799,0.28474807195531593,0.2663839428809295,0.24852521031335528,0.23120867045596255,0.2144695341241878,0.19834126803482022,0.18285543303694224,0.16804151928452643,0.15392677835069107,0.1405360522836079,0.12789159960406712,0.11601291824470127,0.1049165654308581,0.09461597450313985,0.0851212686815874,0.07643907177152413,0.0685723158110681,0.0615200456602787,0.05527722053196958,0.049834512464183627,0.04517810173431875,0.04128946921489946,0.03814518567103179,0.03571669799947471,0.033970112409404354,0.03286597454481739,0.032359046548584916,0.032398081068177875,0.032925592203039596,0.03387762339360087,0.035183512251988985,0.03676565233435084,0.03853925185484862,0.040412089341331905
0.8698185193437077,0.8787542093571318,0.8876302680457662,0.896388911933875,0.9049744177576955,0.913333168505122,0.9214136964174812,0.9291667229534016,0.9365451957147737,0.9435043223348025,0.9500016013281537,0.9559968499031906,0.9614522287363043,0.9663322637083362,0.9706038646030927,0.9742363407679508,0.9772014137365593,0.9794732268136286,0.9810283516218158,0.9818457916107,0.9819069825278515,0.9811957898519921,0.9796985031882485,0.9774038276254976,0.9743028720558042,0.9703891344559515,0.9656584841310631,0.9601091409203177,0.9537416513647565,0.9465588618371823,0.9385658886341512,0.9297700850300566,0.9201810052933056,0.9098103656645876,0.8986720022972354,0.886781826159678,0.8741577748999866,0.8608197616725125,0.846789620926617,0.8320910511574948,0.8167495546190877,0.8007923739990926,0.7842484260560604,0.7671482322185886,0.7495238461466046,0.7314087782547432,0.7128379171978142,0.6938474483183639,0.6744747690563293,0.6547584013207823,0.6347379008237698,0.6144537633762416,0.5939473281460758,0.5732606778781911,0.5524365360767564,0.5315181611494888,0.5105492375140465,0.4895737636665129,0.4686359372119731,0.4477800368571826,0.4270503013653291,0.40649080547288535,0.38614533276855645,0.36605724553431457,0.34626935154853566,0.32682376785121453,0.3077617814712866,0.2891237071160327,0.27094874182257617,0.25327481657148126,0.23613844486243202,0.21957456825201102,0.2036163988535691,0.18829525879918618,0.17364041666372318,0.1596789208509717,0.1464354299418891,0.13393204000493067,0.1221881088684736,0.11122007735532806,0.10104128747935114,0.09166179760414199,0.08308819456383101,0.07532340274597737,0.06836649013653315,0.062212471326914695,0.05685210748316747,0.05227170327722161,0.04845290078022841,0.04537247031801681,0.04300209828860135,0.04130817194182127,0.04025156112105394,0.03978739696701514,0.03986484758366761,0.040426890666213286,0.04141008309116282,0.04274432746853765,0.044352635656121055,0.04615088923581808,0.04804759695212943
0.8657313400358972,0.8746439494801707,0.8834975183540563,0.8922348307738448,0.9008007057279362,0.9091420430558818,0.917207866409615,0.9249493631968752,0.93231992150682,0.9392751640178307,0.9457729788875068,0.9517735476248528,0.9572393699446542,0.9621352856040462,0.9664284932212716,0.9700885660766309,0.9730874648956217,0.9753995476142715,0.9770015761266573,0.9778727200146211,0.9779945572596712,0.9773510719370787,0.9759286488921616,0.9737160653987617,0.970704479799911,0.9668874171306906,0.9622607517232785,0.95682268679419,0.9505737310137078,0.9435166720575034,0.9356565471404488,0.9270006105326201,0.9175582980574913,0.9073411885723189,0.8963629624307172,0.8846393569274249,0.8721881187252621,0.8590289532642793,0.8451834711530947,0.8306751315424253,0.8155291824808071,0.7997725982525068,0.7834340136976233,0.7665436555143819,0.7491332705436173,0.7312360510354498,0.7128865568981495,0.6941206349291935,0.6749753350285134,0.6554888233939333,0.6357002926987997,0.6156498692517993,0.595378517138973,0.574927939347914,0.5543404758741627,0.5336589988097895,0.5129268044141679,0.4921875021669415,0.4714849008031773,0.4508628913307144,0.43036532702970115,0.41003590043432264,0.3899180172967216,0.3700546675331052,0.3504882931520515,0.33126065316499453,0.3124126854789122,0.2939843657711986,0.2760145633467243,0.25854089397709795,0.24159956972210794,0.22522524573335967,0.20945086404010518,0.19430749431725966,0.17982417163561118,0.16602773119422232,0.1529426400350197,0.14059082573957637,0.12899150210808552,0.11816099182052164,0.10811254607999833,0.09885616123831176,0.09039839240367147,0.0827421640306423,0.07588657749224716,0.06982671563428013,0.0645534443118084,0.0600532109078646,0.05630783983431642,0.05329432501496028,0.05098461935075871,0.04934542116731068,0.04833795764449539,0.04791776522829755,0.04803446702484551,0.048631547176625475,0.049646122220876616,0.05100870943021235,0.05264299213539446,0.0544655820303099,0.056385778459162886
0.8612212338216887,0.8701111987519858,0.8789427798881905,0.8876593911019356,0.896206451675907,0.904531432318885,0.9125838981827105,0.9203155488811674,0.9276802555107894,0.9346340946735867,0.9411353795016936,0.9471446876839382,0.952624886494331,0.9575411548224773,0.9618610022059076,0.9655542848643323,0.9685932187358145,0.9709523895148657,0.9726087596924619,0.9735416725979809,0.9737328534430599,0.9731664073673757,0.9718288144863442,0.9697089219407425,0.9667979329482508,0.9630893928569151,0.9585791722005337,0.9532654467559605,0.947148674602333,0.9402315701822196,0.9325190753646868,0.924018327510292,0.91473862453799,0.9046913869939689,0.8938901171224,0.8823503549381126,0.8700896313011891,0.8571274179934802,0.8434850747970427,0.8291857935744968,0.8142545393513051,0.7987179883999733,0.7826044633261701,0.7659438651567705,0.7487676024298184,0.7311085172864114,0.7130008085645047,0.6944799518946384,0.675582616797585,0.656346580783917,0.6368106404554971,0.6170145196088872,0.5969987743406825,0.5768046951547606,0.5564742060714583,0.5360497607386632,0.515574235544832,0.49509081973392566,0.4746429025222673,0.4542739572173207,0.43402742233839114,0.4139465797392447,0.3940744297326525,0.37445356321684903,0.35512603080392313,0.33613320895011495,0.31751566308804813,0.2993130077608752,0.28156376375834197,0.26430521225478326,0.24757324594902788,0.23140221720623122,0.21582478320162873,0.20087174806620858,0.1865719020343035,0.1729518575931107,0.1600358826341247,0.1478457306064959,0.1364004676723106,0.125716296863786,0.11580637924239717,0.10668065205991395,0.09834564392136017,0.09080428694991066,0.08405572595368303,0.07809512459446515,0.0729134685583672,0.06849736572838815,0.06482884335889733,0.06188514225206039,0.059638507936150206,0.05805597884581256,0.057099171504237003,0.056724062707245546,0.056880768709313446,0.05751332141150775,0.058559441551327876,0.05995030889450867,0.06161032942870258,0.06345689955909738,0.06540016730597646
0.8563021109559454,0.865169901180544,0.8739800281399689,0.8826765954673375,0.8912056787453824,0.8995153716524906,0.9075558291299939,0.9152793075707153,0.9226402020287668,0.9295950804506006,0.9361027149273148,0.9421241099682116,0.9476225277956085,0.9525635106609037,0.9569149001818931,0.9606468537013433,0.9637318576668156,0.9661447380317435,0.9678626676777651,0.968865170858307,0.9691341246634229,0.9686537575058842,0.9674106446285243,0.9653937006328378,0.9625941690288303,0.9590056088061232,0.9546238780263114,0.9494471144365753,0.9434757131045428,0.9367123010744098,0.9291617090443085,0.9208309400649338,0.9117291352594193,0.9018675365644685,0.8912594464927394,0.8799201849164812,0.8678670428724251,0.8551192333879296,0.8416978393283753,0.8276257582658183,0.8129276443688914,0.7976298473139638,0.781760348217549,0.7653486925899713,0.7484259203102804,0.7310244926224241,0.7131782161526697,0.6949221639482823,0.6762925935374555,0.657326862010493,0.6380633381222481,0.6185413114158115,0.5988008983674566,0.5788829455528345,0.5588289298344257,0.538680855570242,0.5184811488437847,0.49827254871525317,0.47809799549400867,0.45800051603229075,0.43802310604018746,0.41820860942185756,0.3985995946330093,0.37923822805962515,0.3601661444179526,0.34142431417573166,0.3230529079946911,0.3050911581942899,0.28757721723670915,0.27054801323310895,0.254039102471125,0.23808451896362762,0.22271662101873066,0.20796593483105455,0.19386099509424026,0.18042818263472166,0.1676915590667464,0.15567269846865125,0.14439051608039363,0.13386109402233032,0.12409750403525789,0.11510962724169828,0.10690397092843819,0.09948348235033655,0.09284735955536233,0.0869908592308971,0.08190510157129641,0.07757687216669772,0.07398842091307452,0.0711172579435693,0.06893594658103921,0.06741189331189543,0.06650713478117457,0.06617812180886139,0.06637550042747771,0.06704388994091917,0.06812165800452831,0.06954069272645957,0.07122617179025859,0.07309632859870767,0.07506221543894731
0.8509891086643718,0.8598352265429661,0.8686244629769888,0.8773016690295196,0.8858136303841837,0.8941091137152538,0.9021389100979087,0.9098558754586502,0.9172149680658821,0.9241732830606445,0.9306900840275102,0.9367268316056381,0.9422472091399875,0.9472171453726893,0.9516048341745769,0.9553807513168787,0.9585176682830655,0.9609906631208593,0.9627771283344014,0.9638567758165777,0.9642116388215063,0.9638260709771793,0.962686742338269,0.9607826324790887,0.9581050206267153,0.9546474728342699,0.9504058261943568,0.9453781700926636,0.9395648245017176,0.9329683153148044,0.9255933467200411,0.9174467706146142,0.9085375530591716,0.8988767377723764,0.8884774066656185,0.877354637417886,0.8655254580907952,0.8530087987837796,0.8398254403294384,0.8259979600290431,0.8115506744282049,0.7965095791326983,0.7809022856644471,0.7647579553576663,0.7481072302951657,0.7309821612848111,0.7134161328761437,0.6954437854171606,0.6771009341512536,0.6584244853543054,0.639452349511948,0.6202233515369768,0.6007771380269267,0.5811540815618039,0.5613951820419805,0.5415419650662452,0.521636377350015,0.501720679183704,0.48183733393125305,0.4620288945688174,0.442337887263614,0.4228066919929264,0.4034774202032725,0.38439178950972347,0.36559099543539486,0.347115580191079,0.3290052984950545,0.31129898043304294,0.29403439135832615,0.27724808883202906,0.2609752766035542,0.2452496556311773,0.23010327214280532,0.21556636273688992,0.2016671965234981,0.18843191430554945,0.1758843648002046,0.16404593790041616,0.15293539497664024,0.14256869621870144,0.13295882501782477,0.12411560938882009,0.11604554043242302,0.10875158783781347,0.10223301242526689,0.09648517572897837,0.0914993466200494,0.08726250496962928,0.08375714235220526,0.08096105978908007,0.07884716253196766,0.07738325188678674,0.07653181407759163,0.07624980615066415,0.07648843891877333,0.07719295694558964,0.07830241557024271,0.07974945497207628,0.08146007127552045,0.08335338469514211,0.08534140472086735
0.8452985285822908,0.8541235077285927,0.8628924459000962,0.8715509967497295,0.8800467074983946,0.8883290656199964,0.896349542585082,0.9040616346630935,0.9114209007832285,0.9183849974539124,0.9249137107408829,0.9309689853038834,0.9365149504919672,0.9415179434974142,0.9459465295682566,0.9497715192794169,0.9529659828624538,0.9555052615939231,0.9573669762423463,0.9585310325737908,0.9589796239160601,0.9586972307814968,0.9576706175483946,0.9558888262010213,0.9533431671282533,0.95002720698082,0.9459367535871596,0.9410698379278855,0.9354266931688631,0.9290097307528983,0.9218235135500353,0.9138747260664669,0.9051721417120537,0.8957265871264558,0.8855509035638748,0.8746599053364049,0.8630703353159977,0.8508008174950352,0.8378718066055149,0.8243055347968461,0.8101259553722542,0.7953586835838004,0.780030934486007,0.7641714578480985,0.7478104701248488,0.7309795834860429,0.7137117319045473,0.6960410943029905,0.6780030147590581,0.6596339197693935,0.640971232572113,0.622053284527931,0.6029192235598948,0.5836089196517306,0.5641628674048015,0.5446220856536749,0.5250280141403003,0.5054224072468007,0.4858472247868704,0.4663445198557876,0.44695632373903516,0.42772452787953286,0.4086907629034825,0.38989627470481797,0.3713817975882759,0.35318742447106377,0.33535247414315267,0.3179153555861723,0.3009134293509149,0.28438286599346063,0.268358501569902,0.2528736901896853,0.23796015362756182,0.22364782799415012,0.20996470746510534,0.19693668506890727,0.18458739053324988,0.1729380251900479,0.16200719393905397,0.15181073427008066,0.14236154234384207,0.13366939613139883,0.12574077561221317,0.1185786800308304,0.11218244221214675,0.10654753993530192,0.10166540436618587,0.09752322554855083,0.09410375495372446,0.09138510508896383,0.08934054616437569,0.08793829981848963,0.0871413299024198,0.08690713032263646,0.08718750994236081,0.08792837454156448,0.08906950583556392,0.09054433755226385,0.09227972856797044,0.09419573310183317,0.09620536796891327
0.8392477686319887,0.8480521725207752,0.8568014317405875,0.8654420550249817,0.8739224000542984,0.8821927205440319,0.8902052104097838,0.8979140450087968,0.9052754194580728,0.9122475840290704,0.9187908766189878,0.9248677522986255,0.9304428099368318,0.935482815901531,0.939956724837334,0.9438356975197286,0.9470931157858568,0.9497045945418684,0.9516479908468624,0.9529034100734062,0.9534532091446392,0.9532819968479588,0.952376631225287,0.9507262140399212,0.9483220823199646,0.945157796978342,0.9412291285093944,0.9365340397620594,0.9310726657896295,0.9248472907760977,0.9178623220390794,0.9101242611093221,0.9016416718867939,0.8924251458733551,0.882487264482012,0.8718425584227524,0.8605074641649645,0.848500277476437,0.8358411040389413,0.8225518071403966,0.8086559524436159,0.7941787498316368,0.7791469923296311,0.7635889921033986,0.7475345135344432,0.7310147033716309,0.7140620179594291,0.6967101475427286,0.6789939376482493,0.6609493075425248,0.6426131657664733,0.6240233227465466,0.6052184004824651,0.5862377393115311,0.5671213017495277,0.5479095734081979,0.5286434609893068,0.5093641873552855,0.49011318367645673,0.4709319786548443,0.4518620848245632,0.432944881928792,0.4142214973733293,0.39573268375672765,0.37751869347701844,0.3596191504150065,0.3420729186941595,0.3249179685170722,0.30819123907851126,0.2919284985550515,0.2761642011712836,0.2609313413426102,0.2462613048946238,0.23218371735906482,0.2187262893463612,0.20591465899475558,0.19377223149600784,0.18232001569768305,0.1715764577820242,0.16155727202139972,0.1522752686103427,0.14374017857416452,0.13595847575414965,0.12893319586934862,0.12266375265493049,0.11714575107712769,0.11237079762476951,0.1083263076773911,0.10499530994991653,0.10235624801395048,0.10038277889561278,0.09904356874999229,0.0983020856121631,0.09811638922478384,0.09843891794228755,0.0992162727116507,0.10038899812972732,0.10189136057720372,0.10365112342909598,0.10558931934184286,0.1076200196170039
0.832855249338637,0.841639669817386,0.8503698947971646,0.8589933377645359,0.8674592131280282,0.875718583795554,0.8837244058458765,0.8914315702941248,0.8987969419513581,0.9057793953781759,0.9123398479323798,0.9184412899106804,0.9240488117844543,0.9291296285295484,0.9336531010501337,0.9375907546966058,0.9409162948775343,0.9436056197656613,0.9456368300979466,0.9469902360696627,0.9476483613225365,0.9475959440269408,0.9468199350581324,0.9453094932665406,0.9430559778421017,0.9400529377726432,0.9362960983963158,0.9317833450480733,0.9265147038002022,0.9204923192968969,0.9137204296828862,0.9062053386261059,0.8979553844344199,0.8889809062663916,0.8792942074360999,0.8689095158120073,0.857842941309873,0.8461124304797171,0.8337377181868306,0.8207402763868351,0.8071432599947905,0.7929714498483509,0.7782511927649683,0.7630103386931454,0.7472781749577356,0.7310853575992929,0.714463839807468,0.6974467974484536,0.6800685516864791,0.6623644886993512,0.6443709764880452,0.6261252787803423,0.6076654660285175,0.5890303235010724,0.5702592564685212,0.5513921924832192,0.5324694807532449,0.5135317886103259,0.4946199950718164,0.4757750814967213,0.45703801933576854,0.43844965497552996,0.4200505916765917,0.4018810686057688,0.38398083696237556,0.36638903319853355,0.34914404933353876,0.33228340036227083,0.3158435887576482,0.29985996606714105,0.2843665916033219,0.26939608822847033,0.25497949523322627,0.2411461183092878,0.2279233766161594,0.21533664694195076,0.203409104958219,0.19216156356886313,0.18161230835306516,0.17177693010227787,0.16266815445126567,0.15429566860318866,0.1466659451487321,0.13978206297930235,0.1336435252942452,0.1282460747021263,0.12358150541606322,0.11963747254310121,0.11639729846762743,0.11383977632886118,0.11193897059235242,0.11066401471556542,0.10997890590749287,0.10984229698231437,0.11020728530711817,0.11102119884366167,0.11222537928416854,0.11375496228120802,0.11553865477158591,0.11749850939429707,0.11954969600254585
0.8261403345847825,0.8349053902900506,0.8436172494126377,0.8522242769088649,0.8606765874029378,0.868926093336181,0.876926550227259,0.8846335990433819,0.8920048056824976,0.8989996975664672,0.9055797973452281,0.9117086537119392,0.9173518693291157,0.9224771258657452,0.9270542061453905,0.9310550134052795,0.9344535876663773,0.9372261192144445,0.9393509591920841,0.9408086273017677,0.9415818166198514,0.9416553955215771,0.9410164067170554,0.9396540633982384,0.9375597424968737,0.9347269750534463,0.9311514336971053,0.926830917236575,0.9217653323620523,0.9159566724580889,0.9094089935274581,0.9021283872260091,0.8941229510085034,0.8854027553854396,0.8759798082908613,0.8658680165611513,0.8550831445248107,0.8436427697032239,0.8315662356224076,0.818874601735747,0.8055905904577144,0.7917385313085774,0.7773443021700877,0.7624352676521581,0.7470402145705238,0.7311892845353908,0.7149139036510653,0.6982467093265726,0.6812214741972601,0.6638730271573839,0.646237171503684,0.6283506001899407,0.6102508081925205,0.5919760019869026,0.573565006135196,0.5550571669846373,0.5364922534770764,0.5179103550694469,0.49935177676522063,0.4808569312568497,0.46246622817919164,0.44421996047392137,0.42615818786492793,0.4083206174446942,0.39074648137166973,0.3734744116786155,0.3565423121919484,0.33998722756206096,0.3238452094046292,0.30815117955290927,0.2929387904210139,0.2782402824781769,0.26408633883400334,0.25050593693470474,0.23752619737031683,0.22517222979290819,0.21346697594576836,0.20243104980358448,0.19208257482360422,0.18243701830777792,0.1735070228758961,0.16530223504970296,0.15782913094799422,0.15109083909271842,0.1450869603260375,0.13981338483838626,0.13526210630752047,0.13142103314854556,0.1282737968749229,0.1257995575704846,0.12397280647239899,0.12276316566515397,0.12213518488550919,0.12204813543843272,0.12245580122403169,0.12330626687546475,0.12454170300782426,0.12609814857804025,0.12790529035573187,0.12988623950505687,0.13195730527756616
0.8191232468034124,0.8278695814821034,0.8365637649903809,0.8451551573911141,0.8535948141146876,0.8618355347596609,0.8698319090208005,0.8775403597444816,0.8849191831114612,0.8919285859470226,0.8985307201584906,0.9046897143001177,0.9103717022653417,0.9155448491064133,0.9201793739813968,0.924247570228539,0.927723822568012,0.9305846214310243,0.9328085744163053,0.9343764148739602,0.9352710076166937,0.9354773517584084,0.9349825806801716,0.9337759591235542,0.9318488774113401,0.929194842795607,0.9258094679331782,0.9216904564884449,0.9168375858635609,0.9112526870560063,0.9049396216435242,0.8979042558964268,0.8901544320172743,0.8816999365079223,0.8725524656639435,0.862725588196417,0.8522347049810918,0.8410970059349183,0.8293314240199535,0.8169585863746363,0.8040007625724315,0.7904818100078499,0.7764271164098342,0.7618635394825192,0.7468193436733613,0.7313241340686416,0.7154087874163351,0.6991053802763565,0.682447114298174,0.665468238625793,0.6482039694301158,0.6306904065686654,0.6129644473726868,0.595063697561614,0.5770263792849131,0.558891236291291,0.5406974362252804,0.5224844700511924,0.5042920486044403,0.4861599962702365,0.4681281417896588,0.4502362061930873,0.432523687861015,0.41502974471222415,0.39779307351934234,0.38085178635175776,0.3642432841459174,0.3480041274029893,0.3321699040138942,0.3167750942117177,0.30185293265148183,0.2874352676172947,0.27355241735687125,0.2602330235434209,0.24750390186490867,0.23538988974068917,0.22391369116550852,0.21309571868087734,0.20295393247381924,0.19350367660298246,0.18475751235213156,0.17672504871100325,0.16941276998353144,0.16282386052346023,0.15695802659730293,0.15181131537468626,0.14737593104606866,0.14364004806782374,0.1405876215346878,0.1381981946796032,0.13644670350089472,0.13530327851685314,0.1347330436476717,0.1346959122247511,0.13514638012738783,0.13603331604682786,0.13729974887767563,0.13888265223671142,0.1407127261090411,0.14271417562163125,0.14480448694423345
0.8118249766095895,0.8205532573452623,0.8292304754505386,0.8378070265410499,0.8462349444440491,0.8544679507267364,0.8624615013677702,0.8701728305719613,0.8775609917281536,0.8845868955102882,0.8912133451216535,0.897405068682319,0.9031287487597539,0.9083530490426315,0.913048638157817,0.9171882106305412,0.9207465049877585,0.9237003190046887,0.9260285220945458,0.9277120648414489,0.9287339856765202,0.9290794146971662,0.9287355746295439,0.9276917789342131,0.925939427054971,0.9234719968108737,0.920285033931442,0.9163761387350504,0.9117449499505038,0.9063931256817958,0.9003243215160533,0.893544165774667,0.886060231907604,0.8778820080309073,0.8690208636073788,0.8594900132704484,0.8493044777912259,0.8384810421887395,0.8270382109833584,0.8149961605933997,0.80237668887492,0.7892031618046934,0.7755004573063721,0.7612949062198324,0.7466142304137069,0.7314874780410995,0.715944955938486,0.7000181591677989,0.6837396977016988,0.6671432202520279,0.6502633352414501,0.6331355289182752,0.6157960806144687,0.5982819751468434,0.580630812361441,0.562880713821093,0.5450702266361693,0.5272382244385126,0.5094238054985538,0.49166618798561496,0.4740046023713979,0.45647818097665344,0.43912584466104054,0.4219861866561647,0.4050973535418088,0.3884969233653374,0.3722217809042983,0.3563079900722002,0.34079066346747633,0.32570382906563794,0.3110802940546064,0.29695150581323276,0.2833474100330026,0.27029630598292514,0.2578246989176047,0.2459571496285021,0.23471612113837564,0.2241218225389099,0.21419204997152871,0.2049420247513905,0.1963842286345733,0.1885282362284408,0.18138054454518804,0.17494439969859157,0.16921962074391808,0.16420242066103244,0.15988522448069192,0.15625648455402302,0.15330049296517137,0.150997191087165,0.1493219762809219,0.14824550573748088,0.14773349746339567,0.14774652840931543,0.14823982974175867,0.14916307925806774,0.15046019094453367,0.15206910167774015,0.153921555069056,0.15594288245232665,0.1580517810147662
0.8042671868706602,0.8129781022150282,0.8216390831259821,0.8302015979314973,0.8386186933574254,0.8468450448561673,0.8548370040937543,0.8625526435953377,0.8699517985490837,0.8769961057684769,0.8836490398130313,0.8898759462674077,0.8956440721789396,0.9009225936535645,0.9056826406101657,0.909897318693318,0.913541728344443,0.916592981031371,0.9190302126363097,0.9208345940022218,0.921989338637608,0.9224797075796993,0.9222930114160539,0.9214186094645651,0.9198479061118735,0.9175743443101874,0.9145933962325113,0.9109025510862816,0.9065013000854075,0.9013911185807234,0.8955754453488436,0.8890596590394289,0.8818510517808575,0.8739587999443053,0.8653939320662305,0.8561692939292705,0.8462995108015404,0.8358009468343433,0.8246916616182853,0.8129913638978004,0.8007213624440785,0.7879045140864063,0.7745651689019103,0.7607291125637101,0.7464235058474794,0.731676821296412,0.7165187770445971,0.7009802677988007,0.6850932929786561,0.6688908820152587,0.6524070168081723,0.6356765513408376,0.6187351284543943,0.6016190937799033,0.5843654068289833,0.5670115492428494,0.5495954301997615,0.532155288980881,0.5147295946945311,0.4973569431588684,0.4800759509429603,0.4629251465662683,0.4459428588565424,0.4291671024661167,0.41263546054662154,0.3963849645820907,0.38045197138048864,0.36487203722363715,0.3496797891755483,0.33490879354917336,0.32059142153154985,0.3067587119673597,0.29344023130089575,0.2806639306764346,0.26845600019701393,0.25684072034162414,0.24584031054079963,0.23547477491062183,0.2257617451451298,0.21671632056713433,0.2083509053374448,0.20067504282249923,0.19369524712039826,0.1874148317453641,0.181833735470581,0.17694834532945947,0.17275131677530636,0.1692313909994022,0.16637320940747452,0.16415712525460452,0.16255901243850412,0.16155007145123568,0.16109663248932005,0.16115995572225164,0.16169602871943098,0.16265536103549982,0.1639827759540687,0.1656171993898874,0.16749144594938492,0.1695320021496324,0.17165880679572934
0.7964721112150356,0.8051663692248037,0.8138118570980168,0.82236114966727,0.8307683378950912,0.8389890800719136,0.8469806501870699,0.8547019834728081,0.8621137191213272,0.8691782401748356,0.8758597105886302,0.8821241094671975,0.8879392624733355,0.8932748704102964,0.8981025349769516,0.9023957816959784,0.9061300800150661,0.9092828605811457,0.9118335296876391,0.913763480894731,0.9150561038226617,0.91569679011804,0.9156729365931803,0.9149739455384581,0.9135912222076882,0.9115181694765239,0.9087501796738785,0.9052846235863671,0.9011208366357685,0.8962601022295127,0.8907056322841842,0.8844625449220513,0.8775378393406138,0.8699403678551737,0.8616808051144262,0.8527716144890725,0.843227011633454,0.8330629252202078,0.8222969548479433,0.8109483261219405,0.7990378429078688,0.7865878367585293,0.7736221135136145,0.7601658970724944,0.7462457703400189,0.7318896133453462,0.7171265385337887,0.7019868232316816,0.6865018392842746,0.6707039798666413,0.6546265834676147,0.6383038550467385,0.6217707843642448,0.6050630614840492,0.5882169894497705,0.5712693941337691,0.5542575312592085,0.5372189905951371,0.5201915973245919,0.5032133105857229,0.4863221191859407,0.4695559344890819,0.4529524804756001,0.4365491809757735,0.420383044075941,0.40449054369774884,0.38890749835042987,0.3736689470560982,0.3588090224480622,0.34436082104216903,0.33035627068115947,0.31682599515205007,0.30379917597653633,0.2913034113744161,0.27936457240003204,0.2680066562517415,0.2572516367544027,0.24711931201488177,0.23762714925058695,0.22879012679101546,0.22062057325233167,0.21312800388495712,0.20631895409418435,0.20019681013382454,0.19476163697285426,0.19001000333509788,0.18593480391193123,0.18252507874800564,0.17976582979998135,0.17763783466831057,0.1761174575020029,0.17517645707644777,0.17478179204423921,0.17489542335902308,0.1754741138723729,0.17646922510368557,0.17782651118308038,0.17948590996735775,0.18138133132894005,0.18344044261784817,0.18558445129671813
0.788462446979543,0.7971407731587341,0.8057715259718417,0.8143084171165879,0.8227066099071466,0.8309227714064772,0.8389151217456683,0.8466434806302942,0.8540693110337805,0.8611557600777828,0.8678676970995752,0.8741717489064503,0.88003633221713,0.8854316832901882,0.8903298847394839,0.8947048895366049,0.8985325422003242,0.9017905971730663,0.9044587343843847,0.9065185720014504,0.9079536763665528,0.9087495691216091,0.9088937315196879,0.9083756059235412,0.9071865944911497,0.9053200550482773,0.9027712941480379,0.899537557317473,0.8956180164911405,0.8910137546317142,0.8857277475375944,0.879764842837531,0.8731317361722548,0.8658369445631238,0.857890776967776,0.8493053020227985,0.8400943129734025,0.8302732897901133,0.8198593584724695,0.808871247539734,0.7973292417086154,0.7852551327580016,0.7726721675807035,0.7596049934222096,0.7460796003064535,0.7321232606485907,0.7177644660547865,0.703032861309016,0.6879591755468755,0.6725751506164026,0.6569134666259109,0.6410076646788322,0.6248920667955736,0.6086016930223813,0.5921721757272197,0.5756396710826591,0.5590407677357748,0.5424123926650587,0.5257917142243395,0.5092160423737168,0.4927227260975041,0.47634904800918443,0.4601321161433761,0.4441087529348084,0.428315381384314,0.41278790841182283,0.3975616053963768,0.38267098590315,0.3681496805974791,0.354030309345912,0.34034435050425843,0.32712200739265695,0.3143920719576535,0.3021817856212881,0.29051669731719365,0.2794205187137081,0.2689149766239946,0.2590196626031741,0.24975187973247026,0.2411264865903617,0.23315573841075066,0.225849125428139,0.21921320840981096,0.21325145137504567,0.20796405150131406,0.20334776621750453,0.19939573748415634,0.1960973132607066,0.19343786615973357,0.19139860928824087,0.18995640927591312,0.1890835964904191,0.1887477724397068,0.18891161436130927,0.1895326769986712,0.19056319156448334,0.19194986189101193,0.19363365776747354,0.19554960546438646,0.19762657544494697,0.19978706726343032
0.780261242595351,0.788924377743272,0.7975411650917582,0.8060664800849859,0.8144565832371918,0.8226691732604031,0.8306634373925315,0.8384000989258283,0.8458414619357056,0.8529514532099162,0.8596956613780994,0.8660413732416884,0.8719576073041804,0.8774151445017698,0.8823865561343449,0.8868462289968457,0.8907703877109863,0.8941371142573389,0.8969263647077813,0.8991199831583071,0.9007017128621985,0.9016572045635614,0.901974022031225,0.9016416447930032,0.9006514680703172,0.898996799913184,0.8966728555355659,0.8936767488510831,0.8900074812090886,0.8856659273311074,0.8806548184476365,0.8749787226353098,0.8686440223544245,0.8616588891868299,0.854033255774181,0.8457787849565527,0.8369088361114183,0.82743842869299,0.8173842029719223,0.8067643779753796,0.7955987066274638,0.7839084280900076,0.7717162173037289,0.7590461317297483,0.7459235552914699,0.7323751395168255,0.7184287418808789,0.7041133613487958,0.6894590711191763,0.6744969485677481,0.6592590023914254,0.6437780969527278,0.6280878738245645,0.612222670535379,0.596217436514659,0.5801076462388067,0.5639292095773741,0.5477183793396602,0.5315116560216695,0.5153456897534368,0.4992571794467112,0.48328276914300544,0.467458941562007,0.4518219088503507,0.4364075005307594,0.42125104865153773,0.4063872701364407,0.39185014633489573,0.3776727997725893,0.36388736810242234,0.3505248752558206,0.337615099794412,0.3251864404620665,0.3132657789372988,0.30187833978603007,0.2910475476147213,0.28079488142385933,0.2711397261618124,0.2620992214790464,0.25368810768270295,0.24591856889154276,0.23880007339125006,0.2323392111900953,0.22653952877497746,0.22140136106780595,0.2169216605822586,0.21309382378090416,0.20990751463268448,0.20734848537075026,0.20539839445068467,0.2040346217090539,0.20323008072235418,0.2029530283663037,0.20316687157549757,0.20382997130343414,0.2048954436829006,0.20631095838670668,0.20801853418881483,0.20995433172579842,0.21204844345867627,0.21422468083512497
0.7718917794124663,0.7805404773774606,0.7891440781961303,0.7976586444317133,0.8060415553537166,0.81425156111794,0.8222488341595604,0.8299950177992859,0.8374532720625691,0.8445883167118888,0.8513664714920951,0.8577556935888188,0.8637256122999457,0.8692475609201558,0.8742946058385269,0.8788415728492026,0.8828650706751255,0.8863435117048348,0.8892571299423276,0.8915879961699863,0.8933200303245704,0.8944390110862716,0.8949325826808346,0.8947902588947435,0.89400342430347,0.892565332712789,0.8904711028131576,0.8877177110471586,0.8843039816900092,0.8802305741431345,0.8754999674408033,0.870116441969833,0.8640860584023545,0.8574166338416452,0.8501177151810239,0.842200549675812,0.8336780527283604,0.8245647728861365,0.8148768540528827,0.8046319949128323,0.7938494055679954,0.7825497613885078,0.7707551540760419,0.7584890399402876,0.7457761853884921,0.7326426096280693,0.7191155245822697,0.7052232720189173,0.6909952578922117,0.6764618838975917,0.6616544762396674,0.646605211613214,0.6313470403972324,0.6159136070620712,0.600339167789618,0.5846585053065514,0.5689068409306588,0.5531197438302202,0.5373330374964543,0.5215827034290311,0.5059047820346485,0.4903352707386728,0.47491001930984567,0.45966462239805206,0.4446343092851605,0.42985383084891526,0.41535734373990746,0.401178291771601,0.38734928452342443,0.37390197315693396,0.3608669234450317,0.3482734860142554,0.3361496638001298,0.3245219767155843,0.313415323532432,0.30285284097591947,0.29285576003233343,0.28344325946967813,0.27463231657141596,0.2664375550832685,0.2588710903730903,0.25194237180379947,0.24565802231937328,0.24002167524392148,0.23503380829380335,0.23069157480282274,0.2269886321604868,0.22391496746332964,0.22145672037928882,0.21959600322517334,0.21831071825715828,0.2175743721743801,0.2173558878355769,0.21761941318879402,0.21832412741416338,0.21942404427974307,0.22086781271040695,0.2225985145698339,0.2245534596555252,0.22666397790689938,0.2288552088264708
0.7633774479628023,0.7720124733019407,0.7806036735120964,0.7891083181286213,0.797484923429208,0.8056933077188578,0.8136946438399569,0.821451508907458,0.8289279312691705,0.8360894346911556,0.842903079768229,0.8493375025595703,0.8553629504494384,0.860951315232995,0.8660761634272328,0.8707127638070127,0.8748381121662053,0.8784309533039416,0.8814718002359679,0.88394295063111,0.8858285004728408,0.887114354945959,0.8877882365483696,0.8878396904279756,0.8872600869446725,0.886042621457453,0.8841823113366155,0.8816759902010811,0.8785222993808169,0.8747216766043656,0.8702763419114816,0.8651902807908752,0.859469224543062,0.8531206278683194,0.8461536436797502,0.8385790951414529,0.830409444931798,0.8216587617318116,0.8123426839386658,0.8024783806042753,0.7920845095990009,0.78118117300046,0.7697898697074433,0.7579334452789391,0.7456360389982629,0.7329230281622948,0.7198209695958235,0.7063575383909962,0.6925614638718763,0.6784624627841069,0.6640911697096821,0.6494790647068232,0.6346583981749638,0.6196621129448395,0.604523763593686,0.5892774329855427,0.5739576460366638,0.5585992807060359,0.5432374762110018,0.5279075384679918,0.5126448427583605,0.49748473361933254,0.48246242196005273,0.46761287940274215,0.45297072984896775,0.4385701382710056,0.42444469672832597,0.41062730760917454,0.3971500640972618,0.3840441278635661,0.3713396039832337,0.359065413077591,0.3472491606812648,0.3359170038344051,0.3250935149000157,0.31480154260639437,0.3050620703146772,0.2958940715114888,0.2873143625267024,0.27933745247630315,0.2719753904303608,0.26523760980610867,0.25913076998612256,0.2536585951616256,0.24882171040087459,0.24461747494266778,0.24103981271495944,0.23807904007857988,0.2357216907960516,0.2339503382255371,0.23274341473985913,0.2320750283706588,0.2319147766776447,0.2322275578429481,0.23297337899059226,0.23410716173106758,0.23557854493099586,0.23733168470793706,0.23930505165026653,0.24143122526217364,0.24363668563378058
0.75474161866182,0.7633637442066803,0.7719433342900303,0.7804388817615427,0.7888100548669752,0.79701775368643,0.8050241638090957,0.8127928072444703,0.8202885905700651,0.8274778503155898,0.8343283955836193,0.8408095479067423,0.84689217834119,0.852548741796947,0.857753308604343,0.8624815933171264,0.8667109807520189,0.8704205492647513,0.8735910912625807,0.8762051309532888,0.8782469393306623,0.8797025463964534,0.8805597506188226,0.8808081256272633,0.8804390241440047,0.879445579151901,0.8778227022987964,0.8755670795383768,0.8726771640074977,0.8691531661399977,0.8649970410169902,0.8602124729536386,0.8548048573224116,0.8487812796128197,0.8421504917276343,0.8349228855155861,0.8271104635405472,0.8187268070871927,0.8097870414031433,0.8003077981775921,0.7903071752564087,0.779804693593728,0.768821251440018,0.7573790757666309,0.7455016709268332,0.7332137645533197,0.720541250692206,0.7075111301735052,0.694151448218084,0.6804912292811002,0.6665604091319226,0.6523897641705312,0.6380108379803994,0.6234558651178563,0.6087576921379326,0.5939496958566853,0.579065698850005,0.5641398821889052,0.5492066954112903,0.5343007637302087,0.519456792478584,0.5047094687904283,0.4900933605185393,0.4756428123886726,0.4613918393902055,0.44737401740326865,0.4336223710623722,0.4201692588565054,0.4070462554657168,0.39428403133418377,0.3819122294797535,0.369959339539972,0.35845256905459155,0.34741771198456095,0.3368790144674941,0.3268590378096251,0.31737851871423994,0.30845622674659073,0.3001088190352938,0.29235069221020404,0.2851938315767765,0.27864765752690546,0.27271886918624066,0.2674112852980019,0.2627256823432516,0.25865962989766295,0.2552073232247683,0.25235941310568855,0.2501028329053342,0.2484206228751109,0.2472917516920724,0.2466909352345876,0.24658845259447118,0.2469499593255956,0.2477362979289933,0.24890330557443568,0.2504016190584812,0.2521764769990347,0.25416751926635645,0.25630858365056475,0.2585274997656341
0.7460075069487413,0.7546175112774222,0.7631862837777551,0.7716735534741604,0.7800401522756916,0.7882480726115675,0.79626052231389,0.8040419767475433,0.8115582281872762,0.8187764324419678,0.8256651527260758,0.8321944007782672,0.8383356752272337,0.844061997204688,0.849347943205544,0.8541696751952801,0.8585049679644855,0.862333233730588,0.8656355439867673,0.8683946485980487,0.8705949921445815,0.8722227275120992,0.8732657267295633,0.8737135890539903,0.8735576463024608,0.8727909654313118,0.8714083483625121,0.8694063290572208,0.8667831678365291,0.8635388429493833,0.8596750393876923,0.8551951349486189,0.8501041835440506,0.8444088957572581,0.8381176166467316,0.8312403007972047,0.8237884846178576,0.8157752558877066,0.8072152205481723,0.7981244667428361,0.7885205261043737,0.7784223322886772,0.7678501767561554,0.7568256618002204,0.7453716508229555,0.7335122158579669,0.7212725823404165,0.7086790711242402,0.695759037746548,0.6825408089392055,0.6690536163876022,0.6553275277365975,0.6413933748436556,0.6272826792791568,0.6130275750738984,0.5986607287137728,0.5842152563816326,0.5697246384463363,0.5552226311989776,0.5407431758362988,0.5263203046912847,0.5119880447109416,0.4977803181812589,0.483730840699351,0.4698730163927888,0.4562398303861036,0.4428637385144856,0.42977655428465694,0.4170093330829293,0.4045922536304497,0.3925544966856214,0.38092412099371303,0.36972793648364904,0.35899137471198367,0.3487383565540553,0.3389911571423291,0.3297702680519164,0.3210942567332813,0.3129796231921296,0.3054406539164771,0.2984892730509075,0.2921348908180069,0.2863842491869802,0.2812412647894652,0.27670686908250747,0.27277884575873124,0.2694516654036938,0.26671631740042195,0.2645601390811197,0.26296664212608595,0.2619153362097777,0.26138154989409135,0.26133624876880684,0.26174585083921814,0.26257203916095184,0.26377157172196686,0.26529608857172327,0.2670919161975659,0.2690998691482566,0.2712550489047037,0.2734866399978889
0.7371980328653347,0.7457966976808585,0.7543554446345063,0.762835248354366,0.7711981128916541,0.7794071305931186,0.7874265382306493,0.795221770388097,0.8027595101053013,0.810007736779326,0.8169357713229026,0.8235143185800837,0.8297155069991037,0.8355129255624466,0.8408816579741251,0.8457983141041647,0.8502410586902992,0.8541896372968719,0.8576253995309473,0.8605313195156292,0.8628920136205891,0.8646937554498008,0.8659244880864855,0.8665738335952635,0.8666330997815153,0.8660952842079502,0.8649550754683841,0.8632088517187249,0.8608546764651669,0.8578922916095926,0.8543231077521842,0.8501501917512417,0.8453782515402112,0.8400136182019196,0.8340642253000196,0.8275395854676414,0.8204507642532534,0.8128103512237321,0.8046324283246381,0.7959325354977032,0.7867276335555224,0.7770360643134592,0.7668775079787531,0.7562729377968412,0.7452445719548835,0.7338158227425009,0.7220112429697169,0.7098564696421105,0.6973781648931783,0.6846039541739017,0.6715623616995257,0.6582827431535428,0.6447952156488896,0.6311305849463462,0.617320269930149,0.6033962243408085,0.5893908557651376,0.5753369418834864,0.5612675439741864,0.5472159176752034,0.5332154210029971,0.5192994196285914,0.5055011894108505,0.49185381618696467,0.4783900928201463,0.4651424135045281,0.4521426653272778,0.4394221170879159,0.42701130537484017,0.4149399178990661,0.4032366740851678,0.39192920291942984,0.3810439180552107,0.3706058901755092,0.3606387166127421,0.3511643882257311,0.34220315353389563,0.33377338010865504,0.32589141322204107,0.3185714317525138,0.31182530134799147,0.3056624248460852,0.30008958995153956,0.29511081417089463,0.29072718700433625,0.2869367093947682,0.2837341304340905,0.281110781326688,0.2790544066101141,0.2775489926330101,0.27657459329019596,0.2761071530150034,0.2761183270287991,0.27657529884771737,0.2774405950466082,0.2786718972801911,0.2802218515614036,0.28203787479698855,0.2840619585802582,0.28623047024107895,0.28847395115307867
0.7283356750732721,0.7369237824885219,0.7454732927846462,0.7539464322631081,0.7623063824487601,0.7705173402343244,0.7785445752914291,0.7863544847481997,0.7939146451334094,0.8011938615871838,0.8081622143382635,0.8147911024478244,0.8210532848198504,0.8269229184780688,0.832375594109437,0.8373883688741879,0.8419397964824338,0.846009954537323,0.8495804691447557,0.8526345367896567,0.8551569434788026,0.8571340811502077,0.8585539613490655,0.859406226170247,0.8596821564673555,0.8593746773283387,0.8584783608176559,0.856989425985004,0.8549057361405976,0.8522267933970079,0.8489537304775573,0.8450892997912696,0.8406378597743794,0.8356053584983957,0.8299993145447226,0.8238287951458378,0.8171043915930261,0.8098381919106716,0.802043750797103,0.7937360568320007,0.7849314969503542,0.7756478181829829,0.7659040866636072,0.7557206439024808,0.745119060326577,0.7341220860863338,0.7227535991289521,0.7110385505382549,0.6990029071411004,0.6866735913803507,0.6740784184544018,0.6612460307232637,0.6482058293812032,0.6349879033959389,0.6216229557143953,0.6081422267350127,0.5945774150466135,0.5809605954338262,0.5673241341490632,0.55370060145106,0.540122681409966,0.5266230789789949,0.5132344243326319,0.4999891744713933,0.4869195120931518,0.47405724173100555,0.4614336831577168,0.4490795620566982,0.4370248979595579,0.4252988894502056,0.4139297966355084,0.40294482088250816,0.39236998182219296,0.38222999161982824,0.37254812651183816,0.36334609560925285,0.35464390696770387,0.3464597309239803,0.33880976069914237,0.33170807026818755,0.3251664694962782,0.3191943565415228,0.3137985675243101,0.3089832234632151,0.3047495744774403,0.30109584125582634,0.29801705379241994,0.29550488738859565,0.29354749592172713,0.29212934238043553,0.29123102666636413,0.2908291106625389,0.29089594056826934,0.29139946650060716,0.2923030593623675,0.29356532497670595,0.2951399154882374,0.29697533803074116,0.2990147606613931,0.30119581556156605,0.3034503995041991
0.7194423193100585,0.7280206490394018,0.7365617057111301,0.7450289701057323,0.7533868034962006,0.7616005090954341,0.7696363907788725,0.7774618090823584,0.7850452344752292,0.7923562979086396,0.7993658386391113,0.8060459493273134,0.8123700184120727,0.8183127697596112,0.8238502995880151,0.8289601106669331,0.8336211437925015,0.8378138065375016,0.8415199992767457,0.8447231384876912,0.8474081773262854,0.8495616234780389,0.8511715542843286,0.852227629143931,0.8527210991897826,0.8526448142409718,0.8519932270299592,0.8507623947050268,0.8489499776079589,0.8465552353269482,0.8435790200247356,0.8400237670419765,0.8358934827758373,0.8311937298338218,0.8259316094628265,0.8201157412534247,0.8137562401193803,0.8068646905523924,0.7994541181520668,0.7915389584311181,0.7831350228958022,0.7742594624015753,0.7649307277839856,0.7551685277647919,0.7449937841333122,0.7344285842030032,0.7234961305432659,0.7122206879864841,0.7006275279102896,0.6887428697950579,0.6765938200566343,0.6642083081542859,0.6516150199738878,0.6388433284863341,0.6259232216811811,0.6128852277755192,0.599760337698073,0.5865799248485332,0.5733756621321144,0.5601794362693462,0.5470232593810903,0.5339391778487886,0.5209591784499412,0.5081150917688108,0.495438492882362,0.48296059932142277,0.4707121663070815,0.4587233792623109,0.4470237435988185,0.43564197177913383,0.4246058676539165,0.4139422080744991,0.4036766217806582,0.39383346556361437,0.38443569770425967,0.3755047486866197,0.3670603891865391,0.35912059533559937,0.3517014112602682,0.34481680889627087,0.338478545078201,0.3326960159043521,0.32747610837677943,0.3228230493166031,0.3187382515545213,0.3152201573965649,0.3122640793650809,0.3098620382149451,0.30800259822499504,0.3066706997647128,0.30584748913610743,0.3055101456908565,0.30563170622265945,0.306180886634822,0.30712190088307684,0.30841427719363107,0.3100126715564287,0.3118666784936746,0.3139206391035548,0.3161134463791975,0.31837834780288193
0.710539101283534,0.7191084277412824,0.7276418051887212,0.7361039685458085,0.7444604581638717,0.7526776826024802,0.7607229786895452,0.7685646688646541,0.776172115805632,0.7835157743383352,0.7905672406296766,0.7972992986638798,0.8036859640019648,0.8097025248244644,0.8153255802573705,0.8205330759813128,0.8253043371239659,0.8296200984356885,0.8334625317483932,0.8368152707176463,0.8396634328479983,0.8419936388015467,0.8437940289897262,0.8450542774483335,0.8457656029957786,0.8459207776745712,0.8455141324760335,0.844541560348246,0.8430005164872252,0.8408900159113278,0.83821062831889,0.8349644702290944,0.8311551944060692,0.8267879765662175,0.8218694993687771,0.8164079336896113,0.8104129171782297,0.8038955300980413,0.7968682684498357,0.7893450143784976,0.7813410038629498,0.772872791689328,0.7639582137073867,0.7546163463701335,0.7448674635566975,0.7347329906784259,0.7242354560682105,0.7133984396530482,0.7022465189098288,0.6908052121043551,0.679100918813594,0.6671608577311567,0.6550130017560116,0.6426860103644247,0.6302091592651355,0.6176122673377581,0.6049256208544174,0.5921798949846131,0.5794060725833163,0.5666353602622946,0.5538991017446705,0.5412286885027082,0.5286554676788326,0.5162106472898763,0.5039251987145635,0.49182975646421473,0.4799545152366923,0.4683291242535702,0.45698257888053484,0.44594310953102156,0.4352380678530749,0.42489381019944406,0.41493557838090844,0.4053873777028322,0.39627185228494993,0.38761015766438517,0.3794218306818973,0.37172465665135845,0.36453453381246437,0.3578653350666715,0.3517287669963696,0.3461342261672815,0.3410886527140903,0.336596381209312,0.3326589888153784,0.32927514071996233,0.3264404328545343,0.3241472318961482,0.3223845125524491,0.3211376921299335,0.32038846238540825,0.32011461866071084,0.3202898863006443,0.3208837443541417,0.32186124655867043,0.3231828396078635,0.32480417870236783,0.32667594038395437,0.3287436326528263,0.3309474023681711,0.33322183993195637
0.7016462440049478,0.7102073333107991,0.7187337944569596,0.7271916131614514,0.735547505375504,0.7437689814122121,0.7518244073657617,0.7596830638212214,0.7673152018549032,0.7746920963252886,0.7817860964545237,0.7885706737004795,0.7950204669193816,0.8011113248190055,0.8068203457024399,0.8121259145024173,0.8170077371062113,0.8214468719711018,0.8254257590304069,0.8289282458900823,0.8319396113158882,0.8344465860111226,0.8364373706849226,0.8379016514111333,0.8388306122777418,0.8392169453268824,0.8390548577854043,0.8383400765860103,0.8370698501789609,0.8352429476343463,0.8328596550349244,0.8299217691595289,0.8264325884570409,0.8223969013109313,0.8178209715943672,0.8127125215158882,0.8070807117556487,0.8009361188922269,0.794290710120003,0.787157815257102,0.7795520960439063,0.7714895127321335,0.7629872879644825,0.7540638679448471,0.7447388808990959,0.7350330928264205,0.7249683605412492,0.7145675820057302,0.703854643952781,0.6928543667997038,0.681592446852371,0.6700953957999746,0.6583904775003463,0.646505642055841,0.6344694571797914,0.622311036853527,0.6100599672739614,0.5977462300917479,0.5854001229399997,0.5730521772535797,0.5607330733789573,0.5484735529746305,0.5363043287021184,0.5242559912075164,0.5123589133936257,0.5006431519826406,0.4891383463694125,0.47787361476527507,0.46687744763243677,0.45617759840894606,0.44580097152421705,0.4357735077051258,0.42612006657267476,0.41686430652922246,0.40802856193627945,0.3996337175828766,0.3916990804444942,0.3842422487325623,0.3772789782345286,0.37082304594448934,0.3648861109843933,0.3594775728158093,0.35460442674225684,0.3502711167021207,0.34647938535210915,0.3432281214412956,0.340513204475723,0.338327346673579,0.3366599322109256,0.33549685375802046,0.3348203463061725,0.334608818285196,0.33483667997141403,0.33547416918623163,0.3364871742852815,0.3378370544381357,0.3394804571985711,0.34136913336542996,0.34344974913402015,0.3456636955380925,0.34794689518239885
0.6927828895606036,0.701336496452221,0.7098567898328786,0.7183110000441282,0.7266670125095063,0.7348934332331902,0.7429596515959033,0.750835900448068,0.7584933135002081,0.7659039800105986,0.7730409967701656,0.7798785173846329,0.7863917988539185,0.7925572454487799,0.7983524498847057,0.8037562317930581,0.8087486734894638,0.8133111530394517,0.8174263746213406,0.8210783961863748,0.8242526544161092,0.8269359869770406,0.8291166520724914,0.8307843452917378,0.8319302137563884,0.8325468675640126,0.8326283885290146,0.8321703362207582,0.8311697512989398,0.829625156146209,0.8275365527980386,0.824905418169843,0.8217346965813442,0.8180287895781886,0.8137935430508092,0.8090362316505394,0.8037655405029731,0.7979915442185744,0.7917256832005359,0.7849807372498849,0.7777707964678383,0.7701112294554074,0.7620186488102481,0.7535108739207632,0.744606891057451,0.7353268107615042,0.7256918225306533,0.715724146802265,0.7054469842336831,0.6948844622798217,0.6840615790680046,0.6730041445700558,0.6617387190716353,0.6502925489388265,0.6386934996819703,0.6269699863167477,0.6151509010225127,0.6032655380978714,0.5913435162135114,0.5794146979622784,0.567509106706503,0.5556568407225743,0.5438879846427634,0.5322325181942932,0.520720222235662,0.5093805820902065,0.4982426881769247,0.4873351339385378,0.47668591106680386,0.46632230202508435,0.4562707698681512,0.44655684535924806,0.43720501138439943,0.42823858466396697,0.4196795947614525,0.41154866038955645,0.403864863013476,0.39664561775145835,0.38990654157260013,0.38366131879189336,0.3779215638625254,0.37269668146542134,0.36799372389603546,0.3638172457484025,0.36016915589641857,0.357048566772383,0.35445164094278825,0.3523714349813572,0.3507977406393207,0.34971692331296406,0.34911175780839354,0.34896126140357764,0.3492405242076234,0.3499205368173011,0.35096801527082394,0.35234522329887386,0.35400979187286397,0.35591453605047724,0.35800726911842456,0.3602306140324615,0.3625218121546697
0.6839669253220781,0.6925137899749519,0.7010286467634742,0.7094799618399573,0.7178367815075297,0.7260687991030369,0.7341464191832303,0.7420408190142422,0.7497240073643486,0.7571688806000173,0.7643492760852437,0.771240022884173,0.7778169897670094,0.784057130519212,0.7899385265539771,0.7954404268280079,0.8005432850605703,0.8052287942558356,0.8094799185285109,0.8132809222327542,0.8166173963943787,0.8194762824463417,0.8218458932675221,0.8237159315247832,0.8250775053183228,0.8259231411303102,0.82624679407681,0.8260438554629925,0.8253111576416303,0.8240469761748828,0.8222510292993668,0.8199244746945133,0.8170699035542125,0.8136913319617443,0.8097941895679956,0.8053853055729657,0.8004728920105562,0.7950665243366501,0.7891771193204759,0.782816910239259,0.7759994193761601,0.7687394278215003,0.7610529425772725,0.7529571609649395,0.7444704323365201,0.735612217088961,0.7264030429817943,0.7168644587580842,0.7070189850686592,0.69689006269963,0.6865019981031969,0.6758799062317405,0.6650496506752028,0.6540377811017514,0.6428714680017332,0.6315784347349144,0.6201868868810052,0.6087254388934751,0.59722303805665,0.5857088857461009,0.5742123559923162,0.5627629113476621,0.5513900160566293,0.5401230465293654,0.5289911991184982,0.518023395199239,0.5072481835527792,0.49669364005297034,0.4863872646562893,0.47635587569509574,0.46662550147417065,0.45722126917054423,0.44816729103661124,0.43948654790653124,0.43120077000591545,0.4233303150648041,0.4158940437339256,0.4089091923042446,0.402391242729799,0.3963537899538179,0.39080840653813453,0.3857645045958782,0.38122919502745317,0.3772071440598183,0.37370042708903073,0.3707083798260925,0.36822744674607943,0.3662510268405597,0.3647693166732878,0.36376915073920774,0.36323383912671225,0.3631430024832177,0.3634724042840097,0.3641937804043772,0.36527466599503866,0.36667821966085334,0.36836304494280653,0.3702830091033102,0.3723870592147602,0.37461903555139237,0.37691748228443833
0.6752148045950116,0.6837556493497552,0.692265780317925,0.7007148882334984,0.7090731694307482,0.7173113941218496,0.7254009719831841,0.7333140150503403,0.7410233979218124,0.7485028152713935,0.7557268366692697,0.7626709587118071,0.769311654460038,0.7756264201868447,0.7815938194328378,0.7871935243709338,0.7924063544796287,0.7972143125249683,0.801600617851217,0.8055497369802205,0.8090474115194697,0.8120806833788577,0.814637917296136,0.8167088206710669,0.8182844607082733,0.8193572788687851,0.8199211026302827,0.8199711545560373,0.819504058672549,0.8185178441558805,0.8170119463266888,0.8149872049539542,0.8124458598674045,0.8093915438786385,0.8058292730109452,0.8017654340378191,0.7972077693301748,0.7921653590122564,0.7866486004262454,0.7806691849055649,0.7742400718568799,0.767375460150797,0.7600907568212582,0.7524025430736341,0.7443285376015121,0.7358875572121841,0.7270994747608275,0.7179851743933868,0.7085665040981505,0.6988662255660241,0.6889079613595028,0.6787161393903381,0.6683159347059039,0.657733208584257,0.6469944449378976,0.6361266840262242,0.6251574534766869,0.6141146966146376,0.6030266981018761,0.5919220068838944,0.5808293564458177,0.5697775823770419,0.5587955372445687,0.547912002775036,0.5371555993454501,0.5265546927826065,0.5161372984712168,0.505930982770727,0.495962761740832,0.4862589971756935,0.47684528994684733,0.46774637065481167,0.4589859875893927,0.45058679199868534,0.4425702206667714,0.4349563758001159,0.42776390222265953,0.42100986187960754,0.4147096056499173,0.4088766424674799,0.40352250575100224,0.3986566171425849,0.39428614755499086,0.39041587552762835,0.3870480428912084,0.38418220774111356,0.381815094719461,0.379940442605864,0.37854884921688053,0.3776276136141797,0.37716057562137556,0.3771279526495869,0.3775061738316775,0.3782677114651945,0.37938090976401057,0.3808098109186601,0.38251397846536117,0.38444831796375994,0.386562894983346,0.388802750398574,0.3911077129926955
0.6665413617064702,0.6750768877036984,0.6835829801195625,0.6920305408740303,0.700390903463855,0.708635902641771,0.7167379414091838,0.72467005532236,0.7324059741121127,0.7399201806169848,0.7471879670299301,0.75418548845849,0.7608898137984698,0.7672789739211102,0.7733320071737567,0.7790290021940274,0.7843511380374757,0.7892807216187526,0.7938012224662653,0.7978973047903319,0.801554856864836,0.8047610177223757,0.8075042011629119,0.8097741170759133,0.8115617900759973,0.8128595754520709,0.8136611724299664,0.8139616347485751,0.8137573785494788,0.8130461875800785,0.8118272157102183,0.8101009867623111,0.8078693916549555,0.8051356828600559,0.8019044661734352,0.7981816897989479,0.7939746307460883,0.7892918785410976,0.7841433162515671,0.7785400988245391,0.7724946287381053,0.766020528966502,0.7591326132587024,0.7518468537305071,0.7441803457701311,0.7361512702572881,0.7277788530957717,0.719083322059535,0.7100858609522664,0.7008085610804632,0.691274370040002,0.6815070378162068,0.6715310601974146,0.6613716195020364,0.6510545226191188,0.6406061363623992,0.6300533201378612,0.6194233559247856,0.6087438755702987,0.5980427853974188,0.5873481881265993,0.5766883021107688,0.5660913778838699,0.5555856120228914,0.5451990583234051,0.5349595362885899,0.5248945369317629,0.5150311258924017,0.5053958438656638,0.496014604345409,0.48691258868071174,0.4781141384458757,0.46964264512394355,0.461520437103705,0.4537686639901999,0.44640717822872256,0.4394544140423195,0.43292726368278583,0.4268409509951606,0.4212089022957153,0.41604261456344466,0.4113515209450511,0.40714285357342395,0.40342150369962876,0.4001898791383753,0.397447759026995,0.3951921458979137,0.3934171150646225,0.3921136613211367,0.3912695429549722,0.39086912307359073,0.39089320824436946,0.3913188844480528,0.3921193503457025,0.39326374785915086,0.3947169900649498,0.39643958640180355,0.3983874651915269,0.4005117934734729,0.4027587941524673,0.40506956046025416
0.6579596215308802,0.6664905052538215,0.6749932197175926,0.6834398627443201,0.691802890366778,0.7000551879127188,0.7081701384069126,0.7161216882908946,0.7238844104604223,0.73143356462064,0.738745154958953,0.7457959851356104,0.7525637105919956,0.7590268881766264,0.7651650230888637,0.7709586131403283,0.776389190334027,0.7814393597611867,0.7860928358157979,0.7903344757268659,0.7941503104083719,0.7975275726269414,0.8004547224872227,0.8029214702349726,0.8049187963778517,0.8064389691239281,0.8074755591378899,0.8080234516149658,0.8080788556725557,0.8076393110595675,0.8067036921834658,0.8052722094550262,0.8033464079508005,0.800929163393289,0.7980246754488227,0.7946384583431533,0.7907773287947516,0.7864493912658167,0.7816640205309897,0.7764318415637816,0.7707647067407046,0.7646756703631149,0.758178960496764,0.751289948129058,0.7440251136440258,0.7364020106149957,0.7284392269149816,0.7201563431447762,0.7115738883787545,0.702713293228385,0.6935968402234503,0.6842476115109749,0.6746894338718641,0.6649468210552487,0.6550449134305403,0.645009414957195,0.6348665274721852,0.6246428822951805,0.6143654691514369,0.6040615624123947,0.5937586446539858,0.5834843275326485,0.5732662699790522,0.5631320937095282,0.553109296055215,0.543225160108903,0.5335066621895975,0.5239803766247847,0.5146723778504055,0.5056081398285441,0.4968124327828182,0.48830921725148174,0.48012153545823605,0.472271400000749,0.4647796798568819,0.4576659837086272,0.4509485405837539,0.4446440778151594,0.43876769631793566,0.43333274318413584,0.42835068159525846,0.4238309580524339,0.4197808669243179,0.4162054123127075,0.4131071672358459,0.41048613012944746,0.40833957866543225,0.4066619208883672,0.40544454366960786,0.4046756584791696,0.40434014447527816,0.40441938891165635,0.40489112486250406,0.4057292662651886,0.4069037402806491,0.40838031697150723,0.4101204362978757,0.41208103243090105,0.41421435538398815,0.4164677899617428,0.4187836720266373
0.649480603454535,0.6580074931795256,0.6665074603985678,0.6749537819718828,0.6833200203741114,0.6915800961842761,0.6997083578970985,0.7076796490556735,0.715469372705497,0.7230535531698504,0.7304088951465395,0.7375128401259894,0.7443436201306951,0.750880308776027,0.7571028696523908,0.7629922020287455,0.7685301838774741,0.7736997122206105,0.778484740797424,0.7828703150533542,0.7868426044503074,0.7903889320983032,0.7934978017084798,0.7961589218674533,0.7983632276330322,0.8001028994512888,0.8013713793949837,0.802163384723348,0.8024749187632194,0.8023032791115344,0.8016470631591744,0.8005061709361713,0.7988818052782624,0.7967764693148061,0.79419396127805,0.7911393666337558,0.7876190475331781,0.7836406295864009,0.7792129859570268,0.774346218778224,0.7690516378901268,0.7633417368985931,0.7572301665553163,0.7507317054592924,0.7438622280796433,0.7366386700997961,0.7290789910830149,0.721202134459291,0.7130279848335881,0.7045773226154408,0.6958717759699113,0.6869337700898991,0.6777864737898082,0.668453743420567,0.6589600641060074,0.6493304883005953,0.6395905716685191,0.6297663062841331,0.6198840511537556,0.6099704600588226,0.6000524067203982,0.5901569072850379,0.5803110401320102,0.5705418630018704,0.5608763274463943,0.5513411905998606,0.5419629242716961,0.5327676213604721,0.5237808995892541,0.5150278025623144,0.506532698143192,0.4983191741541123,0.49040993139676137,0.4828266739944159,0.4755899970554265,0.46871927165806015,0.4622325271566944,0.4561463308093691,0.4504756647266933,0.44523380014210623,0.4404321690034952,0.4360802328861688,0.4321853492271813,0.4287526348810246,0.42578482699665887,0.4232821412159093,0.42124212719321635,0.41965952143674384,0.41852609747083097,0.4178305133198218,0.41755815631322074,0.4176909852122308,0.4182073696576325,0.4190819269390185,0.42028535608539025,0.42178426927710766,0.4235410205791824,0.42551353199595315,0.42765511684708746,0.4299143004649536,0.43223463821335373
0.6411131197786742,0.6496366319336839,0.6581344494376101,0.6665810100827296,0.6749509655422654,0.6832192552637385,0.6913611776867864,0.6993524587854443,0.7071693179348932,0.714788531102672,0.7221874913643547,0.7293442667436909,0.7362376553772151,0.7428472380033166,0.7491534277757768,0.7551375174017704,0.7607817236043328,0.7660692289092897,0.7709842207566554,0.7755119279364926,0.7796386543492383,0.7833518100904956,0.7866399398602891,0.7894927486967853,0.7919011250344788,0.7938571610868425,0.7953541705534426,0.7963867036515199,0.7969505594720342,0.7970427956601746,0.7966617354203342,0.7958069718455512,0.7944793695714117,0.7926810637544213,0.7904154563748383,0.787687209863974,0.7845022380559566,0.7808676944639611,0.7767919578809023,0.7722846153045954,0.7673564421873782,0.7620193800102016,0.7562865111811825,0.7501720312586224,0.743691218498491,0.7368604007263752,0.7296969195338919,0.7222190917995658,0.7144461685341736,0.7063982910505511,0.6980964444578669,0.6895624084803593,0.6808187056005404,0.6718885465268615,0.662795772985848,0.6535647978386955,0.644220542522332,0.634788371814946,0.6252940259259773,0.6157635499105752,0.6062232204085198,0.5966994697076091,0.5872188071315101,0.5778077377520753,0.5684926784261264,0.5592998711566962,0.5502552937787445,0.5413845679693323,0.5327128645822612,0.5242648063071825,0.5160643676531663,0.508134772256737,0.5004983875143745,0.4931766165394804,0.4861897874438064,0.47955703994335225,0.473296209288724,0.4674237075199593,0.4619544020458194,0.45690149154754073,0.45227637920705804,0.4480885432596877,0.4443454048712735,0.44105219333981094,0.4382118086215174,0.43582468118137835,0.4338886291681593,0.4323987129138794,0.4313470867577454,0.4307228481945668,0.43051188434760973,0.43069671576594193,0.4312563375462283,0.4321660577789911,0.4333973333193425,0.43491760288217907,0.4366901174618294,0.43867376807619285,0.4408229108353169,0.44308718933444813,0.4454113543715621
0.6328635685611347,0.6413842839924745,0.6498805127893854,0.658327834697607,0.6667019725443318,0.6749788675303234,0.6831347518491021,0.6911462186331985,0.6989902892274752,0.7066444777895163,0.7140868532170845,0.721296098402646,0.7282515668149638,0.7349333364077585,0.741322260855437,0.7474000181158883,0.7531491563203498,0.7585531369903374,0.7635963755816468,0.7682642793554217,0.772543282576289,0.7764208790375628,0.7798856519135157,0.782927300938719,0.7855366669144491,0.7877057535421635,0.7894277465840429,0.7906970303506027,0.7915092015153721,0.7918610802566394,0.7917507187262678,0.7911774068455771,0.7901416754282938,0.7886452966305697,0.7866912817280669,0.7842838762201126,0.7814285522609198,0.7781319984178775,0.7744021067569076,0.7702479572548903,0.7656797995391567,0.7607090319540512,0.7553481779545578,0.7496108598269993,0.7435117697367999,0.7370666381033193,0.730292199301751,0.7232061546920918,0.7158271329751774,0.7081746478757857,0.7002690531528093,0.6921314949364944,0.6837838613927487,0.6752487297145158,0.6665493104402197,0.657709389099274,0.6487532651846623,0.639705688452584,0.6305917925491693,0.6214370259642613,0.6122670803122665,0.6031078159400722,0.5939851848620348,0.5849251510220296,0.5759536078825774,0.5670962933410293,0.558378701972828,0.5498259946018311,0.5414629051977039,0.5333136451003823,0.5254018045715999,0.5177502516734852,0.5103810284742273,0.5033152445808067,0.49657296799879613,0.4901731133192294,0.4841333272325375,0.4784698713695507,0.4731975024695733,0.4683293498755197,0.46387679035612533,0.4598493202552204,0.4562544249680696,0.45309744574479227,0.4503814438208327,0.4481070618745093,0.4462723828116304,0.4448727858771781,0.44390080009405214,0.44334595502890034,0.44319462888498934,0.44342989392217036,0.4440313592038966,0.4449750106713116,0.44623304854441015,0.4477737220502635,0.4495611614783044,0.4515552075627025,0.45371123819178316,0.4559799924445218,0.45830739195412185
0.6247357208965729,0.6332541810439344,0.6417493422188283,0.6501979066707261,0.6585766499126687,0.6668624974055355,0.6750325985715091,0.6830643981367416,0.6909357048032163,0.6986247572498103,0.7061102874625537,0.7133715813940879,0.7203885369523222,0.7271417193182889,0.7336124135931968,0.7397826747746827,0.7456353750622615,0.7511542484919749,0.7563239329002379,0.7611300092168848,0.7655590380874123,0.7695985938244219,0.7732372956882592,0.7764648364968546,0.7792720085647591,0.78165072697138,0.7835940501584155,0.7850961978564863,0.7861525663409666,0.7867597410170133,0.7869155063337934,0.7866188530279097,0.7858699826960253,0.7846703096966856,0.7830224603813407,0.780930269654563,0.7783987748634658,0.7754342070163199,0.7720439793303673,0.7682366731088347,0.7640220209471443,0.759410887268324,0.7544152461876147,0.7490481567062776,0.743323735234598,0.7372571254440902,0.7308644654488969,0.7241628523163905,0.7171703039069711,0.7099057180430635,0.7023888290073118,0.6946401613699731,0.6866809811455099,0.6785332442783789,0.6702195424580216,0.6617630462630495,0.6531874456346306,0.6445168876790726,0.6357759117996054,0.6269893821573614,0.618182417461555,0.6093803180888585,0.6006084905319796,0.5918923691774335,0.583257335412518,0.5747286340614807,0.5663312871508913,0.5580900050042088,0.5500290946655446,0.5421723656526309,0.534543033038981,0.5271636178652503,0.5200558448797974,0.5132405376084404,0.5067375107534131,0.5005654599215216,0.49474184868149484,0.4892827929505379,0.4842029427100811,0.4795153610507271,0.4752314005463992,0.4713605769576861,0.46791044026438106,0.4648864430272322,0.4622918060788754,0.4601273815439729,0.45839151318855337,0.457079894098548,0.4561854216875165,0.455698050033592,0.4556046395455972,0.4558888039583826,0.4565307546573511,0.45750714233218165,0.4587908959597556,0.46035105911628077,0.46215262361860165,0.4641563604947348,0.4663186482835734,0.4685912986638046,0.4709213794120326
0.6167305026352614,0.6252472056152355,0.6337417768716173,0.6421920216709813,0.6505757497292012,0.658870853279694,0.6670553824725579,0.6751076181046058,0.6830061416802911,0.6907299028035279,0.6982582839004062,0.7055711622728005,0.7126489694828712,0.7194727480684624,0.7260242055893922,0.7322857660046364,0.7382406183804081,0.74387276292913,0.7491670543793006,0.7541092426762557,0.7586860110138219,0.7628850111968661,0.7666948963347379,0.7701053508656062,0.7731071179116902,0.7756920239653835,0.7778530009062734,0.7795841053490535,0.78088053532233,0.7817386442783234,0.782155952433462,0.782131155439872,0.781664130387759,0.7807559391386858,0.7794088289897428,0.7776262306686132,0.7754127536595313,0.7727741788601356,0.7697174485692153,0.7662506538053524,0.7623830189564553,0.7581248837601883,0.7534876826152943,0.7484839212238118,0.7431271505641859,0.7374319381952736,0.7314138368912424,0.7250893506073626,0.718475897776696,0.7115917719376752,0.7044560996925799,0.6970887959969053,0.6895105167796253,0.6817426088943492,0.6738070574013738,0.665726430180627,0.6575238198755086,0.6492227831676222,0.6408472773824023,0.6324215944256363,0.6239702920508792,0.6155181224577629,0.607089958221199,0.5987107155514758,0.5904052748852519,0.5821983988074368,0.5741146473039748,0.5661782903455163,0.5584132178019833,0.5508428466880347,0.543490025739418,0.5363769373202201,0.5295249966610108,0.5229547484278803,0.5166857606223685,0.5107365158122934,0.5051242996934684,0.49986508698231596,0.4949734246393763,0.4904623124237068,0.4863430807781789,0.4826252660456682,0.4793164830161325,0.47642229480459963,0.4739460800600294,0.4718888975050826,0.47024934780678035,0.4690234327780598,0.4682044119102153,0.4677826562362508,0.46774549952510247,0.46807708680677745,0.4687582202283753,0.46976620224100285,0.4710746761175889,0.47265346380159157,0.4744684010865879,0.4764811701267826,0.47864912927838466,0.48092514027188865,0.48325739271526114
0.6088457705404559,0.6173611671386832,0.6258555792844017,0.6343078962056597,0.6426969437634391,0.6510015638946173,0.6592006913871262,0.6672734279873068,0.6751991138394592,0.682957396257589,0.6905282958293495,0.6978922698521791,0.7050302731016357,0.7119238159319259,0.7185550197086304,0.724906669573626,0.7309622645422019,0.7367060649323733,0.7421231371263904,0.7471993956644427,0.7519216426705598,0.7562776046107083,0.7602559663830832,0.7638464027405976,0.7670396070455647,0.7698273173565797,0.7722023398475943,0.7741585695591888,0.7756910084820396,0.7767957809725818,0.77747014650087,0.7777125097306313,0.777522427931518,0.7769006157235534,0.7758489471537745,0.7743704551050707,0.7724693280372181,0.7701509040601093,0.76742166233918,0.7642892118330304,0.760762277363244,0.7568506830163994,0.7525653328782813,0.7479181891002853,0.7429222472980189,0.7375915092820992,0.7319409531211448,0.7259865005369653,0.719744981631946,0.7132340969486275,0.706472376861483,0.69947913830089,0.6922744388092987,0.684879027929595,0.6773142959256614,0.6696022198351316,0.661765306854343,0.6538265350554829,0.6458092914359328,0.6377373072998063,0.6296345909716852,0.6215253578425488,0.6134339577479024,0.6053847996780974,0.5974022738208524,0.5895106709359644,0.5817340990622215,0.5740963975565072,0.5666210484651016,0.5593310852271817,0.5522489987105121,0.5453966405793352,0.5387951239944572,0.5324647216455279,0.5264247611155182,0.520693517577393,0.5152881038229794,0.5102243576240311,0.50551672642549,0.5011781493709397,0.4972199366602605,0.4936516462394765,0.49048095782279477,0.4877135442468546,0.4853529401571545,0.4834004080266856,0.48185480150676,0.4807124261100354,0.4799668972257272,0.4796089954670356,0.4796265193507408,0.48000413530902103,0.4807232250334516,0.48176173015120005,0.48309399423342403,0.4846906021358625,0.4865182166716117,0.48853941261612105,0.49071250804436045,0.49299139300019335,0.49532535549795575
0.601076082884334,0.6095905724564349,0.6180852058347792,0.6265399380866403,0.6349345940582134,0.6432489491824683,0.6514628076201529,0.6595560777339428,0.667508844895742,0.6753014416271302,0.6829145150729605,0.6903290918081041,0.6975266399773445,0.7044891287684214,0.7111990852182204,0.7176396483521144,0.7237946206564515,0.7296485168841933,0.7351866101937001,0.7403949756206655,0.7452605308832001,0.7497710745200636,0.753915321362045,0.757682935336492,0.761064559604989,0.7640518440341831,0.7666374699997602,0.7688151725235677,0.770579759743888,0.7719271297188594,0.7728542845630448,0.773359341917152,0.7734415437508987,0.7731012624990302,0.7723400045304818,0.7711604109506934,0.7695662557370704,0.7675624412075936,0.765154990822579,0.7623510393195849,0.7591588201814681,0.755587650437589,0.7516479127981647,0.7473510351217714,0.7427094672159956,0.737736654971233,0.7324470118276365,0.7268558875752134,0.7209795344870706,0.7148350707858087,0.7084404414430643,0.7018143763122018,0.6949763455941534,0.6879465126364073,0.680745684065145,0.6733952572505278,0.6659171651051304,0.6583338182155252,0.6506680443070131,0.6429430250415045,0.6351822301485488,0.6274093488895115,0.6196482188549012,0.6119227520948431,0.6042568585827066,0.5966743670118725,0.5891989429256576,0.5818540041803841,0.5746626337415955,0.5676474898134265,0.560830713301117,0.5542338326066764,0.5478776657576967,0.5417822198693145,0.5359665879393201,0.5304488429764174,0.5252459294616307,0.5203735521428614,0.5158460621625923,0.5116763405187406,0.5078756788586611,0.5044536576062967,0.5014180214224739,0.49877455199835996,0.49652693818205,0.49467664343831647,0.4932227706415024,0.4921619242015663,0.4914880695232671,0.49119238979851526,0.4912631401318473,0.491685498999073,0.49244141703905864,0.49350946317865907,0.4948646680908041,0.49647836498573067,0.49831802773535483,0.5003471063308151,0.5025248596731389,0.5048061856970693,0.5071414488280489
0.5934124644825087,0.6019263907639417,0.6104215716310236,0.6188790113390826,0.6272795179631282,0.6356037855607579,0.6438324736688632,0.6519462841341388,0.65992603527739,0.6677527333916432,0.6754076415740552,0.6828723458916253,0.6901288188807065,0.6971594803803189,0.7039472556992632,0.7104756311170346,0.7167287067185389,0.7226912465626082,0.7283487261843179,0.7336873774311043,0.738694230632684,0.7433571541047721,0.7476648909866036,0.7516070934122541,0.7551743540157613,0.7583582347700486,0.7611512931596478,0.7635471056872245,0.7655402887139027,0.7671265166333906,0.7683025373799088,0.7690661852699167,0.7694163911776416,0.7693531900444084,0.7688777257217689,0.7679922531484344,0.7667001378610063,0.7650058528385092,0.7629149726807247,0.7604341651203256,0.7575711798688111,0.7543348347962426,0.7507349994447818,0.7467825758760266,0.7424894768521507,0.7378686013508432,0.7329338074140486,0.7276998823305068,0.7221825101520964,0.7163982365439772,0.7103644309685326,0.7040992462031154,0.6976215751915918,0.6909510052296883,0.6841077694841382,0.677112695845629,0.6699871531155512,0.6627529945265479,0.6554324985968645,0.6480483073184998,0.6406233616791581,0.6331808345180018,0.6257440607152048,0.6183364647153059,0.6109814853843666,0.6037024982009235,0.5965227347807482,0.5894651997354037,0.5825525848646017,0.5758071806823645,0.5692507852769828,0.562904610504778,0.5567891855176635,0.550924257624508,0.5453286904862967,0.5400203596450991,0.5350160453868315,0.5303313229378234,0.5259804499951853,0.5219762515909752,0.518330002290168,0.5150513057224239,0.5121479714476567,0.509625889155411,0.5074889001980281,0.5057386664576183,0.5043745365468383,0.5033934093434644,0.5027895948587628,0.5025546724396758,0.5026773463047857,0.503143298414102,0.5039350386726367,0.5050317524677821,0.5064091455404929,0.5080392861902688,0.5098904448139278,0.511926930778201,0.5141089266261073,0.5163923196171375,0.5187285306012472
0.5858421661671106,0.5943558129921117,0.6028518098415646,0.6113121955526061,0.6197187476157319,0.6280530656835075,0.636296652413487,0.6444309916453329,0.6524376239121435,0.6602982192859838,0.6679946475576198,0.6755090457504609,0.6828238829687027,0.6899220225796778,0.6967867817304101,0.7034019881983726,0.7097520345764521,0.715821929792117,0.72159734796079,0.7270646745734257,0.7322110500182932,0.7370244104369624,0.7414935259144958,0.745608036003845,0.7493584825844503,0.7527363400550481,0.7557340428606797,0.7583450103539064,0.7605636689902293,0.7623854718577132,0.7638069155408153,0.7648255543184189,0.7654400116960717,0.7656499892724283,0.7654562729398977,0.7648607364194955,0.7638663421299005,0.7624771393907164,0.7606982599599379,0.7585359109056216,0.7559973648117605,0.7530909473183655,0.7498260219957491,0.7462129725530154,0.7422631823807536,0.7379890114279376,0.7334037704130286,0.7285216923692833,0.723357901524267,0.7179283795135708,0.7122499289287334,0.7063401341993681,0.7002173198094945,0.6939005058480736,0.6874093608937489,0.6807641522337926,0.6739856934172541,0.667095289142316,0.6601146774778526,0.6530659694191941,0.6459715857780962,0.6388541914069114,0.6317366267569693,0.6246418367711568,0.6175927971107087,0.6106124377161956,0.6037235637027236,0.5969487735893356,0.5903103748626141,0.583830296874496,0.5775300010742849,0.571430388574872,0.5655517050531614,0.5599134429846983,0.5545342412125028,0.5494317818501098,0.5446226845188112,0.5401223979191037,0.5359450887363427,0.5321035278805974,0.5286089740607147,0.5254710546925851,0.522697644141611,0.5202947392993903,0.5182663324945882,0.5166142817380271,0.515338178301975,0.5144352116336428,0.5139000316028768,0.5137246080840735,0.5138980878722752,0.5144066489334931,0.5152333519892213,0.5163579894351581,0.5177569315941358,0.5194029703032536,0.5212651598352052,0.523308655153834,0.5254945475038684,0.5277796973348724,0.5301165645594096
0.578348418698445,0.5868620056281943,0.5953590254642168,0.6038225396749595,0.6122352838704027,0.6205797526485725,0.6288382817764682,0.636993127705407,0.6450265444207842,0.652920857626251,0.6606585362623063,0.6682222613593077,0.6755949922248962,0.682760029965838,0.6897010783442837,0.6964023019684425,0.7028483818176727,0.709024568101989,0.7149167304559862,0.7205114054671783,0.7257958415387551,0.7307580410867535,0.735386800071647,0.7396717448643498,0.7436033664466383,0.7471730519459875,0.7503731135048263,0.7531968144842054,0.755638393001885,0.757693082804836,0.7593571314761602,0.7606278159764234,0.7615034555194081,0.7619834217822807,0.7620681464501753,0.7617591260951929,0.7610589243898191,0.7599711716547563,0.758500561741172,0.7566528462473648,0.7544348260698451,0.7518543402888341,0.7489202523881757,0.7456424338096689,0.7420317448418136,0.738100012842973,0.7338600077989531,0.7293254152149984,0.7245108063422028,0.7194316057383383,0.7141040561630991,0.7085451808077615,0.7027727428592616,0.6968052023986874,0.6906616706341888,0.6843618614683032,0.6779260403996968,0.6713749707593235,0.6647298572809986,0.6580122870063904,0.651244167524426,0.644447662545116,0.637645124807793,0.630859026323767,0.6241118859533998,0.61742619431759,0.6108243360436806,0.6043285093457783,0.5979606429394908,0.5917423102910815,0.5856946412010374,0.5798382307220565,0.57419304541145,0.5687783269179603,0.5636124929029955,0.5587130352962821,0.554096415885931,0.5497779592429215,0.5457717429800022,0.5420904853450053,0.5387454301485811,0.5357462290263462,0.5331008210354454,0.5308153095855407,0.5288938367042015,0.5273384546367207,0.5261489947803455,0.5253229339529257,0.5248552579959704,0.524738322712137,0.5249617121371146,0.5255120941459439,0.5263730733937436,0.527525041590851,0.5289450251123863,0.53060652994223,0.5324793839514069,0.5345295765109098,0.5367190954389133,0.5390057612824174,0.5413430589333127
0.5709101811152195,0.5794238589753872,0.587922043535162,0.5963888102481796,0.6048078446749553,0.6131625286611225,0.6214360238501675,0.6296113525306597,0.6376714758179786,0.6455993691705348,0.653378095240489,0.6609908740589643,0.6684211505557567,0.6756526594135392,0.6826694872565642,0.6894561321738584,0.6959975605769168,0.70227926139189,0.7082872975862691,0.7140083550300647,0.719429788691483,0.7245396661670974,0.729326808546515,0.7337808286115401,0.7378921663698329,0.7416521219230643,0.7450528856695648,0.7480875658414726,0.7507502133763744,0.7530358441234428,0.7549404583840701,0.7564610577869978,0.757595659497941,0.75834330776371,0.7587040827908257,0.758679106958633,0.7582705483669083,0.757481621717964,0.7563165865332467,0.7547807427044352,0.7528804233790293,0.7506229851804381,0.7480167957625625,0.745071218698874,0.7417965957059887,0.7382042262017375,0.7343063441977326,0.7301160925264281,0.725647494402679,0.7209154223197928,0.7159355642800802,0.7107243873598985,0.7052990986091933,0.6996776032855342,0.6938784604226476,0.6879208357334435,0.6818244518475411,0.6756095358832865,0.6692967643542691,0.6629072054103324,0.6564622584130805,0.6499835908458814,0.6434930725583655,0.637012707345418,0.6305645618606723,0.6241706918644923,0.6178530658064557,0.6116334857423321,0.6055335055855534,0.5995743466931859,0.5937768107863927,0.588161190205395,0.5827471754989286,0.5775537603481958,0.5725991438253119,0.5679006299862511,0.5634745247982842,0.5593360304019138,0.5554991367073069,0.5519765103252188,0.5487793808324184,0.5459174243716048,0.5433986445858201,0.5412292508873643,0.5394135340611953,0.5379537392028328,0.5368499359907544,0.5360998862932917,0.5356989091100132,0.5356397428476174,0.5359124049303029,0.5365040487446519,0.5373988179190006,0.5385776979373038,0.5400183650875021,0.5416950327443812,0.5435782949869199,0.5456349675501521,0.5478279261115048,0.5501159419116409,0.5524535147098044
0.5635018835233451,0.5720157298511637,0.5805151517776789,0.5889852340872408,0.5974106078949614,0.605775538153283,0.6140640084930564,0.6222598033991247,0.6303465877204142,0.6383079835145345,0.6461276442268846,0.6537893262042654,0.6612769575430022,0.6685747042715721,0.6756670338677399,0.6825387761102009,0.6891751812647319,0.6955619756048478,0.7016854142669674,0.7075323314400854,0.7130901878899526,0.7183471158177618,0.7232919610533434,0.7279143225828661,0.7322045894110467,0.7361539747578663,0.739754547589793,0.7429992614855143,0.7458819808361755,0.7483975043801239,0.7505415860721631,0.7523109532873136,0.7537033223590793,0.7547174114522236,0.7553529507700519,0.7556106900962005,0.7554924036709341,0.7550008924019503,0.7541399834096914,0.7529145269071637,0.7513303904142626,0.7493944503066089,0.747114580698887,0.7444996396626955,0.7415594527789019,0.7383047940245063,0.7347473639940117,0.7308997654553011,0.7267754762400239,0.722388819468487,0.7177549311090562,0.7128897248720615,0.7078098544382134,0.7025326730215232,0.6970761902667331,0.6914590264812525,0.6857003642016013,0.6798198970943623,0.6738377761916381,0.6677745534610181,0.6616511227100517,0.6554886578252279,0.6493085483454643,0.6431323323701008,0.6369816268014048,0.6308780549215773,0.6248431713042737,0.6188983840606266,0.6130648744197764,0.6073635136439142,0.6018147772778248,0.5964386567329423,0.591254568205911,0.5862812589316546,0.5815367107709504,0.5770380411325143,0.572801401229591,0.568841871671051,0.5651733553869975,0.561808467888877,0.5587584248641008,0.5560329271051725,0.5536400427733188,0.551586086996639,0.5498754988027478,0.5485107153859323,0.5474920437088194,0.5468175294385459,0.5464828232174336,0.5464810442681832,0.5468026413335579,0.5474352509505909,0.5483635530592913,0.5495691239458589,0.5510302865204073,0.5527219579291969,0.5546154945013627,0.5566785340301726,0.5588748353887697,0.5611641154804315,0.5635018835233451
