0.3833086515542429,0.23238568024141837,0.5184597526912549,0.61724539793526,0.5324742832273193,0.4125373323815098,0.2616768065895357,0.6553871220686773,0.3379791628766915,0.3121435182464797,0.607988332804827,0.6906099693619285,0.5300801293723801,0.5124052445122753,0.35971543461053124,0.21020672534256468,0.29589893291135483,0.4922152182782859,0.27565823090802277,0.6419179034656635,0.2940723439264426,0.46105222650595074,0.4560066228843974,0.5019728150648253,0.3637170348590195,0.6367671005326576,0.4221507679875348,0.550076789368287,0.5179554304833516,0.25857804155985165,0.5113196763513057,0.47535133899054793,0.649302031627953,0.6404383182424516,0.2754773937058232,0.24084257279330384,0.34729610960543433,0.6933064283421544,0.21078688820315838,0.5364461197864383,0.5042568669204885,0.5232891402289084,0.30914294488537075,0.313358672899925,0.41532104108691226,0.24792890353347818,0.2373066045094701,0.2441797267430486,0.48648958565312883,0.3988709284489469,0.34680839032863675,0.35790968982565274,0.3036416529245369,0.4057526676609674,0.3015290345999837,0.5490230211496663,0.26196625632696807,0.6741210422904231,0.2449094700636411,0.671730357139938,0.6166474857602033,0.5403560603066901,0.6561508277827417,0.26960939675868845,0.2881573870934577,0.3260762960294079,0.32240576338294546,0.3554241354635801,0.4878154491365466,0.21408630565255232,0.3911362975199879,0.32319256394629825,0.503314924026361,0.6925846655257677,0.45882730609168626,0.41284261955921686,0.3841217725725581,0.5924746094399288,0.23599046582536348,0.6798852572300607,0.4089589429940228,0.35685036291255645,0.6870340581998506,0.6679394316215999,0.5209670698828605,0.20925368742520067,0.5742674881032859,0.36777870002100066,0.39414011542713057,0.2793710644886943,0.4617290419324496,0.5722762981018831,0.33650555904653423,0.6693664540216875,0.29736842800147717,0.2331311702972167,0.5221819366749505,0.6246593659400234,0.6765664296537561,0.5835855052582594,0.29982500575303617
0.6888305924018652,0.6597179380144214,0.28158371138122373,0.47939291345766216,0.4777587129654894,0.4212673890647354,0.6921406651298443,0.2298111185901106,0.5136044542217924,0.30265181133940505,0.46366560236547977,0.5898703858937593,0.3233634015842732,0.3966797732415742,0.6753840371401996,0.5807403688601547,0.48636159225591774,0.3109986939033584,0.4126527187387915,0.5870306595249613,0.610271539054988,0.3223030990711995,0.5310301052085096,0.24750149606169997,0.21160615372523223,0.4743369617165106,0.3121899271402144,0.23945601562106644,0.564914156447615,0.4489872941823225,0.5981385054792252,0.5319721198402785,0.564902469957745,0.3536802906479499,0.33163791284161814,0.5004374460476306,0.3000410701990422,0.6077060578160105,0.4614600844871192,0.3134949661738805,0.5125841161649543,0.6725178675418089,0.24104736329538706,0.2546726036567515,0.6219195734316699,0.2547968872834368,0.2196876846764939,0.37396529052323646,0.4333529424607988,0.48472221834534485,0.45365011628212487,0.6565922813290567,0.5843340501958186,0.6919051279308553,0.43822771161266116,0.24216480491958947,0.6777653214714372,0.2020565807945487,0.5880480069195242,0.21564101538583974,0.5806070953258191,0.6689694699240271,0.3946301486655234,0.32048242560985885,0.31313957625591543,0.44585882207510164,0.2854435178783958,0.5364618153298559,0.3841761787441874,0.36155474620162953,0.43064278812822854,0.4712937512198759,0.2709651311293979,0.5538816818984216,0.641473549952663,0.3389934581005909,0.2901954509147424,0.5802527118595318,0.29177086188282475,0.22062758018147832,0.5096216101913894,0.31987570815267513,0.28590520446427986,0.6908013708572531,0.34593249169986384,0.6517216451077679,0.28910938294430216,0.6094885660312175,0.45100943652424097,0.23929738455799765,0.5668026468217862,0.6460366858673899,0.2815084951677608,0.5627951211680876,0.42252625953656187,0.5769352266283592,0.5569639740926529,0.21330011523150272,0.2893605179835776,0.43551362146613715,0.6667970859560401
0.37103672837740076,0.5144367351400909,0.20604187275721442,0.5555634607734721,0.5015341313764022,0.5576973733078829,0.6523303065124724,0.27324946655890503,0.33079479800403355,0.6978904460840709,0.2781419792548135,0.5603135032630131,0.5625379552554508,0.5414968731177847,0.31372029465728885,0.3075670316069354,0.533170534017394,0.29312509222960803,0.5307816658702686,0.446264141012659,0.393314433824692,0.3501161746889728,0.6737884666615583,0.45404682887139375,0.48062598125548095,0.6746280423433927,0.5269386590485667,0.6789264638784137,0.25318337026134924,0.6233198158862019,0.36770731401154544,0.6052437625351705,0.6278183120974892,0.33574394307127786,0.4044153082577394,0.563007177157452,0.24952781544848535,0.57776676716967,0.255236463027372,0.657227866134029,0.3381696466481767,0.48779967343367786,0.2585767500381364,0.33474657733123936,0.4019775217435527,0.4435244383415071,0.20003374882328723,0.6443278811902342,0.20383740477943857,0.5868422814972125,0.4352894561781855,0.46194001245068816,0.30413273966727045,0.503684175172852,0.46861595458472605,0.2821182033101477,0.3190595006746096,0.2334518145062286,0.23314178604472635,0.2068878929762133,0.3102371627415419,0.5398306136985278,0.35810769407117815,0.37136713493368834,0.26595269662772236,0.48773533382820994,0.37107182077336864,0.5381584017151073,0.5707297344212767,0.492346437624191,0.3380347684060181,0.4543038996686271,0.3259654023411517,0.651456417676959,0.5831928750412786,0.4465029530027831,0.6827285715890732,0.4733777233650939,0.36426773847847405,0.24773365039702355,0.47187282240670675,0.6302083057906727,0.6333593640782242,0.5022835333413742,0.3967191816171064,0.5251481540453399,0.5810701772795197,0.4058123921970631,0.43812708460746264,0.5403081536889714,0.6383263030513732,0.5955051890711374,0.21119568466017435,0.26218617189229393,0.6263890901427609,0.6169114140225167,0.39440339157435456,0.49213896117883277,0.6529224912143231,0.6557793405035481,0.5915464228804453
0.3047944691798395,0.5651414036769724,0.2505492161735283,0.6469692297272844,0.27457440178935727,0.5311743200557254,0.5051216371261743,0.5884498279397915,0.4757887511792277,0.2297832876878661,0.5529231270220745,0.391577279417634,0.3601425006095549,0.6958367747668673,0.49519988297986384,0.5553595366347056,0.4631630684678241,0.5849863229758263,0.5760363677499876,0.5285730578400802,0.6988715307218883,0.4298967670415689,0.5530961741490774,0.598888981402459,0.3880173547972722,0.42858751377680926,0.6845836331952926,0.21614550856330406,0.36764782698045717,0.44310648116933493,0.20073249653459513,0.6495635505033058,0.3431222001060793,0.32885241605472215,0.6101630976768708,0.3389916142512377,0.5288112969510111,0.6107515719509795,0.5962384238551861,0.5909753687129644,0.24431878493261744,0.2399234837861821,0.3533850178686937,0.2179739405980089,0.45021486825963214,0.39739103313510915,0.47851295627157453,0.3493942693348452,0.4428770014952135,0.3673723829295269,0.2976040461116543,0.5246833405689074,0.5367179507495925,0.614615846374875,0.6373758915768624,0.5522309521839577,0.543749043348756,0.22833783266823626,0.2548896207290858,0.6062813551954367,0.3164756308118158,0.37778253010854146,0.2726486768379384,0.2975759842874595,0.5877086176851031,0.3309298097577691,0.42451748313209503,0.27583568652961965,0.5389649531580493,0.5641348670667381,0.3808461589493569,0.5923733230613752,0.31995332596106324,0.545951931050078,0.5649822907102269,0.684328688894388,0.31616083259335814,0.24685524002137638,0.33151771114489326,0.26143109829105954,0.28484715424715484,0.3670572559279872,0.40699537336100045,0.6518621128756897,0.29780788575001055,0.685879487960608,0.6050766049480858,0.6407356949467204,0.6647219948701217,0.5766205985705604,0.5943899158085305,0.4189091483028098,0.45522511733812193,0.6662427133833171,0.38912795577632475,0.2209735365321036,0.5813771927373864,0.48657875585875915,0.6074379811716557,0.23777563330548107,0.5106159952378948
0.323852943995379,0.651634297247242,0.25495496987087285,0.6215346363625315,0.2442771259859552,0.21254867774849906,0.31752971502096117,0.36652227046334185,0.5132643859059356,0.2658622986805269,0.41866496679553744,0.3021318010514369,0.6276516607735316,0.2224832539756525,0.3779688633442605,0.5156870399845543,0.6565440890259695,0.6339967113469476,0.6475959997585817,0.23142664684149106,0.6204616307317297,0.5899562892720596,0.6512158246378095,0.35578813362900064,0.6558825531366833,0.4013205425432239,0.5170498427629,0.41208949560349917,0.41382421525782553,0.47331850939745074,0.3779633548104112,0.5963684971346178,0.5168193677076194,0.5448778807694727,0.3155174001108818,0.6847876442406962,0.5300880488864826,0.2985979322651958,0.5752451217355168,0.28685705160381136,0.2316924481497542,0.4637766980729171,0.47676197708117357,0.2944827873657993,0.37418947214607945,0.6728846478393484,0.34250161604374496,0.27778403038268434,0.6962809793327269,0.35115276819023333,0.5401268365730393,0.3157800907196332,0.47506059849319465,0.3931409933048078,0.6807896305795942,0.4164029372752438,0.49208709209086204,0.6723831329500736,0.6946171499689775,0.25082918200249826,0.6171603560211945,0.39105824709362436,0.49741435310280635,0.3875240394776227,0.4005581028273961,0.2794287679925558,0.4863832292139329,0.4733579729723623,0.29467789426919994,0.4708652146669707,0.6865509413155431,0.5572042979268947,0.4404912797916759,0.6580419927906875,0.48765717825265287,0.2675239993639017,0.47375482390622814,0.2904865576829339,0.583752419373837,0.683587107147354,0.3804092922716651,0.4174589400625972,0.410748233419315,0.34264998789744094,0.5970899824393154,0.5088641663734979,0.23202577842827982,0.6194031675115677,0.29354411557660365,0.6895755808545605,0.3883315695012829,0.5082248235751619,0.2389118094480152,0.3723316373441783,0.6011769786803907,0.43860424597662917,0.6523017417720114,0.4875692205254035,0.6642860976978738,0.6913049535062781,0.42694727975913793
0.482578286288904,0.6174603216256349,0.3107665027679065,0.6308147868905547,0.49596007018863475,0.5627500676922627,0.23992701133172262,0.5830938417267018,0.35539345228682917,0.6026161384249209,0.4545762691513534,0.3373071674078165,0.676379848510827,0.5825311988557496,0.6928430369368235,0.3822349492061019,0.5246098167708193,0.5057943389318633,0.5437783705344015,0.21915828302066542,0.345859661938687,0.6546687868954035,0.4119100274361134,0.6803218395407735,0.3067515863224879,0.6987119867405447,0.5487904544797662,0.5881967120332439,0.3984305861012679,0.6535040606303104,0.472731450479311,0.5404691901123175,0.247404135668143,0.5158403504464466,0.6395394941310782,0.28914161410799405,0.568862967317423,0.21270037949732729,0.6631015082812595,0.6914585580155931,0.37709003339904723,0.25353692485766743,0.5292881840815724,0.21491725707373954,0.4412431406485934,0.33588958756894327,0.43666952697643846,0.2091377573691785,0.22580609153535325,0.20798791442169118,0.509565935023557,0.4800464588376042,0.31657899926830224,0.5233215644520106,0.6421036284474875,0.33866105051305684,0.6159969039394937,0.5312545680010907,0.2169102215864916,0.38757494791471725,0.4538786079295085,0.5658495949773606,0.3435652791267084,0.6913650524289661,0.5422698702525428,0.3864068385821803,0.24851251953855602,0.29068388013540497,0.4438038800275783,0.44734767747918336,0.5838593824106767,0.5630883127861261,0.30063651925890866,0.4974783102791325,0.21031090037144418,0.39927369969216664,0.5820526202858028,0.3997542966435832,0.6177981199007121,0.6880776450626407,0.5036063013496828,0.2725020381708783,0.3898386039527053,0.2047416775341876,0.5013629619203763,0.610784250486899,0.5149700394615214,0.5930431145917249,0.5999519636379433,0.6255062881087319,0.33333189149877707,0.6356342614102108,0.5270469992317455,0.34486277829724343,0.6936473574981306,0.6750911968658344,0.48722049160319963,0.6216041891997817,0.33074724435993585,0.408018498305445,0.29198588037191686
0.46005132131462395,0.4480007150358326,0.3064066129807832,0.5364008468580488,0.2588951477627063,0.2308457255348556,0.39245248433119306,0.4049123888923525,0.3598703032632431,0.32897331878912517,0.3693881725047652,0.2816877869760515,0.40172623456643863,0.6523016867587218,0.31221344060441913,0.5422255521751751,0.2708922551989197,0.3769533120051154,0.3605873902726281,0.6685146972041638,0.4139910279009045,0.5452329718906919,0.5012314044856646,0.2705150376423807,0.6697702255153091,0.3729346459278816,0.22237917789182488,0.3502218534220938,0.367816862941163,0.2463726636893636,0.5099887031899714,0.37338210277077266,0.5145673031654854,0.2033702817945336,0.6910241994953762,0.2852581792723408,0.5296654933524682,0.5578921516397577,0.28580417487373805,0.2558561410512093,0.27628859592240435,0.3234091279224723,0.2841160589964544,0.5369997134780408,0.41041660186303364,0.4688957972576815,0.22366839440457914,0.6306244815503617,0.2852857766030961,0.3800761657275441,0.2359508199138835,0.26839656732416484,0.5328997049878307,0.5462935011278445,0.538482742312676,0.476068393923011,0.6762608320059533,0.4535885803842882,0.4247060146482232,0.32377278285857175,0.24942476463330632,0.47407746498308934,0.35744509334641406,0.46201269159525754,0.30305953913023986,0.6190863361039556,0.6998486048295345,0.3612017550603247,0.6211638036301648,0.6364930681962037,0.6980368943785398,0.37136006488898965,0.5780206968570528,0.3144045018209927,0.5123980006460715,0.5524212847364187,0.5705603462675481,0.30358608429223083,0.6243627852480973,0.4104859301962709,0.30818475886727753,0.47126554418595074,0.6316785648034711,0.6835439548890568,0.5741039108639372,0.20281144313568122,0.2673503802329781,0.23813699321943288,0.2506068714969424,0.39151747800988757,0.36924665741431384,0.25684249063415504,0.6411176758071244,0.5077137881661801,0.5982316544782245,0.3857746944277154,0.40511800814378396,0.35881060526836395,0.41921330604924556,0.5051886311775268,0.4464920039201207
0.6189585030942251,0.650069584304912,0.4348419266837996,0.3198739901743247,0.6725962097296544,0.5675193215254613,0.5200635430269399,0.5727068668119879,0.23799089119846145,0.23381316381883627,0.2765603262904937,0.2737254837202662,0.41033523742470224,0.2787020411426821,0.6272628221332982,0.48904846546401287,0.3841309481751257,0.23481126911263356,0.4955138979795625,0.2582664102960632,0.571610125201303,0.6013790483719107,0.47198812897992054,0.27480142957042875,0.5934313618702327,0.35391389462966694,0.3113265713767299,0.43527832050921267,0.6613231206914589,0.34868664603726185,0.6527892504863101,0.22682665436991395,0.24176185250897342,0.5492805125676234,0.2952963307240878,0.35831034159831265,0.26818649049028953,0.36612413456627413,0.3402299969462317,0.5681688194944918,0.5510116940945219,0.6774635882141826,0.5622108425865204,0.5474088765106924,0.5471019445313259,0.641483727824088,0.34811836643777505,0.3500460545969021,0.5706069048524683,0.3143525685750637,0.656010002073985,0.467390862543443,0.35006246404641583,0.5880499648449912,0.356160314937648,0.6816391585359358,0.6914946048624924,0.533398120983098,0.25681694487511464,0.3316044249666462,0.45770848110802764,0.6257237250489908,0.2924432484710143,0.2522017295069662,0.2372387415945178,0.4534837811800234,0.6423504847973529,0.22117962132194618,0.3061607669967673,0.5466285079197508,0.6129317175718576,0.6036997646495847,0.5925340286601655,0.26489990040667,0.39861879109145926,0.6923723314158732,0.694443785794044,0.5012136959770939,0.5546336023605671,0.6756418981426545,0.4249639306206052,0.26843342894189665,0.534474437758039,0.6800511524502617,0.5486030469331471,0.6016605635118688,0.4113744019853075,0.24823157707242555,0.28444104327586667,0.6913274147177385,0.44659215849714373,0.20601029508862495,0.6776836403655868,0.4488899559855265,0.6181341991459188,0.4742290710184467,0.25085114183738055,0.5077847910659733,0.6987001381598046,0.21736889132297155,0.620897098757522
0.3177403978253825,0.39693311135609277,0.38635475588644763,0.6493985971345597,0.45224309441591903,0.4235871434172137,0.6090125544183882,0.2244535671524739,0.2432281575476119,0.21084442843814466,0.5439914520037753,0.46280806853959056,0.6380110629341413,0.44926645148630284,0.3109097863809971,0.602573686552208,0.34716192711631144,0.6678448910761045,0.3252119439261202,0.2838603264351434,0.44666199575534393,0.22525755898512168,0.21820586424130883,0.448007272627729,0.3075534403973938,0.20467631919759066,0.3480284557157608,0.4386836769232959,0.3971443507302116,0.26773473308021156,0.48983741391598873,0.5551664955738185,0.5377695810816476,0.39688096064163625,0.268798075585557,0.4497433867453613,0.6452158774685413,0.43436142447061643,0.2978405248707938,0.2465266515468652,0.6719633190494397,0.5715047044384574,0.3564834863502412,0.3476762031025872,0.6476092433612988,0.28878411740482557,0.4675186448282722,0.5567521375896507,0.3981951759828448,0.2199511712715443,0.3138794068597608,0.6509040687211869,0.46155948341977715,0.6077206232439849,0.4778427713953086,0.6718010478561516,0.6545670377784225,0.44144402100520097,0.35913701271817466,0.500834393672805,0.5374438408347367,0.4491775461503158,0.6111416105475471,0.2916642608924414,0.3672059153120162,0.5431881786832264,0.32334193269377864,0.41992237234181695,0.6818667733141464,0.512937986343287,0.6745286173205628,0.5612207016242878,0.5623333848335864,0.49592858684510277,0.2711042974073634,0.4598571454431438,0.32633310025173545,0.6993362771756401,0.3334809700506103,0.31534292173072426,0.5119415775620222,0.45547440660981503,0.2106764566272571,0.26476658949623494,0.6055214709137562,0.4418459775737803,0.2730076074115072,0.4326212814178668,0.3265745415412018,0.3117957305561719,0.6788626382225522,0.3810122634288705,0.22321555233616958,0.6851633363186513,0.5974197873860789,0.3272066532820792,0.40444591735269564,0.6311447872975642,0.37870675966163714,0.4837020210032994,0.4674284348323063
0.40064727431439984,0.5197509509068581,0.43664536865094317,0.21061524583698643,0.6071915538239687,0.25657789137685966,0.4320449654456817,0.4899503954637485,0.5527530270966454,0.4053982676439747,0.5677742435152657,0.26567504235928513,0.5267227741353895,0.6131694637928514,0.6447219864187506,0.48978324797694456,0.35644759903751866,0.2816782558568132,0.3727793764387224,0.46998718657721983,0.2981651119957803,0.6762574528465464,0.6485677144364547,0.21647859743271564,0.48098089911519437,0.5946543951233065,0.3226959799670035,0.4619481161963719,0.4029959412046895,0.2982731321090382,0.5073686919379112,0.6968460877034155,0.3826436301399724,0.47618950413223343,0.3639273408107503,0.6384743084012484,0.6323013502118465,0.28938669397398514,0.6499744371190304,0.27575435552803357,0.24771997981266713,0.5264673078507659,0.3929520529349475,0.46537029673093533,0.5262853909687317,0.22641861889649245,0.34647658554549665,0.43045315588443356,0.33329370490296595,0.22448569214276048,0.2433382866155267,0.6008739343768668,0.655693379606463,0.27611665121522444,0.32463097864574286,0.5261247023655348,0.6771358880462235,0.3497948545666355,0.6276068131180006,0.45301232222518817,0.6782793195403902,0.26812933121409566,0.6868361991039932,0.42048931391475397,0.6764691952131308,0.4293451085257596,0.465041067060289,0.6023875048886604,0.561314250369697,0.5098016602086427,0.40849001179477795,0.5962191836998029,0.6741141666446602,0.20490544847151343,0.4939225482263305,0.6329904644891742,0.5265562686727786,0.6004146289166683,0.6475305519244927,0.5754755079265289,0.558508700682383,0.6823729456819592,0.6318423289457863,0.6076889347913869,0.24320168023593808,0.31951494156970894,0.4783780121625447,0.5547800524874068,0.35160744665023846,0.24666405656041168,0.3555495934076238,0.5855145902902595,0.6387005146706866,0.6564518241721713,0.3894333395720738,0.38626928743009825,0.4033537354858955,0.38790473471072384,0.5330983037536048,0.3791616310659963,0.21017196830712292
0.41951230034393583,0.3120760330892939,0.21440356889231,0.43542147576702406,0.30297727959914655,0.42637090741986705,0.33887499330514326,0.5018544351402165,0.6954386934369796,0.4736159603558324,0.5234479584463849,0.6596378788756005,0.3870002088625458,0.2832742248927915,0.34139864146527665,0.4013974703572746,0.522508840627919,0.20229401471486053,0.626691607383492,0.23804698652491524,0.6503275744592751,0.6747172606024494,0.695051397056067,0.6047550922034388,0.2709277629700763,0.5530835216125931,0.30166064530408826,0.648563917790202,0.3583029628276724,0.3633979885375206,0.6588266479574333,0.2066155353918523,0.2969830757417849,0.4109661332817275,0.5503607836550964,0.5237830830223676,0.5347059375835745,0.640011014205332,0.2605152061466283,0.46108084810938516,0.5627388445512442,0.5180592214620823,0.4241570599696337,0.208557292936082,0.23022613282394233,0.2594706634269183,0.37161387641768173,0.25882672633357345,0.41304115653130413,0.2893209952927897,0.589583098763103,0.6357438083561078,0.39482375398408787,0.4556658826578193,0.6767481207804708,0.46775387767431015,0.6975366079217125,0.2710654968460273,0.6311132102983492,0.4486015013364827,0.2113570556248341,0.6861114707196743,0.6825239498716789,0.3916354200914436,0.6770710355429523,0.2705048211192729,0.5400550705603411,0.2959644934439173,0.32332361816741384,0.5896687186013027,0.3886790422826475,0.2035637514143106,0.4071192120977972,0.31403466031647975,0.5416649567791456,0.29722434836175016,0.6211267642182379,0.3335465060540821,0.39651412914150685,0.34901843039854896,0.5219616739046828,0.25058177061319836,0.439049686349122,0.36722740760752903,0.6420689816441574,0.2367060467871962,0.6148475324664273,0.2838402382649546,0.24428882996497758,0.301161429061504,0.2513264910059052,0.46049197410106274,0.6941074764578906,0.21716367596212943,0.4305641746597306,0.39303516455393084,0.36980320712320014,0.36593180521668045,0.6475063783132311,0.20948807510420203,0.5874581936900691
0.3264665894029708,0.3916477554087874,0.4100749564242888,0.3523658770368717,0.24677943091769894,0.2571654244147174,0.3490655620413221,0.6109045264436253,0.26731382639370593,0.5713199165729653,0.3444348647146438,0.6417324675560463,0.4141642377003204,0.2858616566486878,0.6929222250552551,0.2883172596149558,0.48380991061613465,0.48464323904806705,0.3864067255888899,0.6757442962745654,0.6219372812058658,0.614909780419121,0.6870759677147389,0.4285546690981584,0.24859288781001465,0.5827279627248969,0.3904062897259669,0.29517257590175916,0.4416236716101267,0.6628594700835816,0.2856785095073142,0.6243494076148709,0.4091024708075587,0.268400990351571,0.6241911519943282,0.6848101705957143,0.34563535791750577,0.3517681049210344,0.39527299151996653,0.6070651822304035,0.20520859836974992,0.3119782758687672,0.552949905553163,0.402819725242763,0.3651478114840637,0.6361414444510087,0.6586669600731196,0.6739931095830977,0.3362752663271483,0.6562563047695534,0.5684827773636444,0.2771073742442903,0.5051350141541051,0.21316740965349562,0.5541890778854326,0.5667837613254691,0.5946692542974986,0.28626252706121746,0.5141249704737654,0.2894283424138272,0.6733250416945878,0.5375053463404171,0.24766292400202788,0.2935161150029114,0.5317300490648739,0.4383352480798043,0.5681488331054392,0.34039439946282957,0.5289587684235384,0.2884800840152195,0.4718551316805165,0.678899795774993,0.5141111161454932,0.22499680875245825,0.6943810688683134,0.2784331648244328,0.5590345513485525,0.4662650195320979,0.3471803439021519,0.28865524271385457,0.28885118213835786,0.6291998406040802,0.6364562570817116,0.43257276081235596,0.25181073146248695,0.6420825519233949,0.44350824308754455,0.41938121143345686,0.4036785122188101,0.3825070869296028,0.46300270180429703,0.5022706133058521,0.43321610178647796,0.6483240817275222,0.3588306142647486,0.4891559283933906,0.34997696009699264,0.5766750118962671,0.25106054966411784,0.2943494983976663,0.6006007049634754
0.29159879760976937,0.51287317309737,0.6851217259520984,0.46144530688298285,0.29369822317003463,0.3603455228463187,0.611729038227119,0.3758304565599868,0.5617556795149068,0.5886750314420051,0.45059142362258203,0.5916066921831944,0.35845150221410715,0.45807982335820285,0.5432791319860701,0.2840365736521902,0.33681098369109486,0.5260183016968261,0.5276800599147766,0.4466513232264895,0.5977926783910602,0.44102745100248775,0.6406611327068665,0.5679517154359727,0.3573474316516706,0.3976270042422777,0.5338433428849227,0.6472263094117456,0.2893543663517544,0.45733176937099,0.25939221066218837,0.33972757766006556,0.5429906796466211,0.23886731762408087,0.5311792909444237,0.6504055604726484,0.6846851455092331,0.30831610051275776,0.5744489783039379,0.6631852243527648,0.245684655424718,0.4070118042446026,0.659704883436083,0.30139374912741507,0.6668803418939209,0.4635960355438892,0.24994654126877786,0.42493865837775746,0.36313059773353307,0.34110208027590416,0.47073778781684184,0.44179634537593504,0.440983579810046,0.24407086555155766,0.6011590905135682,0.44071965767789756,0.6104529143509371,0.6122973207754752,0.3585676624240216,0.2021731519038062,0.6556228387290592,0.5803473465431201,0.25362597841173556,0.5508635170015506,0.2100116343344403,0.21387953461034925,0.4629116197989212,0.24801871461817332,0.6821682612424593,0.6469156133251313,0.5249060156239423,0.23185448541915665,0.3624176289035326,0.3858614989530219,0.4404399179143498,0.2844514370032261,0.4887558213985979,0.41788532395461164,0.6736484816964292,0.6680976148126094,0.48273697766998613,0.5221746679952676,0.26889823388687123,0.3116616194200858,0.6503577021009548,0.5495829614478674,0.2947150986415388,0.4851051530366114,0.6673806252447244,0.37258555308095176,0.29291018775954264,0.6710126384545492,0.4306326801460496,0.4086209993313832,0.33378359989637507,0.645792647473572,0.6228083834447875,0.401495199718377,0.21530663994853944,0.4233257152530697,0.29042900829002666
0.2713670350744406,0.39654680594771174,0.2495384686723136,0.6787322534658324,0.2237695908906409,0.4006848136993636,0.28135135101584746,0.544405660764378,0.23940572460728088,0.4734027871043171,0.5865507476009688,0.6750299175244854,0.5492637814847063,0.24974587881729177,0.24426027485707053,0.565799024269033,0.30766470250173433,0.4236196543166244,0.6883105506756795,0.6099533992019377,0.6232966786501002,0.6303849523640392,0.509772670060779,0.5719669619312391,0.37948045731714364,0.6992231132864253,0.3398110848273225,0.4950037016517597,0.3410308391605966,0.2560355252800366,0.4837929074218383,0.37667433543306983,0.4916096337616938,0.47933923833249636,0.47112836457178076,0.2616505610232647,0.42009038717517855,0.6060019696993959,0.3575717477723179,0.42191575264603254,0.446915795160134,0.6313656562958723,0.5277998846130094,0.250101267418657,0.6325854929025105,0.6160329877410449,0.5768229902995876,0.4330290091594188,0.5787726917429034,0.43937103132137856,0.5683117671635813,0.6400550824862681,0.6452707925652983,0.42728928709372727,0.6296713396760145,0.2507286902538566,0.2509097087433905,0.47413347343373996,0.5259223092281344,0.27649688798920136,0.43609002240299644,0.24718133390796154,0.5010497427766551,0.6275470183764239,0.5688194880097619,0.38914577621463564,0.6968968983185608,0.5314674882330683,0.6076242172212395,0.5348486936458663,0.6947081455435633,0.6106798836088865,0.45971160894772023,0.38343978141879487,0.5410774145744212,0.4951109044035044,0.5146752955137726,0.3715058831418785,0.41436421028527726,0.47904828744532485,0.6196417009609214,0.5814544588814515,0.2593279352513952,0.3227771250096959,0.21332886246651372,0.20398028398279572,0.3121877346401209,0.5996604740046647,0.6523738290871934,0.39588418294929906,0.48159929830333925,0.5530263009776903,0.6764683496258632,0.6564661186487157,0.22859615169068997,0.3240829216046404,0.22457227197758856,0.5082712104945256,0.5552466582363195,0.3541417061782557,0.6269259540666072
0.42640637520574887,0.6991907575485062,0.20019984629466248,0.25474485420927834,0.3508966214676702,0.2127537989768566,0.5911697288691253,0.22638589393564362,0.5744898166469136,0.22628422939477472,0.32636363232652277,0.6206384078292648,0.6755476471188621,0.40726317133025614,0.6849694821562756,0.5134404618792712,0.4079175612164657,0.6014006719839584,0.34766426007010054,0.3328981306801092,0.5282738384555371,0.3952436809840475,0.2679590134724898,0.2334821176449544,0.5939212881242386,0.5379553659011722,0.40589911230330167,0.6481138175855283,0.4054283762212998,0.5551477357326917,0.6545576376036464,0.6203577293542217,0.45555238816978944,0.5403181962233663,0.4068328883636845,0.5235985861470569,0.32877621917269795,0.4173710568847766,0.3047728688009195,0.21909247633977402,0.4942699252876861,0.6322146726753988,0.21278913731159577,0.29801487036464797,0.43009252963520994,0.5329484084211267,0.2856145968349432,0.22834741448531215,0.45952435886344456,0.6093548565286544,0.21761745465638566,0.3746847251795129,0.5317573713966676,0.2653710030512335,0.3179733884463784,0.467746321893133,0.676615848182109,0.34367130912187804,0.44376371061035513,0.3999654315322091,0.64869833601504,0.23594493201555783,0.4830737956703821,0.623059849594972,0.6940587885312959,0.5493627487609036,0.3899677378332622,0.40591217626697196,0.375841109871382,0.5018065499034767,0.5697028853591255,0.6097337817944655,0.4082965548415859,0.5583542511295196,0.6581112960148882,0.6604123972253526,0.5520145013573212,0.5184510964062681,0.46576303776250333,0.2915988340910643,0.26181482630270925,0.44285550339469015,0.2797220781037297,0.48849996283466796,0.522851365150609,0.4628077987600203,0.21821335625630683,0.2288639794011661,0.25667059234074274,0.2768229024941695,0.6949413068846666,0.3722475084315612,0.34598668682064304,0.22613331783211454,0.5176601953427982,0.5260953925656403,0.28772434478933234,0.6596207704623065,0.6002467732975636,0.31515965840375404,0.4429248654582687
0.4291954280994249,0.3742602221711604,0.6088173564128065,0.2546322428105755,0.4076571199138963,0.4140155652746085,0.4343628023070898,0.6306749955493143,0.30908343510075065,0.2514615867561364,0.508904231410554,0.2869172374890236,0.23746604292730988,0.4133246102855267,0.3098232154290705,0.3806083094339918,0.32985554005122875,0.24631823136170788,0.48017360146210075,0.21350920901974285,0.6831876739971997,0.3706652608674831,0.5475787552449018,0.6051814362737249,0.3395523977697775,0.5743693545550341,0.6162104277123548,0.32065861690580677,0.6962473384480363,0.2103443414210447,0.30850024011777055,0.5900103781384964,0.29706551252787644,0.5491299316531032,0.6277652024914517,0.6796071363171301,0.4371237577001348,0.6855545614910586,0.4058111483408393,0.3090640198371929,0.4569609265423626,0.5249116221557463,0.4289816580249719,0.48348622198339575,0.4082045938635943,0.46238097701062486,0.6762978359732807,0.44991557626816603,0.32658981640463014,0.5793733107562853,0.3687922288907747,0.6081035854106953,0.22842099449194259,0.3660889885543457,0.24717995413031973,0.24265891212291574,0.5291947795862186,0.3926674006768037,0.6357394709925562,0.45820256893676453,0.3476716105861414,0.5604444439810974,0.5120083957928498,0.5997973104146017,0.5217941381709424,0.28350670854946014,0.535155018833533,0.3957745988079051,0.431571515128784,0.6607822878686723,0.3799820231488735,0.5059795714954194,0.38174086670611973,0.24736374267889588,0.4267626710241502,0.4985307522298259,0.4037516460187993,0.3953330923390922,0.6101892569471985,0.21484258614473511,0.34779269837006,0.6058786326886058,0.6602650743055818,0.4061497929204141,0.6443971215980382,0.29946506106251636,0.3107135339300863,0.6230956882924017,0.6516288706703091,0.31140288398133376,0.22966209498430556,0.24516206852764388,0.33069041768818164,0.5807245385733975,0.45499591389814137,0.42779442112138477,0.4920699655830004,0.645111556731093,0.2452151897828288,0.5473620638182906,0.6633954228277026
0.3066750208792,0.6188861579809172,0.549012355379751,0.20723426803657236,0.3158058401810641,0.5029223804479404,0.4512001697456058,0.4639681262634329,0.31596521230341135,0.5375017353543132,0.3332091854683884,0.39471748323922695,0.3844579579400381,0.5360125110599492,0.2451263808416087,0.3027709505200926,0.30024853534253393,0.25421233705785506,0.30379748941822954,0.5035301339616771,0.5660840854370941,0.5301517234845613,0.4375940689904412,0.22621728554803183,0.6795035053433875,0.284038230418746,0.5342106852028354,0.6564453077410555,0.5488885479904942,0.30902482009447513,0.3578981493820115,0.2151029335055476,0.5063791204210567,0.5064964904407833,0.5627502906881896,0.2054981446378107,0.6089206444122333,0.569355478700154,0.2704433047620444,0.37381330463448925,0.5192624464521083,0.4478984374701639,0.2575471319506312,0.24367268756829497,0.5907281495540457,0.2779835590089049,0.2860463369652218,0.6154615626783788,0.5060698172816085,0.5023578040769862,0.43967288568166996,0.4844975072011454,0.5008848451859055,0.6839131174217901,0.31148665373378964,0.30728120985022955,0.22860924385265785,0.5290993994046611,0.4745210904111309,0.2556196019233199,0.38226946755909363,0.28933160266560193,0.3657408702004308,0.675632084697305,0.5416594194402644,0.20378455039757098,0.3262540368920618,0.20518077353888953,0.5574342493843403,0.4347109010277391,0.6970093459071947,0.5667916305113291,0.4589564713539409,0.6023527141040675,0.552401825617038,0.3218880888179936,0.4651291374137582,0.4779993624170354,0.4256158493039017,0.289596311427681,0.3116845258289435,0.34052370047798075,0.20512757468908188,0.6584719460847546,0.5430479957917393,0.5448086578922353,0.4861653069045606,0.5446554040805296,0.6909312749368182,0.39258016881724667,0.5562627934382818,0.3797645021887641,0.6271443993734129,0.6290143034450175,0.6511332127117424,0.20273166212093918,0.34909572249804743,0.26696217560079805,0.4269930989450784,0.44772482133964886,0.3279520214148277
0.5617232460225352,0.3348848585944847,0.6269456876416792,0.28882968407089343,0.3836176473826418,0.5111188792121525,0.5026675352316265,0.23901455600257177,0.6231293060954741,0.49903246671488755,0.6349297743535842,0.6338177891139343,0.4729593451875155,0.6553907286557189,0.6242038994067279,0.6790614722808854,0.6252491992797031,0.6106019255005747,0.43468024033845576,0.3060155301889639,0.6553543665377429,0.5612745932230379,0.3408739320992601,0.37049786137782126,0.5430392559286102,0.43890865417683544,0.24074128092318414,0.2707239728728285,0.5728243417561556,0.3642847642409154,0.45382471420101955,0.5833107391267629,0.5755877968530262,0.28350751344363695,0.24919693219951766,0.49557614648254494,0.5708164369656197,0.2745199609977052,0.3859776436636374,0.6351389979838202,0.6721115707801605,0.42703488047484217,0.23975796701541652,0.32884822810118863,0.3164849601577665,0.3194818602705285,0.446940852689625,0.49161282584578553,0.2612547943399677,0.6446780032641671,0.5099869116405573,0.49862586513400264,0.693639499192142,0.5140719887465626,0.6644795746505925,0.3431284861798959,0.3200647451732488,0.4582593434122265,0.454304473818333,0.31324182474194845,0.5498278284499738,0.21481690961834665,0.5453152362747262,0.4285889430616501,0.5445037554225395,0.43854031532075943,0.6886668914423475,0.36734247555155886,0.6912864685011941,0.2324869712394877,0.5418803873787783,0.42710960339245607,0.61106881276485,0.594808034858499,0.6001050914379686,0.24736929965125987,0.6111828499306473,0.3070200787218805,0.2128401319295174,0.3088693598422057,0.43964255234991634,0.571055679955716,0.30931624041642686,0.2565037740451357,0.522983627511971,0.6919490181800088,0.500435151042809,0.5455286820617109,0.48058372187320997,0.591174222114252,0.6879022101047223,0.4720646147020924,0.40839525587136294,0.6301715305800633,0.684864171879995,0.264590820434784,0.4890854827369389,0.5962299962729987,0.46666970257819534,0.40459848409647436,0.5276149105677103
0.33506404725667416,0.37456687146918466,0.6961383294406722,0.5182326671872477,0.6364636491555373,0.6038842565185717,0.526136277197012,0.6203645412293866,0.3435792477167855,0.5185582244061491,0.4953017447619904,0.5112098003966723,0.2843159635733876,0.3386215199990342,0.3433291593962695,0.5009730812863815,0.686273440219893,0.677033775591074,0.3135947764948483,0.3524226215333862,0.21803094613958357,0.399407794929697,0.6173370608401818,0.65787586949307,0.3182482397839718,0.3328972367444196,0.31042490825437685,0.3750517837872893,0.6023796992952724,0.52342873494223,0.59297045893185,0.49151555316765305,0.3288665390295734,0.3139970901062721,0.2045003529318749,0.5904910684370361,0.6235606130823588,0.5841412998142081,0.23720102886424538,0.581110813584933,0.22288372657513467,0.2527965328531956,0.42023768646633364,0.43807350446242,0.6080593183093481,0.5397634460204552,0.27666008931560815,0.3130733916144007,0.34283759412934334,0.2618363187274292,0.3438224431796153,0.5642990777698664,0.3207007350536415,0.6176798235301932,0.4347584975626039,0.36146788062219437,0.4062090522744365,0.5547483702967457,0.4583963516229951,0.20363933198752904,0.6611619232925374,0.23299800150092587,0.6693106744071928,0.21407641181002734,0.5854896674787242,0.46733735409164406,0.45286309030205296,0.23638925127200228,0.31937250516895815,0.588773658532596,0.645629914961247,0.46455934052648973,0.37667169818129764,0.22997160403210543,0.5410892630331702,0.33922330534314127,0.2275068574960734,0.532925864549311,0.4428598967668792,0.20598107485086198,0.25546201955317355,0.549600964622972,0.23183566653289428,0.6329815324214951,0.35566313870996635,0.24433323521821232,0.5798786890840326,0.46221361722651183,0.3533200161896488,0.403049170834634,0.21070619780241295,0.5313492687697144,0.3828868444817223,0.5570187848640649,0.5140855729762736,0.525627092954869,0.5964463555022161,0.5155790391881254,0.40936296462094623,0.39496378086731776,0.2597910533824279
0.5897217065781208,0.5805542208773109,0.32314918354276173,0.6313409563490723,0.49450162889531407,0.43934342119728365,0.20874815081274795,0.39137059293215815,0.5203353841178315,0.24487391884419174,0.4297836544437741,0.696717975680798,0.5582693186045338,0.47343544375080215,0.4665164424695383,0.22188254112909722,0.678657218703968,0.6640888301425214,0.5412023553377232,0.249505824840775,0.3039169483747191,0.2919547679377926,0.4597892425506094,0.3039019372509928,0.5479002807720991,0.4726149429846945,0.20882908852132775,0.5720286185178257,0.29441436832697426,0.6124425598403385,0.37752271856148945,0.36930983999081823,0.20590866788910528,0.6938644914615085,0.5060021695859318,0.41136508309299535,0.24831070223066953,0.5495740320755084,0.3413652349959694,0.6941404091877644,0.6752736795746614,0.5676483394013943,0.6855359651414845,0.2528169312268814,0.33995768026827256,0.3266216443955895,0.23600632922965126,0.6861132989857279,0.22998704332344694,0.6283444519971648,0.5840807122884195,0.38793354373572975,0.2094036813148995,0.20304795249093477,0.30199692034696163,0.44693829001689656,0.4289549890925757,0.4926462882824637,0.5859796548303811,0.38867730743010287,0.2801818477546587,0.6000244584142119,0.3663453406656054,0.3434409488966753,0.5821560192146176,0.6670697190415722,0.6574806410053784,0.2687212129285893,0.45157907673464975,0.24643514186408672,0.6804879794531998,0.3076139429384197,0.29871478738288737,0.6444428365032397,0.6839252775609824,0.5488161296476283,0.26050251684961245,0.4429278052703369,0.6083025470308019,0.48623859185412255,0.26629742736416734,0.2859438747516139,0.6320708379174025,0.46351458184374167,0.5529183868833561,0.3865312631165324,0.4662427914594207,0.6885515701938458,0.36485151848406905,0.5373942637541371,0.2862527785976149,0.26086994263016666,0.5918200556295148,0.6220541049935828,0.5341558476747077,0.27909791877223755,0.3202939828212693,0.6555878540475557,0.3443520243998781,0.6094302580985587,0.3429686444552008
0.6697312846617172,0.6572264564185015,0.221631586814394,0.5852069934337043,0.28473088011720354,0.30763581295319076,0.42992260616573785,0.488159074874725,0.36289985948524595,0.48769168277710456,0.2853291856705683,0.21116882719051855,0.48561219418088153,0.4587076299811594,0.5448269820379624,0.5249110309839122,0.6487431901169777,0.4297343100807729,0.20418473734647102,0.515326340798427,0.5375662148016092,0.4607474946979848,0.5446524351206078,0.36179190661807636,0.2744041515955396,0.5322768319782032,0.32259321460776436,0.4281579546421024,0.4458113653058243,0.43859977523419424,0.49922457183997787,0.21472685446292944,0.694841247465044,0.5581552369692856,0.41269389089938135,0.29566501514512217,0.24008866122167816,0.536095210313061,0.35847780747927915,0.314739229124934,0.38997719355616667,0.496461543903855,0.5358526083420005,0.522585034677265,0.6316327917459867,0.30937871553505764,0.5183730815985677,0.25055718809304706,0.47396734494958886,0.4919792012448356,0.30811864946708684,0.39584656499561843,0.6135964447919011,0.2742045268764817,0.41725309880792005,0.6663665356057259,0.4520544638498004,0.5625668559166435,0.6134330197777754,0.30188718742274623,0.3091086177664662,0.5792957280491917,0.5766533690882004,0.23009166031980954,0.36124912034748213,0.399266245954219,0.6145202017355769,0.4109311277148687,0.6629644452016219,0.69830388857032,0.5903630828471748,0.5331933447836287,0.3959485829935614,0.2335197230260167,0.4865693781980652,0.3808524527719954,0.3754490379161718,0.5438546263547177,0.4318196792983179,0.576046922385725,0.3990866113426895,0.27543169274328133,0.4306737630951233,0.6755062571626815,0.6007623145582791,0.30287462753668337,0.3956502508224713,0.6638960476102689,0.26184952936328326,0.32697512093246794,0.33111132293594814,0.4854664378309917,0.40536665985566134,0.23993533699814995,0.5145907272885428,0.24953893226007512,0.503207465989539,0.45350419011301285,0.4468343303626563,0.23374812264961492,0.5196102234417679
0.41566012929466534,0.4055530611428433,0.4982256982092683,0.5031240299732737,0.20751664788099428,0.26261295060160333,0.3182591104223603,0.5389886666729895,0.4883705635148037,0.5788145661923768,0.5703039027719284,0.6265914346030753,0.388407430636207,0.37253193309165133,0.6155077015267316,0.3188007669335923,0.4305861868368035,0.29716282601112487,0.6569203710696068,0.4039015065483127,0.3062434491154142,0.546006695284456,0.32232233910523933,0.6717518015851116,0.38380850740470573,0.5323203560509184,0.3726224655787067,0.6036227914967368,0.6484613705113879,0.5939591797073931,0.6242495093637599,0.250940413968818,0.6620323385165332,0.5121503644376402,0.6346087660830998,0.5422183820927077,0.3009238342718552,0.5047775508228383,0.2454731198615705,0.5478615151090793,0.4045005705402863,0.2758665865501045,0.689614907934207,0.6505422121053406,0.6467718567016268,0.5944101531761263,0.5459905625717587,0.5275397401461226,0.25304691885192765,0.650283117659227,0.6405641981523051,0.5739263132624266,0.6636574795375612,0.47654172569899594,0.4238211673587776,0.6839737010831393,0.43206559389882804,0.5206622205335788,0.38653107342921944,0.5181631130098638,0.5600494978128439,0.5123277626442752,0.4572814706080988,0.3500553988126164,0.5219228380681116,0.6542144476306814,0.2034562955848337,0.2669645137148452,0.25988657924992786,0.661602651446427,0.5313738444813073,0.6758940532350752,0.4914066366062141,0.43086644857962686,0.5961714559071811,0.2804711337376123,0.3906690581586607,0.4331371202671118,0.34922919725605905,0.3856428062042392,0.23905259346220914,0.298991794724779,0.3677483601654642,0.5979452166165671,0.29124867742143196,0.37332018699211234,0.2324601440984676,0.47855217241330295,0.5056254440704638,0.6327582317310834,0.609557999250982,0.34268897734194026,0.2684768445949299,0.2780415911052019,0.6844819715202222,0.5366129070036787,0.22128539390161966,0.2683896275225473,0.44290003255047783,0.3039144021465599,0.6018294925000094
0.4866085587846824,0.5063161038946491,0.43141277402460587,0.32803138771315776,0.4947018066012732,0.5584850230803658,0.38547403881508346,0.4524718153089176,0.6198419852360166,0.27434088091123016,0.47261220963705014,0.3742063309146141,0.5513973791086152,0.20940512158119734,0.5352366499015944,0.2514488670080937,0.232383876496829,0.5623116504793064,0.5201710764520366,0.6474679654463293,0.4598274779003225,0.4650122127635835,0.5535089177882753,0.3616987881766256,0.2184562277109663,0.31502291285952894,0.3190067059481833,0.3678294251390969,0.6717313665202314,0.6024213993315739,0.667978122602596,0.6993047950565001,0.41688950204352226,0.3135366583401523,0.4800020806276245,0.6405672069740593,0.43286593050728905,0.4526996512861267,0.26721955296391336,0.4102277462838805,0.3934974049042891,0.3758442514327248,0.6436493349620999,0.22965071660616648,0.6860735914486734,0.20412341263656802,0.6727970069749045,0.4740237514192717,0.5512226222000578,0.2935664248475616,0.5271057695083035,0.6409788342638663,0.2697400699168258,0.263540806136645,0.35198895457473633,0.2808629462376991,0.25532292404667356,0.5391595179926458,0.3069133069562454,0.5335074497009931,0.6309646135579081,0.5260123957065002,0.25968353495770047,0.48678878702372247,0.3968143421057754,0.3716854683612474,0.35926573431491604,0.6647161119098227,0.5712537283388639,0.2669243947901475,0.43800273986623184,0.3591115376269598,0.688969156272979,0.6890144864765847,0.3597672371665175,0.3760565580727273,0.49970710356827275,0.43965350716375007,0.3065504360792207,0.5302060834943056,0.3670643219376192,0.5268582491660838,0.3918407611638999,0.5501049469281358,0.5338997354448252,0.4544063779605003,0.5523699953554153,0.4304828381160076,0.25806914982506146,0.29105312666867733,0.32299656708280644,0.2316144641128483,0.555690610315335,0.3836951134158092,0.24676164816349866,0.6099790603627901,0.5418271422317874,0.42611211856385045,0.3237126675463671,0.2758729468964234,0.429187095877531
0.6426228715052811,0.294197661635985,0.4843296144957439,0.6808429976111279,0.5185582873823065,0.4199823650779342,0.5581864864694541,0.6122889595093532,0.495258148943421,0.6359161794964963,0.4572958796878688,0.6150145011031283,0.6760096202028476,0.4506217335117585,0.5025008577926626,0.5047337714749174,0.5907174317991453,0.6114829200887113,0.21361465810303037,0.5666797820451939,0.5919076223151187,0.5502147197291184,0.556847829661548,0.22070142959213473,0.421019330974453,0.6090898248608703,0.6670035706475518,0.3147339602859674,0.4895974701763975,0.6021651197752917,0.5762038214295928,0.5094450584900395,0.20934559413100012,0.5619429200557828,0.5866212516394074,0.5614247533128174,0.5829045807449783,0.41545744633943016,0.6968760729626955,0.5853934579363294,0.4893400026399927,0.6670956348733119,0.6540991697290091,0.6072835326671324,0.4818474594918831,0.4635505095733567,0.36435396598726033,0.32543898955197414,0.4561797584875432,0.48889088085598686,0.3222632157294228,0.6613006218267393,0.4786369983671592,0.46325266269107324,0.4178191941830701,0.22903564785843028,0.6412006672299246,0.3584971132215149,0.5212301672341472,0.5037167794850177,0.49224341269226335,0.462856101005792,0.29071991671566405,0.3403028705239828,0.46209403563515,0.594671225798463,0.41599448532520933,0.3019612765230654,0.243972212402713,0.531505501747012,0.4116699853105823,0.26268544631132096,0.5372334399934918,0.3037893654271866,0.4545080241518385,0.35309398753843024,0.6658450322170002,0.3141440331355828,0.4099592607710142,0.6797467984140029,0.3593625899691577,0.5222965815055001,0.35836352185316256,0.2553374895586245,0.5137736163421464,0.6580157676426701,0.4262823336170459,0.5130882713462335,0.5044492066283115,0.4075448513139379,0.5074483193823652,0.32965904220948605,0.38901895230152606,0.42115942818118757,0.6320043417812402,0.3741664474166274,0.5175685240579131,0.30670191870944935,0.32628486452696337,0.5242144377299888,0.5811549636833018
0.4310585882631407,0.36754984838888327,0.6551357779661362,0.26790390752452137,0.5603571188246734,0.5450853748735514,0.545122581363897,0.6677102222117621,0.564095150490396,0.350782594704792,0.3767046121161546,0.3955554865999471,0.21540433704905304,0.6567551577041284,0.23677630193240196,0.5498971410487358,0.5650805024216559,0.6218575253152698,0.47668112779776123,0.5626322119282684,0.3513614622329755,0.572792005456395,0.37170786863094296,0.651419239213348,0.2816909038831914,0.3578786553369767,0.4493847257775653,0.5879252785740489,0.574399552551516,0.30535843716225175,0.2721178483058982,0.3519848021470491,0.4418770758379512,0.46950252241287527,0.4145687954776396,0.5315450583240034,0.41377947179861885,0.6731645049693973,0.33048442399076794,0.5136860603350473,0.5056889693300659,0.34078736094114204,0.4058438122570136,0.38273680971998536,0.28624953001024467,0.43864760631577193,0.3933311265109207,0.2891586800335797,0.42494002270888076,0.41092198412936953,0.2656828388297299,0.26559377095900544,0.5237536899228487,0.5532904023585519,0.6705902099544523,0.24350234523054992,0.25893074618912676,0.22590906423395551,0.466114215378465,0.5113733071476132,0.40176172596607884,0.5989511104805663,0.5433497180019,0.69292021047343,0.26894749164983933,0.22915783217125069,0.3374018527846939,0.20952509765842203,0.6663057139332562,0.35197582934408767,0.4762150834857294,0.35903481643937096,0.32290431099441175,0.27618236198744,0.36018296016456774,0.5077094652039873,0.6858105998437638,0.4790460201835747,0.46635453304950253,0.21763150905257345,0.6200495078338464,0.22242068749878663,0.6531161370517395,0.4693358626783589,0.28423330261701774,0.4258536960032293,0.6974922403415991,0.3525414260220465,0.3347298842742893,0.25900294752125297,0.49857117439541937,0.24461349950698147,0.5830040319020385,0.659611757165279,0.6659355556077496,0.2539581264387189,0.47913129867648435,0.24855492745108332,0.4860080707421486,0.6074902926047905,0.4688950811516423
0.6360269130533405,0.6008371774246888,0.33827417496996415,0.5150511414412208,0.20370606323806573,0.3980209579624322,0.3189800838921476,0.668558172971743,0.40269450586157995,0.5270322142112402,0.5659908046368036,0.5866062693407537,0.5678875960087644,0.34458253049386733,0.543033848364611,0.4745047411311416,0.49868633239875937,0.20040730865437745,0.32912880047642823,0.6653418483578277,0.3450380416528629,0.4190077611248213,0.29333699109787054,0.2693012759518449,0.30433448431935256,0.47682366443348645,0.659514325695054,0.3630995899480951,0.3617039761039855,0.4820702934434341,0.3783713588465676,0.655208023991994,0.3889240213211309,0.44522112625973354,0.4666946419852054,0.5910338975652356,0.4819529697074418,0.31957755007366206,0.26199360331318367,0.668887273344482,0.6007814973195537,0.21148260514445788,0.6107644921617738,0.4952988969523843,0.45944711751747164,0.20611458951177947,0.5904320281922075,0.29903250712062507,0.5639906065970395,0.20793412368290864,0.598176824833093,0.2115197341775203,0.31794645203625954,0.3341391062563567,0.2787543190534632,0.4405290980976845,0.34184397980835446,0.6966439878636284,0.4899843966827194,0.4832389125271202,0.3104348150532276,0.40434471935745564,0.26198899718,0.581264626125193,0.3655796230767384,0.5759829166966051,0.38584799996473773,0.6943786200574227,0.2855608111273109,0.20076194694166566,0.4974127706891928,0.6764766000439191,0.5235270274529896,0.2428617613740905,0.47024019123311267,0.6547434680688636,0.20325303394000638,0.2834561064188994,0.6072807780513081,0.6469535532887414,0.5535803104341355,0.6957800818199104,0.24510796479328467,0.4728382579182801,0.5424973613237931,0.5513223601845438,0.5967423076720912,0.6588130225496915,0.3808207228085573,0.22148169640381793,0.3812209572404791,0.5358073816936174,0.30672804366682177,0.6049864757793552,0.3098822288614154,0.20503170119008668,0.4540403871117896,0.56323078570181,0.374827670268417,0.5744478997683933,0.41920216706050406
0.2858573086533677,0.24527919689947747,0.5552935824536737,0.3928573938014389,0.6563868839618852,0.4701275292869748,0.37421620911035125,0.3744954634948615,0.2657189322263246,0.49689457679457827,0.49108356770516104,0.5999968459682468,0.30059848123353805,0.34539482123791365,0.24861898454779086,0.3476711011344533,0.4140510578772003,0.6820142029769918,0.5265330014374566,0.5914369648895976,0.3627549426102451,0.27225640640404825,0.3283599709566649,0.3282338454996605,0.49155766414671354,0.37073556622751436,0.6286994321666394,0.6942722596182489,0.3716492026317242,0.5525301368435054,0.5287432909601844,0.29723124386614075,0.659004297410317,0.29972129359420063,0.5684785658348493,0.3738048211371562,0.3835407835044856,0.4277245264444801,0.6322539890275698,0.27012597075560607,0.22728478891737697,0.40102040945689066,0.22779254957104406,0.5438004415287202,0.5801625375136066,0.6273561973766294,0.5719211227417984,0.6581756968463395,0.574150561361611,0.6680378199392007,0.2965553971046816,0.4499315664338651,0.6969652998524543,0.5407890912713578,0.6393205589946287,0.21519689691642763,0.6358789492842186,0.5488566172860487,0.28537771699385533,0.2128404782117983,0.32996328906282646,0.6578866794963851,0.5340664693501431,0.6597345521416621,0.4230753912471297,0.6683135476176205,0.4314799077225028,0.30212736220916725,0.2756967320922237,0.696905906517522,0.36693133073728545,0.28002651265879386,0.2042042154453761,0.3427847832648112,0.6445580718012694,0.4670046603386508,0.5162175257624775,0.6611955519452664,0.45641995905351457,0.6191399229263073,0.36191663903817684,0.68855093142061,0.2394069367562262,0.5624147627566323,0.5302831433801471,0.2958357529254085,0.39442199942326794,0.3564145583885032,0.2472464341662477,0.49239401147542056,0.6968349227825827,0.4797940705266946,0.47262995343968095,0.22015685367727417,0.26961011168184523,0.45660954455113045,0.6925892820920356,0.6383038677309294,0.3701045606865837,0.4715021271140637,0.4763511111270683
0.5426803063810915,0.5438910206195693,0.5948962441929868,0.2124855124198412,0.6718400953187229,0.2350310229946233,0.43808005573847,0.6597896381795213,0.44383441461553985,0.23181841711655843,0.3146200099059696,0.4893333776842113,0.24393080894948455,0.4118389655086482,0.36454663309570245,0.6076038139121197,0.2550659691677246,0.5413992250793931,0.40329453543795457,0.49387534023616425,0.3027658859602724,0.5048518423808127,0.5369888637080563,0.23511578233053892,0.6121721337914685,0.6306270564441206,0.23177702784139737,0.5015937440486429,0.49700574848611345,0.20622920593422167,0.3711732069779756,0.6844628913568738,0.47772537613437144,0.6666059013707525,0.537822317938692,0.21419525911163823,0.23885659902419604,0.5610894776837114,0.47728389518450964,0.26357583229993786,0.5070313391768081,0.605143680284098,0.576491215066306,0.3230812300160335,0.3290974833280219,0.6839189025510568,0.6437024010763581,0.359168657215436,0.6120272448345041,0.2808692648662727,0.2984205506632822,0.29059802692267267,0.2438603875067576,0.6273390580806777,0.4894034491022876,0.3294780462469693,0.624327516363797,0.6013233796964101,0.2504757590638778,0.5220696868674859,0.5609168007628853,0.557913668492982,0.5615713539269687,0.2847288928245187,0.3575432271343847,0.6220892542522312,0.6491958751137747,0.33959444328243515,0.21150975808887623,0.6298834735830541,0.3885459189125413,0.36473177797996814,0.3734998398443128,0.4078482119838207,0.3891333108274605,0.48321544956678014,0.2394701392490951,0.6857700971542575,0.6682255172360806,0.6672033233077496,0.6396388120409566,0.5301631510908649,0.3105542813742162,0.22474174357318616,0.24966053239088332,0.3619962502328028,0.4519415127478927,0.696626535592397,0.4177217458972996,0.46232304524568835,0.5475786235940403,0.29036698522389814,0.6664135007811278,0.46451730292136706,0.33812817280088425,0.6675544931694202,0.512725309279475,0.44184486562460523,0.49007795498038703,0.5741511094526133,0.2772690018464767
0.6324152153516126,0.6797534051491064,0.4834998258750372,0.541135423398799,0.6299167404231203,0.3874053157082502,0.6964158974411991,0.5402506846534487,0.41199934917899106,0.5386689875008135,0.46084001625671817,0.2558207857691826,0.5979326523846592,0.482187790126466,0.5979227789369443,0.2774559701837329,0.4691785784003878,0.5833121361064564,0.6941522837953991,0.6421986381926292,0.6321748135303196,0.323730069073199,0.6189923008545237,0.28464063877148155,0.2990538322742168,0.255058371871736,0.6287982653568935,0.25412724822565935,0.26905573987250503,0.3229435750411929,0.4863312045603205,0.6400900926502016,0.40911407762778407,0.47314297459589255,0.2832446999786265,0.33297292794889577,0.2669628812428875,0.4049594224335449,0.49516782933909614,0.3420097650167271,0.6229979277873963,0.6906191755033171,0.2600774261572905,0.20893002800766208,0.5948884536973919,0.29532133890167245,0.37657329633042946,0.3971156091379051,0.6582996944504722,0.529419107883081,0.22030474515144538,0.2074051203570773,0.2997840487651401,0.3590859704363557,0.4422619170432994,0.6189197061544277,0.35740887801737975,0.38826860963582766,0.3646689650048288,0.20448266801645282,0.6776007695590598,0.2694979420682369,0.3438337391016235,0.2646516510482209,0.44527157807836126,0.6660830574712495,0.25035035881274315,0.420448461794248,0.21118742288578923,0.585449110693074,0.5206130717772124,0.5498493318535751,0.4361681804478663,0.6538165147782029,0.4047787254363048,0.45704253739353845,0.5476446111353146,0.46028032054772994,0.294667823958164,0.358535309022456,0.24614723406940264,0.4163067486086489,0.504696046543164,0.25926497213457034,0.5152935607350644,0.6464360698760546,0.36886186649275976,0.31101654810940993,0.6465030319209515,0.5459726179487743,0.25269743402827693,0.4040559760308662,0.5370447998772743,0.4871919374877273,0.5092735596749365,0.483567586986963,0.5990306826524451,0.3602134783984893,0.5542311739496815,0.6955397212471421,0.3949794288905901
0.5955241572773965,0.32305461856808554,0.3409483561420247,0.6674319370917715,0.2129691781243444,0.30871367243041464,0.4414603489060015,0.40092381085209317,0.5145848656175156,0.296361025180191,0.23527350218426568,0.3846666989023785,0.4621776210720904,0.48100091854245564,0.5007467617712333,0.4743309978807774,0.3228759854855938,0.5822748679845009,0.2438901308696993,0.2991769397760915,0.5696890045095571,0.3398630670526258,0.4467367208047026,0.3635988704277794,0.45349060580800155,0.37332789997368254,0.6971039949530251,0.37873879467907334,0.5135247086988226,0.6441716088254387,0.5189674971823752,0.48292862755480426,0.48461472737810407,0.44823035546169276,0.6037902007022276,0.225212039180691,0.6425649539646638,0.49314611012282134,0.624436610627874,0.20519635127210428,0.6346382019808088,0.26006875958663345,0.5606090031961996,0.4082606964439218,0.5405361955489622,0.514094868838682,0.2816982735336209,0.45730688222377586,0.33861523659727033,0.48021842142400617,0.569001641526422,0.24062920729091897,0.4578812117655126,0.5088149103811292,0.34768372679860693,0.6765017413980035,0.4601514127534147,0.2912585449229664,0.253894130899642,0.4708297745826827,0.3876191905634645,0.29627354888419233,0.2153492433928873,0.48330004001893995,0.4993001184168309,0.27090130059073425,0.5008690248851522,0.6759863773537992,0.6891478049948696,0.6442464682785025,0.6035392904178702,0.30468391835666564,0.2782175912479651,0.4224738011426772,0.5098158756592761,0.625339342004189,0.3159815205684008,0.4398239502601663,0.5237201209784229,0.4227969272672095,0.4270968385396421,0.31255858051413954,0.6933304524555379,0.4375966417037217,0.4663709727027459,0.30927964564341454,0.45706835916590927,0.3276747792671534,0.30116812569173323,0.3378611254714672,0.2013798242526405,0.4850755560008419,0.3937400027614216,0.6493445095969651,0.2203535868062606,0.22160015042787506,0.6429367586562917,0.26332232110217063,0.2010800520620009,0.2894569318565069,0.6119380875488021
0.6013570413800511,0.37006610542172547,0.5340154586299259,0.45362485366791383,0.652367494922953,0.22821173770871117,0.6065895643683159,0.28529933471373004,0.39581044871587967,0.29597857571738295,0.5513072047970695,0.5391630898766289,0.4739488008495134,0.5490815184018276,0.5197823903023369,0.588221027842134,0.31970332564527437,0.4144563074703602,0.27581326467711437,0.41479678211009696,0.5508458757101706,0.5456955803921757,0.5547134516474714,0.3543837643221782,0.5311069868954619,0.3837331597944691,0.6722460230525249,0.37168318294016933,0.5015091170221939,0.5750728570960879,0.6532037145131706,0.4189643017269554,0.380242554104134,0.4150140876582945,0.36184817577489037,0.526962245033657,0.666358382004292,0.2630355032446834,0.4804610323850784,0.6488243626801655,0.2500572723280088,0.44693270538314045,0.632614797930223,0.6502261058560411,0.4571760805764582,0.21247594223385874,0.25281958921391084,0.4933583726206168,0.2619293032331725,0.2747088884556354,0.5860585488910569,0.5753460292877501,0.6213863797127359,0.25286756825305284,0.29907244054840887,0.6164807149293252,0.560543804348896,0.6029780639140201,0.694872837453961,0.6322158030778511,0.4602316254248801,0.35538409239862867,0.4848382932873505,0.5192932751172261,0.3676560706298104,0.5854685187423392,0.24637689632894338,0.589696425340855,0.21599925934097425,0.44898303036074505,0.6307182317416331,0.2432476370106988,0.4588694682470848,0.2796957194806582,0.6474078750304676,0.616172763516815,0.6669586216467438,0.6374911707650468,0.5682766549329953,0.2924445977942514,0.35125130783445035,0.44842757915400366,0.4944483907573618,0.591091697656605,0.3134798140935305,0.26413869707348164,0.441305085296818,0.2789207054364603,0.5468684011647861,0.4878154450458586,0.5705538985094423,0.23171827982755422,0.6823487802221019,0.200002768337869,0.3627212075067674,0.5398173966831199,0.22257103693105945,0.24167479067880349,0.23834071861411016,0.4907548633604896,0.647962657519269
0.47771848885613094,0.5017856761398358,0.3730008256039947,0.20937057932776615,0.2108073588756082,0.6441549832404556,0.25128621935982337,0.6998946859062976,0.2822113057556391,0.5373172219775947,0.6744777360904528,0.3811446388210131,0.5672165943739946,0.3754283217211676,0.3524705283807227,0.30090204128771947,0.6104674534494322,0.32869353180457395,0.3415790814529288,0.6994848710993886,0.36365521772265985,0.4113872444160245,0.6950277288874174,0.38465017270871316,0.3830760036179335,0.6138572331069301,0.35596518424384604,0.3168930518212036,0.4116051275876611,0.5503204002880964,0.2216215124896327,0.3869580136092834,0.3731224509729202,0.3224091736310163,0.5271436679521724,0.3449950402068387,0.5033657795040014,0.45216842072731345,0.3085949354129493,0.3332830285210908,0.28530002665328197,0.22831460742547893,0.5095942315524558,0.5363943469571671,0.28299999680433496,0.5076961923430365,0.691042370028789,0.23720104746891107,0.44518543624943185,0.5665191068219269,0.22300459891486346,0.5891367469988078,0.6897556185464429,0.2442439317663766,0.6111149527329627,0.38929077225604714,0.2720581012170059,0.44659660459817385,0.23575936789060786,0.46105070408359206,0.20967839400202481,0.5643057208363651,0.4439848429057943,0.42946983046759024,0.29809574687104184,0.3806315778973829,0.29093471621083317,0.5676950502678696,0.29951264971651365,0.5083766635258575,0.339803750533876,0.5284910979616635,0.4702274794606711,0.41171931582636,0.5365004167052356,0.4078610358041146,0.6106853012875164,0.5647992291176329,0.47031949725654054,0.6385303412929985,0.6144309107340278,0.46591969731024957,0.23422384685039876,0.482998176099622,0.3776284947801427,0.470056471401867,0.5235652302487966,0.5224192874253197,0.5367620217590007,0.5396343125225074,0.2546407093567521,0.29585616522864683,0.5152705022711754,0.4040861943655183,0.5814258226528817,0.2624546411314161,0.2957614972102697,0.47923232121823645,0.4503740096339493,0.333198576988345,0.40417162175257926
0.21749063902832655,0.21851905399718707,0.24746350141243584,0.4883962266002802,0.6318582073065768,0.3301116446297875,0.21696991486171013,0.5543135510261562,0.6276761195025332,0.2690863926315509,0.3928738479702001,0.2793684202951024,0.2531787153046826,0.5240842692371872,0.6837682380890656,0.5390828128103811,0.6924073314038091,0.41719763803514565,0.64893489441368,0.3025421123331523,0.25895218350539656,0.5512600254562181,0.3857041654313179,0.35884380137355076,0.535640288998829,0.36674202088474406,0.48627908612426063,0.3497275531306522,0.5918787941056256,0.35619417024765765,0.46749707224811005,0.21158804184850588,0.5958653916791963,0.510168887410988,0.29611853349644784,0.3076866880455126,0.33124645925241103,0.4882650522977809,0.47415816654651144,0.33693185982094465,0.5470311459885018,0.6445205829668655,0.22175773882676925,0.4085983189113407,0.4967600592724049,0.49321760176849966,0.2097676734947554,0.30528303292430253,0.23091536065606078,0.484482536274967,0.5226949438347335,0.2798710817117388,0.36650555967103626,0.36490187168801047,0.6099011657948916,0.2973297022645667,0.4741570606628292,0.5914677562504421,0.6147890964485239,0.5332830471423664,0.3497638761309414,0.6115232874144281,0.5710830135500633,0.5522345669146346,0.2336676994425036,0.22163244032577478,0.5476826488507898,0.6723974006169653,0.5868619640315096,0.6157377832468443,0.47249114042489515,0.3522930720440369,0.5388684483834421,0.5559854377463462,0.5376789858470035,0.6733545283596603,0.38358951663227825,0.21982876947789176,0.6542221763787046,0.28024955942704066,0.5486591696937162,0.6366022198863421,0.3550706990073176,0.6152076204274632,0.36602906313572203,0.5971289641181248,0.23491493148686288,0.5276214993354638,0.538569040289398,0.44571291504047816,0.5435454319313553,0.6615918352769204,0.5669274124841139,0.6806480144923299,0.4243061569260359,0.4641453658519785,0.3318693486188534,0.6928008339004341,0.2275683675806362,0.37931020880840516,0.3488485823843064
0.39325585656402773,0.6588589302599328,0.3840189370342574,0.6584883263500002,0.41166943083160135,0.6273843846101042,0.46087504925033435,0.3556764217141575,0.42467489948394366,0.41219053948910167,0.3299570310427754,0.34481936499595334,0.2932269606555272,0.36800027860380413,0.5122029016245855,0.3932790843548156,0.5561616054631461,0.6934890848439765,0.3885505397422425,0.43131960704480843,0.2820550784740488,0.39610764288965805,0.5634162253953396,0.30870239987123144,0.2910270243276146,0.3881874368245959,0.6093247428588657,0.5118285948557417,0.6787896887933031,0.6522702174638126,0.2755685984116212,0.22127638730360732,0.39954736709737704,0.46103973940931975,0.4577853076093572,0.26705363388552766,0.2624087160773052,0.22343037788960185,0.6254299630277002,0.6738720690340894,0.25784251010898585,0.3065611842745558,0.24493144236745518,0.6387510855704175,0.6793543667681204,0.330898288360445,0.35179191496768747,0.38133484220646974,0.4512318796903656,0.5412304893224633,0.45219529162731203,0.6755007908381205,0.24994672926074935,0.5993027561375315,0.3672415454067355,0.38877384404327375,0.5544147218551126,0.6646885549371895,0.5581003892767884,0.5879302876896983,0.5753896210793994,0.36048930299186244,0.5784652165911239,0.5922603801099008,0.46670016032525635,0.4683781193334081,0.5798604015312419,0.6085154311122036,0.36859772101533517,0.6007811087876453,0.6071045033377056,0.3170628204592897,0.558475372658358,0.2932669609180792,0.24652455649406463,0.48727150602511377,0.6543260993916995,0.21772951176288163,0.6132508187974608,0.4532356053517533,0.6304477243606149,0.6217384675855233,0.6376434024081443,0.5844369774033367,0.6214961772734975,0.2880126036006018,0.3519265744374708,0.3212430854036482,0.5712141518640301,0.276821559683568,0.2911138951888943,0.6394823603609712,0.552941096456419,0.6376899889595433,0.26967762913034526,0.39949020228065113,0.34157558503815877,0.20484054263982476,0.34226148021935343,0.3897916259889397,0.24610981862135595
0.48324377891340986,0.3915863312363166,0.22323083113877273,0.5519894324339883,0.5646399169205517,0.6172357214847175,0.44277029993349126,0.6843293986672548,0.6570320722662282,0.47567581255006575,0.42247596553470856,0.20151721395146144,0.5554972658696169,0.4824772520248455,0.6687720727430403,0.497116062620622,0.6964280469463648,0.6269096359316452,0.6767989679074765,0.3638313856425195,0.27466799738363323,0.5984360568975626,0.5930985514845661,0.3057244697027816,0.5823723270674563,0.49098667902070303,0.2547625724508365,0.4508917987851043,0.6655690004193392,0.45322877272261436,0.594349494776736,0.21445499332097828,0.5640407064312968,0.6734186930687386,0.44976389244646786,0.3688549565127932,0.5233252524434486,0.6581306075466096,0.2883848252666715,0.4018471050113549,0.2781451404909206,0.44832711610994636,0.4702110065152795,0.67210180736083,0.4062575768838137,0.4834783067698491,0.6426312870270761,0.36070250008807936,0.5370819344837949,0.5785809244110482,0.3652641173435047,0.28217059276532225,0.4514547709511366,0.3784008650666508,0.33323121589610694,0.6867106553470524,0.45107650935076654,0.6282388469217118,0.2976587052716796,0.6697213824495653,0.5972157172845108,0.6043460780945711,0.39488243759796426,0.4428184965388431,0.49667716294934,0.5948827681025324,0.6245283760302187,0.23902265467596723,0.6520311937665872,0.6687483262521304,0.49644370217839273,0.293375306627453,0.6092074163517447,0.4742938072747994,0.6085982268581898,0.6074040632946582,0.24336465784289624,0.503510714185332,0.44157214963436064,0.6730597349997588,0.3483206459626982,0.3030000530954625,0.6485434280095773,0.2743577844500524,0.5432597293622308,0.3500099069209054,0.48392287774873877,0.5081097164206305,0.4086846409789834,0.6874824901185479,0.2659165840424896,0.3956995445183785,0.4151976634371579,0.5155234744980908,0.40362987909725956,0.24851800568608162,0.673714999090413,0.4080395408193428,0.37133686360853624,0.4233610620870023,0.30829784106446123
0.25011084233432546,0.2742892395544313,0.2833274135017798,0.29883671910794757,0.4099801061130961,0.5119496345220768,0.5144439190133663,0.20004878478096344,0.6604788334491999,0.6114235902661608,0.6819690197180199,0.37999317236509644,0.5323996383446985,0.28401037462804857,0.608516513610168,0.28068386147718444,0.36299285040387474,0.4454174279734916,0.4972658344263752,0.47981651214336574,0.25104800585499865,0.4108380014319255,0.6614546321029112,0.6361842638759257,0.49539176162731985,0.48616228772680065,0.2558375913246651,0.3001297261551517,0.326319871302048,0.4440978642619028,0.5656780240478594,0.4303626778021291,0.2630305209186989,0.4196744385056902,0.2813166268744442,0.5755736758464423,0.2832504302022895,0.4412669947722283,0.5467068013305465,0.3140990319726043,0.23801505381866322,0.4816497380373743,0.22710133175219627,0.49388432148408395,0.5767492687931006,0.3646579958361532,0.444174704540346,0.6643809191124732,0.4355544320877762,0.6982770306966943,0.27850120567883646,0.5544669512416445,0.5263092990986269,0.6361524067631635,0.24622160599527038,0.34010329575090836,0.26608961288016764,0.6665475611359607,0.41331766232262857,0.6550329227675344,0.34720349717941135,0.26318405068082595,0.3482686364930082,0.49858717966402444,0.6226162958922954,0.3926953466124984,0.657404329626742,0.32211602983896437,0.5467703436518834,0.567856675241136,0.336981459665308,0.21348493915026373,0.3826186710253777,0.22259807365306805,0.6503768877010888,0.676762631467029,0.5676899579730001,0.5633422926569169,0.3204463347058653,0.23696278827904232,0.6010523179304583,0.47958096577668374,0.5408137653935874,0.589820534043115,0.40471713447613444,0.27227329498915886,0.5975183996814477,0.4268828196142037,0.6134621154279662,0.4188495733800064,0.30850820422865305,0.28550250832689117,0.5719608782795839,0.4874445613969983,0.4023014502323432,0.44605837809566595,0.4748193026432699,0.319708220912898,0.3890827898488446,0.34620573255486753,0.39421192337281363
0.4502811067589524,0.28667876952718296,0.396757531324444,0.39274722165346176,0.3430019084211313,0.699248162401226,0.2368137544971457,0.5214755696428679,0.2872193032682178,0.6197619946425912,0.6570982680046504,0.40073899130447943,0.6117392247103548,0.3249547246750302,0.2700342536646308,0.35793913320130544,0.3708370069455236,0.3986787723927895,0.38647947097890933,0.4055722264252519,0.5550166829025649,0.3227900664328676,0.20928779788256086,0.4448402756906358,0.424145622102432,0.23003249492171524,0.2669007007507069,0.4549604473424469,0.31737538000978965,0.6387991470707235,0.2866462432297476,0.21006131592425814,0.42378188469553013,0.6930815553041276,0.5169362631532382,0.37701486063096223,0.20843400573392917,0.44247421987111335,0.30323300106921514,0.523877042723323,0.4915042468656506,0.3326068876935925,0.23444136710933583,0.5775095990201673,0.4927320472964711,0.6210631247543141,0.32990000781835815,0.5264310323902059,0.2593402502643425,0.3459049539584218,0.5282695559386847,0.6127906525723965,0.36046275087167345,0.5994267782782505,0.5388762301366412,0.37433738575379993,0.6381984688722195,0.45461453301771554,0.5241234112730411,0.44781567095174,0.426359980245384,0.6239888586194282,0.34735220751931284,0.21831461118186235,0.6398913217724805,0.6125119765255915,0.3832802372848063,0.29272556935260563,0.5377668215242355,0.23938045181781964,0.41187737776940425,0.2429311607700156,0.49895483766438137,0.213604191904815,0.5146191878171558,0.5366027866446983,0.44357223731257556,0.28750366464880595,0.25069696931360363,0.35664617406850163,0.4326033398000062,0.5211041584224222,0.20062506375924982,0.5555319596176815,0.5563559660626383,0.4222689032462499,0.37170322287397584,0.6211542823351792,0.5922937410156139,0.6916380442588619,0.385965402669476,0.6534163024285491,0.24370094294647615,0.4057330331254261,0.4326870593743295,0.4204371581017291,0.5125490942155618,0.2851039194190845,0.633226085863126,0.4758820092698196,0.6521047740066321
0.20131582201074238,0.5149940567964981,0.40622892342741646,0.4525495308747287,0.5719022553901426,0.3135758741683448,0.302449717607194,0.5515039088685715,0.46068287947209,0.3168195490308452,0.4420093173347077,0.42977920288857974,0.5457222137076557,0.2013305518096397,0.49338013288574145,0.5028390752561377,0.5727550685939599,0.6446152330177245,0.42009489855584436,0.3712601121544422,0.25116018875564317,0.36841792244661653,0.23424233222220386,0.6014101026707274,0.6035030739229181,0.4086188286473891,0.3298206169382454,0.2590100377261359,0.6256185830109231,0.6387476391927026,0.33314480729490703,0.5108802742338818,0.32932683239519434,0.3125633135717894,0.21060402531570765,0.4885797087930312,0.2749707715927786,0.206185591433466,0.25242558216840866,0.35688459579390686,0.5345815950558558,0.3013115266660626,0.6437952812658359,0.34424420519147503,0.36561314471182493,0.30898858997598866,0.3269026685359192,0.23706755727657092,0.34738528935809476,0.6298087298003114,0.5442122706978066,0.6376341019328082,0.2524295071896783,0.42780831542107955,0.31462743649005753,0.5606077952780739,0.6851189123629452,0.6076797395251439,0.2176390833755032,0.35832984732211703,0.2142898452252618,0.22008348346549278,0.23975765208220695,0.3381634644852809,0.3521013838190655,0.4002267566174441,0.4024655472331481,0.5857045059215904,0.2707016217894499,0.27887030790212886,0.513294525836117,0.4858710760962483,0.2770023527410562,0.6261322134269596,0.3645297070506037,0.38348367427224306,0.4102300404172943,0.36135093536946783,0.4787275261363132,0.39432386157909927,0.32971736297264376,0.6522374338553871,0.3541753700700774,0.5492444627344109,0.3736133851784481,0.41760999343873595,0.3179717617006658,0.576164809693627,0.5686016257131266,0.2111199729040501,0.23009702015064593,0.6611882273724697,0.6444134236189254,0.4530435963892651,0.4466786957791682,0.6062120871918962,0.2692250734424395,0.5268495606729795,0.43799149724362973,0.5716655146578113,0.21505139565599524
0.4963627748619692,0.47836410760777875,0.6204241647945926,0.5384181487775139,0.6400801791978188,0.6436366608212793,0.40408200044985887,0.2687170668759066,0.515141827911094,0.6368730492042551,0.23747667209738038,0.47896163654233204,0.257499763329912,0.213497995877601,0.5398176769704167,0.5409248059360818,0.5003290224981809,0.6296114019508985,0.2404382198967392,0.2526301308493797,0.6322677189897236,0.4516383599431315,0.33652640441911863,0.5690784889926437,0.647201861302201,0.544801643101481,0.5959662983392244,0.34124862009759627,0.3443876797052712,0.6320619401773162,0.5074314243276077,0.31708137583686824,0.46208090773110605,0.5429302357361245,0.309274540625394,0.527453204103868,0.2210724249088839,0.3518458115020806,0.5369859058630573,0.2746745327449508,0.31109951532124946,0.6395466451791947,0.5371605497158042,0.4494593551283369,0.30544669606372615,0.37070482829112905,0.48716524914367954,0.27765629695233424,0.4408720399490944,0.40448719706901115,0.4383436707138091,0.2527804106401497,0.2532485435225143,0.6820554763731606,0.6896838668623843,0.41308232895590913,0.5944977268254186,0.5278957134615384,0.2584584273091945,0.34833932866734885,0.35682570432226024,0.4978872174296119,0.48998835615723496,0.6617543468513778,0.595018156988137,0.6284238323014868,0.6456143068055047,0.6006383362774901,0.3664406305285538,0.30750648566725003,0.48588366901052343,0.5447841582266593,0.39328398448158286,0.6241693249822551,0.6802832964089917,0.48469786306867596,0.4282960311081091,0.621443558471259,0.21213477349469334,0.26450630791712404,0.6228288295031339,0.5660142928239962,0.40806834910216294,0.6444259288622025,0.3757291438226935,0.5169226789334587,0.5171672351629579,0.2921659463071181,0.342425868082029,0.6580034613480428,0.29170742689670853,0.28678731092381227,0.43980773686693697,0.2460986841189205,0.6473130944921867,0.25007456915623555,0.5082787384203972,0.369890928222659,0.6021364427355169,0.49490537288376923,0.39415307053971904
0.6919364922724054,0.23311549423276534,0.4888931516153383,0.6947841557720225,0.5454763216065085,0.5698848158210965,0.21604557228974297,0.2106815815484812,0.21805505599109642,0.695861951088116,0.6897598803704257,0.3672544628821309,0.3454909081329144,0.27297937275892215,0.3645701495823792,0.38507496527363516,0.5741414083795168,0.6331467764598673,0.573367559870694,0.5232375505477862,0.5829500390443989,0.5692487395759026,0.4378748468651974,0.3679257012306789,0.3413903584387997,0.5396777297563908,0.6796520622226125,0.490527359467815,0.656263251236133,0.20711468548647377,0.5972353233680028,0.6268013289800398,0.5154969189718479,0.6670304996808647,0.49495649644064976,0.32026845126337466,0.30785861472409715,0.4779181333463576,0.6532419652481054,0.2361839728775385,0.5021952561054555,0.5849017364910123,0.2577010348117846,0.2583848453560065,0.383063998334794,0.3369405867748584,0.2991570794468449,0.2993470868056726,0.26533451621241794,0.5054270065409762,0.5440628017920435,0.5514681134395223,0.466176988069303,0.6764531348327834,0.6402663887950328,0.67881557133314,0.394397739063589,0.6388915799775123,0.5814373497034419,0.3699864515170065,0.25329662925210966,0.5413106249484039,0.2682261620609402,0.346887903500556,0.4501822882218936,0.5399412675742365,0.6631138285986524,0.49662002242449826,0.5357065498360474,0.35500692507548903,0.5436463082142694,0.4188950603650372,0.6284655914418869,0.3962252569507372,0.43413601082827846,0.4162938784551289,0.6055614171536925,0.6768495985059526,0.36363815049163695,0.43751395038103835,0.5529631333466178,0.6476908110173655,0.4468503484230103,0.25444675411336365,0.38433569175066074,0.47518094272005645,0.4087623029830163,0.29327786339403505,0.21849474767160876,0.5437043330399474,0.6963685953885712,0.6596033169483084,0.5416354554304067,0.6207649042582146,0.3278638092335966,0.5112172180392232,0.23030210769948273,0.5535919636562288,0.6849361695121343,0.6303986536089294,0.46722043738581864
0.5943701096563883,0.6719494049740823,0.3080087889696077,0.596629256488689,0.33492347898442665,0.6384737109698332,0.24917725284507275,0.28910920943492074,0.5603082317359008,0.2873887519316245,0.2790271509515222,0.47773343869943596,0.6174936188545354,0.3342337126373145,0.6205690913527424,0.6039766982729873,0.4895527004796677,0.5232813768436351,0.22022059330595412,0.3835677791518566,0.33169746555917623,0.2750019303637362,0.3948296645784908,0.3774520981737164,0.5644458390648635,0.4990481702383766,0.6565500344010096,0.27270379152791946,0.229874302661763,0.4673038937455643,0.20051356930539255,0.5938594715674828,0.4529864443425047,0.44403278802894675,0.38124798936208715,0.3874869180743813,0.4155668391253279,0.2080161722130151,0.24177289360810233,0.4525240100056185,0.27506113260990206,0.589381304173499,0.33724258700226284,0.24894981867466204,0.3176049629517249,0.378549115077894,0.21765830429744182,0.2708377621931645,0.3619233772387598,0.35524023690488205,0.6001933482799195,0.6216277376563265,0.296709299571775,0.2619699419564237,0.5170812421607092,0.6023117778477156,0.6818615486120657,0.20339814237325715,0.40683905671340226,0.5669939170471927,0.6142796494371772,0.2311429743415489,0.5403072597320636,0.34446935869948503,0.2372984796665627,0.4445512908773336,0.279076671602073,0.5685037590308424,0.5706308998497267,0.6210338824937547,0.38878434257387606,0.20665489861532182,0.3298679691872398,0.43390584976263846,0.5470056397080252,0.3910202928433707,0.468024198033569,0.4621317937278584,0.2824911746791583,0.5115247500400063,0.41962586410269886,0.6039593508262464,0.54530560406445,0.25573459309877733,0.4443792050182842,0.5512471792470937,0.24350586290367132,0.5962485162783158,0.3110022573221997,0.4515423977368448,0.670280643736318,0.48566711741114194,0.4120272258519737,0.20339746369957135,0.26670681138703906,0.48933194254899376,0.4469125203268691,0.3819145878234157,0.6616079426970587,0.36624126871297036,0.46857537822205325
0.484356704762065,0.4637341950319613,0.43879269577004965,0.36853186800595406,0.6543818165198096,0.4254016308795724,0.4642244336730378,0.5282389919151211,0.23382802121576735,0.5906440707316225,0.45625365504301774,0.5285884679224834,0.5860060327068457,0.6370496953821072,0.3961102084764655,0.6057149463411275,0.3294184477829508,0.5301678254786831,0.2513536503398197,0.21001523371203762,0.24788156305631986,0.3596912432812379,0.21554730691233215,0.5152456360936313,0.3582722691911324,0.568188033857149,0.22295756813480283,0.3083507832737491,0.4040017126648493,0.3913257811470231,0.26549933641817025,0.6970684067908285,0.34221979041691797,0.5605160423257315,0.3100133486058591,0.6389256053630419,0.39387915507484617,0.6504512444945523,0.37091745981698554,0.20432191074845674,0.45851021553923066,0.46239396807554817,0.2599170913943178,0.3174817867096462,0.5917477954906747,0.21837791231432963,0.44476334334334033,0.46520406170678136,0.5443560303380619,0.2187281337000676,0.4928231635452319,0.2015490182890916,0.33258918364459533,0.4498421276582406,0.6556406687128085,0.2632949080027677,0.28464456450163755,0.5346250321919137,0.38743084691119944,0.5117107009614359,0.6987270835671335,0.693435830674427,0.3768567897472107,0.45196267691241626,0.6523450793146965,0.2460838312042788,0.4261519519184235,0.3887886741582295,0.3474413863304986,0.6971021059611741,0.566774646986189,0.394373496196461,0.6145109458327096,0.4448330503560284,0.6364122061839292,0.33318992281528914,0.3118001136935327,0.3236433406237238,0.46924028806252616,0.3456566955775673,0.27355984207319206,0.697313959252866,0.650216613720705,0.5175062187465398,0.6457714369619729,0.6677313687539094,0.5380541459329178,0.45933988934565406,0.6410008961073386,0.4838984984564547,0.263400271426937,0.3834280002287529,0.4229604758676885,0.6676845080677978,0.5295927361529111,0.6376387813979454,0.5787958504199681,0.3549304432613415,0.5593544965320916,0.2976498679619373,0.4040729058587338
0.603045928577966,0.5059645809576141,0.6127062529763074,0.32735179117502566,0.5748744162136474,0.30116218072091827,0.47265208619900356,0.4167672972272156,0.47823792888540345,0.26776671201413627,0.38061393775650587,0.5334519154330868,0.47926539704051363,0.4744848794559098,0.45541505606562716,0.6719424550194392,0.6672848489698671,0.38007248639914715,0.37594750579210234,0.4774492282865305,0.2478031420696039,0.3515033503837579,0.3154337829005864,0.31169483416821425,0.5192527629476339,0.3921751671720747,0.28558218737915314,0.6437859224938798,0.6370743439688971,0.6312314617661176,0.3953724711288964,0.2284912267552262,0.25337100894721803,0.33802403988564955,0.30998500205432733,0.6369928100744177,0.6931790901946298,0.6083368311659012,0.5649244513745941,0.49431206996365706,0.5849541495899364,0.6735166560961954,0.5006723349535405,0.27730662200991696,0.28192915863435986,0.49193140156429305,0.3667342698924039,0.6551236876224846,0.5058211669179862,0.5382463067116801,0.2029103550504513,0.4494242760313115,0.41558236069445587,0.5529359283837665,0.39131933016668285,0.6882875159435811,0.5351015907782009,0.5299591665712946,0.6596705723789913,0.6976024169491728,0.29891034463105665,0.605266571607364,0.28115974766101376,0.42852172652710496,0.2500927021662351,0.5116854892335824,0.43425908170253746,0.5143494741628575,0.5389803763077065,0.509716125015619,0.3470145613036866,0.6184795786218343,0.475843099687562,0.44492558660840154,0.6935319021174371,0.34175395335323844,0.4640151524475865,0.5411622893039957,0.2626129664666168,0.37711986207326764,0.6008443579986631,0.318379117299915,0.4466451824518033,0.5153153029914854,0.5355811766538,0.5641552210239129,0.6329886585214721,0.39642972151681877,0.553315962981928,0.5660873238851257,0.35013706506349507,0.6840789751058205,0.632609586761031,0.34493066434978203,0.5375343383434937,0.558900317229647,0.4157418181376896,0.6318716429704831,0.5451146767545199,0.5290773425763591,0.3104201861423591
0.40392115567479125,0.4169612445661749,0.5668305482895102,0.5091972726287761,0.24293029531313354,0.35384897594361997,0.4365237522307728,0.5683664729284965,0.571784565039837,0.4452716542858184,0.2584661911303388,0.3464517016864195,0.3273461911235346,0.5905132051541205,0.2899931570028268,0.43246061119759605,0.535359401757195,0.6823930764750185,0.6996202901122199,0.6764610717777195,0.5591211726267675,0.5732204165110457,0.5796050488045086,0.6313024382731449,0.675892731426104,0.4228530722601638,0.4082554390210634,0.4302322311893153,0.529908585728297,0.5877226981388823,0.6352721954506646,0.4281053771413028,0.38168631309006473,0.6916763073511132,0.31594381050361314,0.31100241762623865,0.5577037274132477,0.28982864780132117,0.3997044998730612,0.346193411157126,0.2843552283784743,0.48985361954894674,0.3867557453773144,0.431117086424223,0.297931502412758,0.5839334013358782,0.35735604172537283,0.3713590895134494,0.32607698105005634,0.41720178605951685,0.431788313619336,0.4648334581647575,0.6837841409909697,0.6523459040228516,0.5046963154935268,0.21945173388154876,0.5061301704383672,0.24483430338205814,0.5551721192593736,0.39503882329046525,0.6188482457842592,0.6712646226325653,0.40855517073280445,0.43027764773687305,0.4950737905064251,0.2985663609290253,0.6636664204141807,0.4164999632506863,0.28341016795800367,0.5813659167094419,0.3095756862219926,0.2717646375359275,0.4814360377470035,0.5357476276457953,0.4847813703324581,0.5282553244736816,0.25776200615387224,0.4380090189420537,0.37850932204427057,0.6866843081200609,0.22481196708973372,0.34914710152996153,0.670931097045861,0.6917480915921648,0.6124508038635668,0.23799912200820467,0.4806775141717701,0.4000614963352336,0.6032262838477007,0.22751211778566666,0.29856437582235107,0.44459753311131467,0.2788238314739135,0.5463575713471491,0.6103836105698991,0.5522599468138216,0.42014185681999117,0.639193833126323,0.26884306585997086,0.3301692919495044,0.4447698426261516
0.230669299439626,0.24784289078327365,0.39872168586118606,0.671943148367277,0.6542068466385,0.4329874291392055,0.27107927225536504,0.2890538279792178,0.38877302730456365,0.3050370975433907,0.24148779719518892,0.5368887417599986,0.4907243188963474,0.34564837898904255,0.5894741912761521,0.5879744438529172,0.4455009851063809,0.24826627775594695,0.6592347000506787,0.5343302617704856,0.3235254095759755,0.5052272735171133,0.40251074791381514,0.5176748198679789,0.4369354478655104,0.4427360751198667,0.5679410459536796,0.5068628730319878,0.23997634562211284,0.23268678522315184,0.3525046187483626,0.41512299826937316,0.337611279589643,0.525729929034959,0.29755396586281097,0.5520705481980848,0.586575370944465,0.2621596537978253,0.525403121681494,0.680717987950057,0.2964119086316734,0.6546514155580772,0.5030239746370082,0.4954724336658559,0.2259613411604336,0.5741501391931991,0.4391365263240291,0.560587195917567,0.604590551723303,0.46189818668613924,0.33182215663915704,0.2707862456964067,0.28025156396620715,0.6334673269728993,0.26178904781519435,0.3923470365232842,0.3671373231445154,0.632727833369485,0.4388467503471458,0.6982232086740687,0.5685273731515723,0.6254617877021428,0.24933613301333746,0.326551127632448,0.26772309778591413,0.4318109862002798,0.5591437440809548,0.2845317841015001,0.2650842722848694,0.5073043743902201,0.315156376881712,0.43966253587687043,0.22555886386385887,0.5403064060337324,0.4706581908210268,0.5237114494793164,0.33770319002987303,0.3393014876807655,0.600680266545379,0.5592811564924131,0.48986432559930726,0.5140717378910402,0.24702208975055273,0.6280856522256267,0.5849535165058313,0.4952457669117238,0.6592975655504536,0.2843189538496999,0.5433286930170833,0.6814908888260804,0.3550044822849604,0.20764615703375477,0.5674337334845665,0.20349016222806354,0.6362668245910834,0.22815062605178493,0.5263823649359385,0.3885920722115752,0.3016703268583664,0.6491291999269144,0.5731229259634311
0.37022028307163,0.3420765464286125,0.5680061470805696,0.6182853813031652,0.5579252321479047,0.5199946125178707,0.3139623625943244,0.6264019916382361,0.5748309917291874,0.45863714488320717,0.4557938811333903,0.48458651390367313,0.6141381970893314,0.5711297744187787,0.6281224969729415,0.45364138582936114,0.5123245295091285,0.6272859034479897,0.3161600300883577,0.422010340128112,0.5103261184896934,0.6575731286790507,0.2079180055230625,0.3062865790866138,0.3172252538806452,0.36330634013089713,0.3408933102103394,0.4950693927811193,0.6428101321273727,0.5184889205361947,0.3207632794771796,0.6318764250350422,0.5160228945737566,0.3094810624939508,0.3808332685832516,0.5949824033698912,0.5694655907435571,0.48829118475282124,0.2723837513702809,0.601644648657252,0.35377126427637406,0.5857989694995811,0.5237831828811293,0.3320851408217591,0.30618461406632835,0.2654549616288594,0.3209731182940579,0.27891451122457,0.5085256238938756,0.49939155948862674,0.49308603006639856,0.5209449046124192,0.6073922669822831,0.6567763557749017,0.3151877689508811,0.4938872450844628,0.23916811062363574,0.2600712191777976,0.5271696564806951,0.44329028084522537,0.5791660434172168,0.4128387404952857,0.26379920341646906,0.6360268269154127,0.24144423557266115,0.294482321267691,0.33848843298092546,0.6976403035327133,0.4084299100879919,0.4508542652390574,0.5848483754869342,0.5182077926694069,0.6207103459706667,0.44321672929394684,0.6860888437466109,0.598406180793154,0.4006826941566326,0.390635911472624,0.6647455960221089,0.5422078179073586,0.5107168172628193,0.5789153187169054,0.4804169140558557,0.27958338654286335,0.3596077310392155,0.47897243185448485,0.2090839104635835,0.4186753524816139,0.5779014396379683,0.2821170022581362,0.23227947507845287,0.6180145703638492,0.508636934231681,0.288289486244732,0.6031524902915968,0.5290647357436061,0.3670596348242191,0.3880981359808696,0.2779440815935242,0.6176277971043701,0.454503325821871
0.47850953832183024,0.6417459575988738,0.20791530822654697,0.23346153126164604,0.2807894909299075,0.2150189065440728,0.5290780783121998,0.5169397340941604,0.3054009514644928,0.2747032224433474,0.27284235069330337,0.6766207066593211,0.5467522643123708,0.4927144142325396,0.36124343590254715,0.4165215989543948,0.24470294059960385,0.6990759440275007,0.5775427317858173,0.510726578414114,0.49388359761394107,0.4521571860165862,0.32871371383734793,0.31319520172986687,0.47476622859461215,0.23510040727897585,0.23723539943426786,0.480406801580175,0.6599060241051196,0.6571359255649272,0.20541415033039617,0.2536971078237249,0.49153884687934746,0.6242378609030821,0.6772245433284143,0.6302911130228896,0.5388065676482279,0.3002625387946179,0.23631073698948118,0.22375789134282237,0.5060383923127056,0.21809430200767888,0.5696199782327753,0.5562353686754845,0.23980541238833947,0.6533111825183973,0.4609646443126511,0.6522192836688658,0.6508050280941611,0.29851703194355916,0.3902888139681424,0.26731316675190814,0.5874890050681603,0.4520624577689312,0.6644037876974909,0.3041076074381387,0.544183830759613,0.6946184138863544,0.5326906309104956,0.23438696641535633,0.4942121748475952,0.28992137484061836,0.2152513887096577,0.36748034865260704,0.3330520415270328,0.5943854494078771,0.38684027053905023,0.5664793901925982,0.20811949597466572,0.20740606671669554,0.21465672877377856,0.30967922089129024,0.38699389251428085,0.5039229015584272,0.6929569429134863,0.37720478350716624,0.22782945337858312,0.29745008083292435,0.6489259169074311,0.5496895950738544,0.5951004120192799,0.2620841028363963,0.26749349435375397,0.256123003772448,0.6285845821547624,0.3049838043468022,0.5215758726898607,0.4580831830916295,0.4721949559369268,0.29771767919563413,0.5176230467269947,0.2215502672291656,0.6967361381288143,0.21337945324636454,0.2250782703579311,0.3623237099458406,0.6158126778847691,0.3285946058883714,0.4359675068956641,0.20898866558809648,0.23943965824182212
0.5039830242703536,0.2971792347247143,0.5471272815097626,0.5926955875085885,0.6251670997361416,0.26689966899966133,0.4277542745159625,0.6735407249519227,0.5860417712221538,0.25848019092307417,0.4512501225091971,0.6611902909194194,0.4200194027615929,0.6187088044204844,0.44792186059427863,0.25340583862287686,0.2739274630297537,0.22333787640408986,0.2976573702877823,0.646807049935217,0.5250990229716284,0.5694284674414555,0.5108307291966638,0.3932696460691738,0.3084305663980008,0.6628072920049153,0.4574148907790107,0.4405499406039697,0.6980520442967728,0.39196499419423825,0.6270626574461196,0.631172030158428,0.3163351051788978,0.24741984617508106,0.687810057857932,0.4129484320677834,0.20111016100509777,0.44950891691447925,0.5096501818737251,0.588044123724017,0.6714710591118193,0.6575853144727315,0.6700679100274343,0.2160625741297364,0.5558870669152338,0.3129289814028433,0.293776343602827,0.6001592842996251,0.40856484458643993,0.6583000378911679,0.22121754539785332,0.6010904147435816,0.26841720564129784,0.28828860078249224,0.4386758577622495,0.3977949704363998,0.4430861530643355,0.6700132610155276,0.5286944677817865,0.34515469092100026,0.2864543561589225,0.4100231375654668,0.42582051363386875,0.5006472049497581,0.333001351769884,0.5837546235484083,0.2492301227396908,0.4802266818003272,0.5117658266220556,0.30341579053257267,0.6130056752498105,0.5077160626038387,0.5228611073239864,0.4488717528817192,0.6547971085881692,0.5469637907438122,0.3909177824478812,0.3193029438920431,0.23553083741174363,0.2826804185901798,0.6963414760418298,0.40338344799582004,0.6493436136387033,0.2852846784426322,0.4126804356704248,0.6802592335167243,0.24556612570964997,0.49699214190625135,0.6595859503481509,0.6748416864771253,0.6230037385558878,0.6279672161800747,0.5260914770587327,0.3102115540474963,0.5653392722424598,0.6891922322293615,0.46296675733640535,0.3303486795384506,0.48673553388249885,0.5453051781203082,0.30414015471220657
0.5595946738047113,0.4937164294421959,0.5061749545740261,0.3529939648699171,0.2776334050556006,0.5117249476528285,0.49311649457628587,0.3690060938569024,0.34794683377294355,0.373622230831142,0.44494166924941003,0.6874098675555806,0.5817823110131031,0.6258698695827442,0.4528247844517655,0.46306180588938844,0.30216233071851384,0.5605229181505391,0.41079200289531803,0.5712234294088556,0.40452769065631267,0.2542585936069541,0.28652684389294175,0.6057850390373416,0.3293082447794663,0.3321772112835346,0.6646840450011656,0.5288178114334248,0.25715377694217817,0.2717926350659671,0.33618371636013966,0.49699784391331636,0.5764127349528363,0.3372482217265985,0.6353210187074823,0.2545900894420743,0.3037995840215898,0.6852324605714387,0.26737243182682885,0.6440556538619053,0.5519675377020477,0.23654354532085337,0.44185341444997195,0.45948967657240314,0.6660698157079188,0.4105522965385844,0.42338180773213796,0.25624187739318915,0.5195862817188313,0.3054484879445483,0.23876662911185342,0.698459500035397,0.33481481398140256,0.270526582564402,0.5497451872985881,0.6108410779609509,0.23203874656317336,0.25269665373489353,0.24508691179102293,0.2234796516612556,0.5297282393171419,0.494156594869682,0.5314033282799664,0.4528335816370905,0.6087538427027908,0.4733341512492877,0.6593734673998124,0.44282426625199667,0.5953293306057994,0.403680176841817,0.4176119473882214,0.6244960226189584,0.2538299176788317,0.482458877491604,0.5631682338893927,0.5752103077085268,0.49574676358498765,0.42403224207975687,0.3303912219333789,0.6547131176770611,0.3848939737606627,0.5994960442666728,0.21583280648131814,0.31608460734330457,0.3727923964420613,0.5357870316551021,0.35966540358094545,0.22068190040965358,0.28693375802700805,0.32958267618466297,0.28802373996790953,0.3018622800705667,0.5844784703366772,0.40601682197523004,0.40258962233396256,0.683303168329743,0.4233509189721001,0.6638290662661974,0.34953154910834017,0.40031312995208657,0.398141678033731
0.47303941615732215,0.49212364542697606,0.32406251452113444,0.5967921252085593,0.44826297733839626,0.20352177675940375,0.49567031665834005,0.5990297207645682,0.3252333689077289,0.218935504680963,0.6035893278253612,0.6881383579858136,0.2382818073324512,0.6690184036628606,0.37963720598803097,0.6707198042940437,0.5244196620012234,0.6451221562242067,0.5929165125257067,0.21399887141031343,0.23272125116252695,0.462872302559272,0.26480950992245633,0.43051711957857575,0.6773151492822338,0.34737864377724215,0.44445635690787044,0.39212981503403466,0.5149134821241241,0.2969224653257794,0.32996964506714166,0.6293839256820051,0.6056681119301691,0.5945948444353202,0.585459804658948,0.42971874673078947,0.5644453862661041,0.3936024089360589,0.2503547900947401,0.39668732082444613,0.27933152211396545,0.39542584031625483,0.3487126076814433,0.4995803335339624,0.38077020774921166,0.5527948316895892,0.45607334052382464,0.6597461392576999,0.2455127176751935,0.5438545943206661,0.5361984387850198,0.6753132737063503,0.38577593352182626,0.3527189848560811,0.2861967221068283,0.3326442576776468,0.45094538637756926,0.6188564809799886,0.3421433017403206,0.2788710583286953,0.3360642355370843,0.2504634875142423,0.663347708153998,0.6363120760111236,0.35424585849257617,0.3234939079659335,0.6526986570324578,0.200885975660478,0.5002887639956732,0.6580018804728351,0.45427874445317634,0.20148347979981696,0.30943571469257786,0.6612207969459669,0.20851121208991463,0.3973898830316007,0.5948723631664891,0.6190454968425017,0.43880396631433505,0.31624187586642627,0.49985235884307944,0.3318890157786507,0.3276321289979581,0.6037998816985065,0.27713291764830655,0.2027607392009954,0.3683876085029245,0.445486977497515,0.5525401959476618,0.5905576288021442,0.531759605566815,0.5132544401584633,0.5328743611597175,0.33576325879054947,0.3911806614822839,0.5082182504997822,0.23278533017698644,0.3476626750339278,0.40320947237882654,0.46672034142696794,0.4432410536804805
0.5590659390769968,0.4367133377082305,0.6520649919124943,0.3901591710762087,0.46268585308807814,0.2016051948010134,0.3552389782230947,0.6332864886569961,0.3667881972981458,0.32659316666623095,0.47176848122111076,0.23936504922103624,0.4658025658251996,0.35183289912109417,0.39155144493719374,0.5956825021685723,0.5309820093070592,0.42305304656192144,0.4887581565424697,0.5834293776601145,0.572891872598094,0.2926608552755892,0.3504596109996023,0.37411846548301264,0.29377114500250223,0.2060807270031521,0.2869836343944061,0.6041221635407436,0.4729602256962355,0.37082901349359043,0.5041722228147323,0.5699170626733958,0.3772138915104313,0.4330374207674872,0.2321066083350578,0.49854526810623956,0.37820354777609233,0.41676182380039384,0.41130030897346237,0.5162046443712713,0.4862326744772404,0.411053023888284,0.20847751074536436,0.5104813073156895,0.6397887370171635,0.5847757857969488,0.690807816125041,0.2695376690103567,0.31126002639392686,0.4696337326109895,0.31794085117190324,0.21727489064084493,0.401144138081973,0.3438223670769912,0.3318804228294414,0.6765864085121243,0.3192270581327248,0.2647162855936989,0.2626596289539256,0.6031620367442645,0.5574240372633701,0.2647430977835311,0.30987655943039316,0.573671504221765,0.337308198917307,0.690771037578676,0.47028503331045435,0.2960039852050441,0.6294042272563665,0.35973777294861753,0.3444036775321889,0.3637206167257492,0.5840986241115188,0.2866064748579741,0.390892890130469,0.21541638639220523,0.6133133086748038,0.3703593831535026,0.3240864599041872,0.48994662118774956,0.5524959418756876,0.6064480185914716,0.37389247274953397,0.6061504250745348,0.4324405001857291,0.2505711337726125,0.6231537413578896,0.47381739105230714,0.5012347859736928,0.6687456348473677,0.4795757424696276,0.2027917653389945,0.6353079205015513,0.34237554016173,0.45088346039200183,0.3024433012807101,0.3484917842274867,0.5433244240335169,0.414786675518957,0.5135653152906935,0.6117878456564754
0.37041101109317254,0.48417001916302044,0.5887939466865681,0.5575615963846873,0.4699217179909254,0.3916917553636775,0.40375099061650876,0.4165676059981328,0.3744227644730759,0.5495378174448489,0.26270762613591486,0.6837270603586383,0.58949275098577,0.34908152608338694,0.22127378463531783,0.5556515861894631,0.5671795224849165,0.6818113052637882,0.32685277878758245,0.24136254510211191,0.6575673788592162,0.32932451730638757,0.5607657236619409,0.23032981891383897,0.5802924024880834,0.2635129485685702,0.5477931740208017,0.46617152392670236,0.6777440652336302,0.21845882153867152,0.3460243729000291,0.2347544586671219,0.6395988176198595,0.4969505768305538,0.46748480617894944,0.2657289460581549,0.44451612865652546,0.39935182758790766,0.35787593406951157,0.5860944777492971,0.2306380199167224,0.5233428636811008,0.6114965156011059,0.6536536414301621,0.572958297377705,0.3412278394291077,0.5002537302618517,0.27070180545717765,0.258530311872388,0.5193120710692573,0.6255538272921013,0.23362406284980947,0.2530018660666494,0.4828036537146784,0.3091059305096701,0.5059090613888239,0.30727191262766995,0.25824098715302973,0.47278749108241364,0.6310975690163094,0.5425609860752649,0.6093625687679822,0.33316758719502415,0.6429893256485129,0.3885195872881353,0.6262238339284967,0.43558779507436307,0.3339288236802481,0.3301294155133965,0.4838339421823264,0.23950513510342292,0.6650280972942543,0.33573174784926785,0.36781240892292766,0.3166507768706164,0.2015039802803607,0.5462751184043988,0.4952764505171117,0.6048222700985577,0.22050538672549025,0.6643278223666601,0.36544347003018274,0.6565349312528969,0.2535657410337698,0.5719602907348205,0.48967911571616324,0.379095607626292,0.23957119796650966,0.5023682549233702,0.21321994153695656,0.4506410495730037,0.5021042878968274,0.566261873643761,0.6956673171124229,0.33004685675388246,0.3611949106867375,0.37057267340449596,0.5657913559294174,0.6659096341280568,0.6871618747907793,0.6729056832790645
0.6396915038576216,0.6954886869103154,0.38797286341724846,0.6741606599993532,0.5805099811979557,0.28422992976398914,0.22273259393860118,0.30724197893516114,0.589375562143813,0.515848440612942,0.3121781286733426,0.5709607272356796,0.2706611197191015,0.6109206969293473,0.597080487985366,0.6862879853530242,0.2751397823146591,0.6533064972073002,0.37055133186091926,0.40802993239765584,0.43422253144338474,0.5134520266012779,0.6973816850590213,0.49997940152761655,0.6633579325202036,0.32751410104236145,0.3992058309075748,0.45224976471929035,0.3614509948933353,0.688433551482165,0.5628417769486136,0.43944067609128,0.575652350604897,0.4337212495413256,0.20861266368396303,0.471596703905168,0.5125926093806008,0.6906037093592807,0.22039642413030885,0.4560484787275669,0.24907737835418092,0.2744979507854802,0.505231669484238,0.31578385613324866,0.5745870556475122,0.4570993462976363,0.3091064425828686,0.4468958388005325,0.20044086345406037,0.6313700218289204,0.2063391885278814,0.20350494624609128,0.5057519715898235,0.6867604628950414,0.6279667421769893,0.3260094562947258,0.29833340557384286,0.5130560903167276,0.6113188735110386,0.3810393354500149,0.41617729518353797,0.2577447568388756,0.2764132106276796,0.4841757975130104,0.2513280728742185,0.3010230623979505,0.31733851200594204,0.42196226660681513,0.22280598206181812,0.44988548584646926,0.6643372031970407,0.21223183055953632,0.5154924326037327,0.6179211825757711,0.3562304212745886,0.26575927250961245,0.22166989380463153,0.5219515297179012,0.47611719011453413,0.3146474941959988,0.615808653815874,0.5677531760761716,0.3382143924933916,0.5766815114323169,0.3224971067503863,0.5376337309331805,0.2592725205369397,0.5461197316666035,0.31938720949113014,0.486234677120857,0.2862319334259413,0.5629834737839761,0.23043978719652586,0.2827088934013594,0.29206823993541825,0.2206717929269993,0.5725062580801228,0.6904762523699663,0.5891988942058412,0.6303159810611978,0.2030038301691386
0.25893498188729663,0.47951016964743115,0.6889344423970837,0.5303564655241018,0.3870683468690388,0.2730746527407296,0.2764178471913254,0.3813766011583919,0.5569050986720037,0.21590964551245534,0.6260887957308192,0.6707757178449028,0.6444082302654155,0.6565134546984465,0.20766963970913188,0.6888961579749479,0.3831785574451744,0.6346405591825873,0.2934044353498071,0.4232628713311184,0.22208219431198833,0.22003799842141364,0.671638050384819,0.6053033062645194,0.4649130222068966,0.4627290867822689,0.574377309238093,0.37083439078524505,0.580934637930976,0.4425041899966362,0.5189587014557324,0.6824147250515739,0.4356577787601308,0.409202329873225,0.6528745869706792,0.6512902474581719,0.6962093509415879,0.47543149965415454,0.37213077051330135,0.3201950315888518,0.2170481784758309,0.5633643121054427,0.31673808686772337,0.5033204426128286,0.6582961826821977,0.6751068036972634,0.20220506699015517,0.35853751568817815,0.6186890147326134,0.4682226026757676,0.6037543667410763,0.626661641418969,0.4213131099706614,0.3794914690123927,0.42771663302526275,0.5263976013121331,0.3835795764434091,0.5874941443488764,0.6519963968425111,0.34115560107936327,0.6824948220871196,0.5113626233626553,0.6390843856098705,0.25195821763605275,0.3257495685281193,0.36050953971629607,0.3514110755872566,0.28593057829926594,0.6341004737624161,0.409306070644775,0.6815651062333941,0.4917361833950735,0.26919731782243156,0.4729523549169785,0.6967725738621211,0.48258584354963735,0.2009346725647813,0.6665399517952095,0.3174472030640947,0.5442645265344783,0.4575400774777213,0.3627168784204431,0.34131976183819435,0.6643799312535523,0.6559629479599185,0.45656742002688955,0.3292475977675696,0.2511710160859989,0.2782881914295428,0.4611258628703022,0.3539149802895045,0.22103407112997836,0.4275836926555501,0.5730946462321568,0.6458475579799937,0.4926420228415446,0.5616460619212229,0.3820352354324662,0.4481190896084697,0.5648134282550146,0.5638291136861472
0.4122631322847521,0.47183367077916133,0.6619276697754847,0.5159988024716168,0.5212873128432948,0.59231014619268,0.2576114481579864,0.4614421458243637,0.6797158681354909,0.38083019608804947,0.3474630732110455,0.5006039828023787,0.3105597122826517,0.47797257826182443,0.2778260054288203,0.48989673034895276,0.5011895918225887,0.4092002395061314,0.3913732127193442,0.32272913920022467,0.3654611539167971,0.4491729835956817,0.32382945051455053,0.5914172316859312,0.5545176206628858,0.33465293357299775,0.248717581550774,0.2000900194919814,0.4983594261907444,0.30568187322682444,0.20629123505076957,0.3795426352960113,0.6809992311587166,0.5449714038149086,0.628881851461229,0.27236954913036504,0.2366440773097182,0.20576488175486124,0.6778311450097435,0.35010136767677424,0.42975247117042903,0.39726181180088727,0.5652284676964296,0.35498244097637155,0.46772644130702573,0.6977911324777337,0.42203177567211814,0.47563577034987775,0.45126403115541885,0.6015930790680161,0.3334198270167875,0.2852190080713985,0.577046579132431,0.4078090931843271,0.6568630044883436,0.5220796428966987,0.48217155585587124,0.2352285274129386,0.5652059525688989,0.5430201827564791,0.5200359622435773,0.3339547617853452,0.6733696608372222,0.36082756351641,0.27611547837696715,0.6936005774675069,0.573123139561884,0.4073934411630906,0.6679582154443533,0.24555868718309865,0.2438306082132789,0.5412255093142927,0.28898602418942176,0.658569757596642,0.6201795871494353,0.35318361205059323,0.6444197911346851,0.2214438435036642,0.4743189263687469,0.6677813868544166,0.627691489467849,0.37803666190049745,0.29143521761731744,0.3052702942018723,0.4572539390392026,0.498386471918237,0.21640715831181823,0.40677577961744404,0.6151935578219523,0.42216447511789856,0.28458769547470525,0.6774301465095484,0.3331377699632333,0.5992141328170302,0.29689708316946745,0.4115863646107949,0.4452112698874059,0.4503176479741222,0.4582369340503524,0.3124737703448807,0.45795776098041757
0.44085637693887714,0.30435974856313164,0.6940957797518554,0.6327816963932751,0.6437881755112415,0.5427855251914474,0.2799485153458783,0.4840460319498744,0.6107198158136931,0.21936824434433128,0.44792155164380987,0.398061439997459,0.3060623648296518,0.38912500188265886,0.6917487554347264,0.5616216631808888,0.3497685400074707,0.5026775257404148,0.3233281201428399,0.5054219545121369,0.6480833447424659,0.47843839997127613,0.5666699877263413,0.42666949935814835,0.46206195883199824,0.5475375393774393,0.6062025025256985,0.5297256932627248,0.6887459969450465,0.6099112938991413,0.5885801023039375,0.6225507894905127,0.3406054677121745,0.41602357697419035,0.4822314591972953,0.4311931592213428,0.6237289091120398,0.21353425883961602,0.30458770861641044,0.6408532705009273,0.2295500688384836,0.31349415180439905,0.37562516518824307,0.5753702804058454,0.48009034808342416,0.6773023513901655,0.31393750753648675,0.6360602024943647,0.3414567448746244,0.3227491295632801,0.4491875990496753,0.23560225262824686,0.3921535064966416,0.3778379840548718,0.2800507778508868,0.6303974226374552,0.3929448218546916,0.6909600897568412,0.6498539745188872,0.29740534978496275,0.4525610861689692,0.5009020691832764,0.6094802514718105,0.6428213748256973,0.5120090105777448,0.2175671015711077,0.44063822475906467,0.6424017680931662,0.5570448012721299,0.6350709707047288,0.5370398948613536,0.22201750490748634,0.6840033281033053,0.6590092702848394,0.26328976995631165,0.2563455834218744,0.46953925023851,0.5785254172784415,0.3910866059691268,0.26819108177162104,0.45527804939067723,0.36878306810948625,0.37588597777566235,0.522492768420191,0.6428040496147519,0.4792958654278221,0.5438012554148177,0.5299734957606207,0.47557309627846495,0.355379072791565,0.3888970924551194,0.3578518992452081,0.6587490482410274,0.6133093352552215,0.4896736864256103,0.6561217354871003,0.643204346573989,0.6638471998759174,0.3108869288277665,0.5587515188819473,0.5046122499617509
0.5669153189173035,0.3316896819591436,0.5474045357191488,0.40491425762719346,0.6170458981531501,0.5976828625808865,0.3056788054294586,0.2919276382016515,0.558865860642433,0.4752374473640802,0.4786029553410244,0.5762576617296773,0.627485396510895,0.3194819503043584,0.47776977339527504,0.6144773547460385,0.6363970855975012,0.3437046941692583,0.2520769282987563,0.31641162693888997,0.6727497570072636,0.4312398562176071,0.40928689527801243,0.2065421743671051,0.22550734146067558,0.5343479647373618,0.4949135343624982,0.48776414924770184,0.2551614380122358,0.3760305847826767,0.6061790693200739,0.28745561195831865,0.6413436254912182,0.2607391501744516,0.2845746650619941,0.43887498057686425,0.6726499522242686,0.36477383907271177,0.5291089967790243,0.49433562799453806,0.27481131825027877,0.32408345069708167,0.6650763863219109,0.29241481182654977,0.5475049448775566,0.6823472413001521,0.25975299610113906,0.39959099509365725,0.31196607222136863,0.31078075870227145,0.2594929219998404,0.5247755919957329,0.5731717549553559,0.5383969550115281,0.6623282288095764,0.2728394043590271,0.35992268669250305,0.372286404851228,0.31604105192345233,0.2711024720784833,0.4433517379631319,0.6172198140237142,0.677269862801659,0.26467031610924885,0.6115786140363679,0.6122905614826374,0.39448906077628343,0.2550148120727271,0.695004003378449,0.5277965152644093,0.6910978475207902,0.4418277578423292,0.3975964999683643,0.3235927379852269,0.6917860008860097,0.3266286347311368,0.2118813781090252,0.4562342067942389,0.3885252465254577,0.3306912517146322,0.5173040582405867,0.3821343074489111,0.40112544415843643,0.21152280194702217,0.4945354642765287,0.2610355149235214,0.3069024294477109,0.5585589103063191,0.35662136309195547,0.2816050987191905,0.48871207353124035,0.3074522474689703,0.3354891069793525,0.5106696549889369,0.5699308906819573,0.5698298425977886,0.4411217059354152,0.4271484555047177,0.5938225921156286,0.29651736255625855,0.27610122376422963
0.5323475330147549,0.4047534671946277,0.5549992302850904,0.328300111731618,0.36243594053338346,0.6483388245926953,0.41082826341079404,0.49547673486019217,0.25334109705915475,0.2894145860963794,0.21794386441132213,0.4121854058808333,0.6944600022475119,0.636936576325733,0.5164544574702534,0.630548245978733,0.4970846781762115,0.38438444016706885,0.28677320055055766,0.5265243708801121,0.2965256381953727,0.40871420860003005,0.6129009210776315,0.26461465128086425,0.26451070952839756,0.3122012077957987,0.47595865356114947,0.32586173912995653,0.4515989686275003,0.3509913055298436,0.45312110245420273,0.33881572450086506,0.6900061878042826,0.44635895057098385,0.57182171705412,0.5502732794491025,0.4452796874071806,0.3194310308339626,0.4553591389564324,0.5404858118602172,0.42995963528160586,0.24096255368137082,0.208991614779042,0.3639384042339192,0.27511196304665597,0.6530951229629978,0.28791633504246245,0.397141357005783,0.5560387560357407,0.6077108300080305,0.4388565765890654,0.2905675048041961,0.3354476117879265,0.4094842238205736,0.3822972946627915,0.37433637858482827,0.26592690087833215,0.6566551260854748,0.21487830320885754,0.4200010639378756,0.6901607462515433,0.529861969412051,0.37770533186654165,0.27304879222658496,0.6819363028228804,0.20699318093657487,0.5406937853065716,0.6400687357226635,0.2125802449431211,0.5625874320452505,0.6994188806273673,0.5198212342866746,0.40733947392169934,0.6372003596781409,0.4770896232113141,0.57472042339497,0.4938894959092524,0.21914554624397464,0.3065724941026738,0.2393817869933748,0.2533438811916115,0.207702746794036,0.41058248950707643,0.28932581587708256,0.6278482602469858,0.5750187687703301,0.48658849740774796,0.4445106726751977,0.32793432028798786,0.43747573293749276,0.5206146379322054,0.5911144300963878,0.2408410331297967,0.554232344372775,0.5713649383806426,0.4794861004624282,0.30715959785160063,0.4695922937505875,0.45135244090765514,0.43785504819339804,0.430319957733592
0.2554127831457599,0.2914462424286824,0.24866604422567118,0.3212389138339922,0.33173839136533645,0.3225379307465227,0.3054645340928017,0.5677110227423945,0.6092826997990589,0.36355460828628494,0.35256444584222446,0.6220161748762539,0.5119619508328954,0.3467191623945287,0.5568061462932911,0.3722964051165837,0.4932778071710865,0.6963170149939006,0.3507971876080166,0.6652630003541665,0.3603262071423491,0.47014335218741166,0.42999189479951994,0.5915797811719681,0.2305463497409974,0.513561152034332,0.5803334721744113,0.43607242569105964,0.2526463032689027,0.32240250674240656,0.5398361850504318,0.6477186927501575,0.4108043035002443,0.48020601753912956,0.31419251836343104,0.40610665701843573,0.36839490388524576,0.5277627739857618,0.6923494758375555,0.606651725992843,0.2960822924630926,0.4888392966533834,0.2332058574742008,0.3234577434213178,0.2861088380301952,0.3677727688197314,0.5394069845221068,0.44969665845841333,0.6664546299146088,0.30637441992425435,0.3821045731269701,0.36492628839623475,0.317981812979965,0.6965853845631222,0.39361277272152717,0.6702544902497991,0.39523673692649475,0.30204583937033047,0.2596031653413556,0.6277815965877525,0.21604882024253913,0.6821972941696406,0.40909560589277416,0.3236871755421786,0.5087230661076811,0.2664564959180932,0.2360727867831779,0.6138916759547834,0.4123353873126634,0.45912745605226596,0.28834800443753245,0.23071212226347115,0.3838880663259233,0.45307312619004464,0.582715310939014,0.45052600011773164,0.5912535088429514,0.25771638983715695,0.23198138602197582,0.2794304820717258,0.5860060634443642,0.5796651154193506,0.27068390225532074,0.2154943291253399,0.5426409681060825,0.6276408916214886,0.577053847755091,0.3013994903075391,0.49188394861266777,0.5786828603127705,0.3279143522735197,0.46386040068472645,0.35723020198688515,0.3127877086635106,0.6847946633854263,0.6562909801934631,0.42283386547574353,0.2683890305319882,0.5639536516603243,0.32785056506411014,0.28425890291904726
0.3907645088690923,0.4649249045833695,0.24872016491020732,0.48587323652426323,0.20767418738131077,0.6459345302965434,0.6603708446394332,0.5665353867559257,0.4332747042870888,0.3274481352816556,0.5720560453556982,0.6658986009760317,0.2792668524487198,0.43291099464884897,0.35763081801796404,0.3783708945229549,0.4028788906614662,0.6758981721856692,0.3293185839340468,0.4463379195467533,0.6757437358308951,0.4380284451091586,0.6317997609607267,0.22938238716264048,0.676515209231618,0.29376557351302546,0.6899675173656421,0.2877884326292742,0.42218297389748705,0.35430724578627226,0.416615710547522,0.3252623699627627,0.682658706213821,0.35286249203654585,0.5266374560321114,0.26872374479939426,0.6121937424249418,0.47125397175475664,0.6897230622656578,0.4117011084167176,0.2977239374883302,0.3730094997204918,0.568482803046747,0.5295532604979379,0.5891737038088625,0.23673514610210455,0.4901843876723932,0.6660843385181523,0.2539509597407887,0.24716762945648946,0.5583021822597569,0.35759122792210096,0.5292896051804534,0.47269225652517993,0.6930333291699527,0.644528208477437,0.5390363907808557,0.33083731305157527,0.3309540810752347,0.6411219002844729,0.49267053263769645,0.5946408910260511,0.424932103268415,0.2515368183257633,0.366343229119813,0.2805745971441816,0.5909164082127512,0.550255994828545,0.24420646119402034,0.5106926993809384,0.6370677534973976,0.5486821476999832,0.45555595649221065,0.35593164246944364,0.6435483747929478,0.41140244107050994,0.6276967901168926,0.5914999191090985,0.6081134826404297,0.6948987600808231,0.5743792579364821,0.21702046785932422,0.30271696749037247,0.21759757516258227,0.2949567849708453,0.23071975534305666,0.4508085205931264,0.21410310656653891,0.4362895498076297,0.6494204535600059,0.5742880062874047,0.671977961825878,0.3133233868782602,0.4655429082026468,0.35928972658291936,0.446909897846017,0.4785379147921442,0.2180930652379326,0.31662806760749157,0.5523863896219987,0.5864640122701498
0.4847256837437516,0.3354145139743383,0.40254205836137,0.2480184059406923,0.6765898083962958,0.634338735605144,0.2328011734537317,0.28324533282916525,0.4905472205943767,0.31621503706460796,0.6672003490070642,0.5777952904355372,0.3366457564555414,0.20305070559523808,0.5997236956014873,0.41204485480053277,0.5211888559288884,0.34348741271064875,0.2714366296790855,0.5376557958928728,0.4251622940733295,0.31758485053499047,0.2688139997831016,0.4902397972208167,0.5627749701037872,0.3419434810615576,0.5675712676735619,0.29156109936638597,0.3692078455475546,0.5724411433999776,0.5300717598235396,0.33526181345195627,0.2610675007734666,0.22123671247362098,0.6189575899596428,0.23757097478393002,0.2574225761031939,0.31885531513766685,0.4228348521199239,0.594893540118248,0.323740162970553,0.4717541241798759,0.24518626102502156,0.4322555025682624,0.28881949668865414,0.30559577944528254,0.38341421705446466,0.5806738493504287,0.5719932149501172,0.40748648824266,0.2593355770962043,0.34034581001197317,0.45267788826506905,0.6347058893475614,0.6841273074066652,0.5187354675119566,0.37534324524870066,0.5467267268471894,0.36811506791029924,0.5127367267083032,0.3218832858478383,0.333494350615689,0.23761279452056155,0.4100705761065875,0.5090872600478338,0.5943974719053104,0.6051742724188468,0.6962222247535819,0.24387786291848096,0.44656838422291434,0.46068728770120665,0.6022667131889461,0.3331792577944235,0.23468615996973352,0.3568794051342098,0.6919639145321304,0.6497205989122932,0.39762348047332574,0.6381359993725302,0.21637724205832937,0.3571020387321002,0.5634059239937722,0.3107261255084195,0.29919547574365335,0.6309037729821867,0.5079769805383718,0.6945113591560179,0.26733483813957426,0.37806420361657334,0.3556066859018422,0.6400661188594547,0.32764826002150527,0.376730498837085,0.27141693783771376,0.5877004913245936,0.31885164197942645,0.23416013611610975,0.4175543663454483,0.3957290619807673,0.2888046021526878,0.26679877994800777
0.6482786066916304,0.23392224327561528,0.24965547834816,0.322523640569203,0.676419594828251,0.24269212475992757,0.608007413371441,0.6460260766594135,0.3889338707254427,0.34694719991592116,0.538688864128704,0.5513173003051114,0.5899885814120778,0.6152833906644628,0.33419772800617,0.5434808009433245,0.26745286214233777,0.45536566577207677,0.5064434582562971,0.280865968338274,0.2382532698597704,0.2973731431380965,0.4102943739261835,0.6439204889076873,0.46595721226736353,0.5742464458669952,0.2870722641457233,0.25298909902761274,0.3198086788161199,0.35694020639517954,0.4740510094110997,0.6406216601822203,0.4130463083886827,0.459399093922485,0.20230676799246033,0.21665603144564333,0.24188459996377382,0.5494970427395143,0.4430956843859587,0.29648059926592907,0.4962997193449095,0.472306075909518,0.24439965090499788,0.5202063863585731,0.583577436315255,0.3432772038545484,0.5437444309971537,0.299859758504392,0.5783644068558724,0.65588708456136,0.42093356190082354,0.32231103910580894,0.39958835109884994,0.3250387363278584,0.20061968788318774,0.5252283059022225,0.22126332098109847,0.3051953701086155,0.5612247780649104,0.5328625069578916,0.23666445602308284,0.5300273705395384,0.6652874447878913,0.23725123450909158,0.4078441138383181,0.5647169450570706,0.5338615015889566,0.31325527123474917,0.2815336387483532,0.5921235020204659,0.6781223276193983,0.5837917337714145,0.681602241098875,0.5024977120685213,0.6645494303459585,0.5452178472724434,0.6544423751005433,0.2807944839847954,0.6077826078719744,0.29837290047672627,0.21371455097297865,0.4587930670214814,0.3591258902809221,0.22176568089400894,0.6901521893640796,0.5332330477449964,0.6509060866077994,0.6995412929359741,0.39598336833554604,0.3273685143670576,0.2919421963434144,0.45759355389567125,0.5030403887510787,0.43621136801626237,0.39362600742284115,0.2841362817295642,0.420929811905312,0.24262156853953248,0.632523879443796,0.22345132604897971,0.39032303086577735
0.25006893452148427,0.587490249733539,0.3563684894139634,0.2565528063262774,0.4657456494322569,0.65813850361477,0.6543224355596016,0.32482552056639497,0.5598298379801168,0.21514209642049564,0.2659258982517123,0.44973618515688973,0.3143782172441761,0.599130926980069,0.6655360860263306,0.20216665824139113,0.3164579148004899,0.4197766730381136,0.4815396441761942,0.6579513887960504,0.6459417452576467,0.5185850497339829,0.3286940070419423,0.5916439049391806,0.3013258856436159,0.6825861620484084,0.202919957866999,0.4848852519539507,0.2441986234608139,0.4037997650910107,0.5174667701552085,0.5447992477959581,0.5927847348369675,0.496663851382385,0.32565967564299725,0.6446266214674357,0.6055537065068437,0.280026158853425,0.6132555921039244,0.6863222579552408,0.5186095584039587,0.3409026115569469,0.5032969156367071,0.3712675345741495,0.537973235321153,0.4723999797279367,0.6647453060448756,0.5089542716004014,0.30699084186358455,0.5625549366709424,0.350439158930441,0.3361954764744022,0.3958883127872517,0.20599833953133784,0.68457033008064,0.4661655556793491,0.5867469469364801,0.3289261111889391,0.5733090658168127,0.48358525113906764,0.41207208688975117,0.685334613098231,0.44692185707320287,0.5287292909448384,0.20767109574493986,0.35072760324932417,0.6443457830800332,0.5794795305580094,0.46837701808782484,0.6500798535566427,0.4431102566037779,0.48325353209388777,0.3910764235987728,0.5100200183614421,0.35950076546043686,0.39274608877117856,0.6831631316036343,0.2556543398997951,0.2526276726230205,0.22165800972750788,0.3600222598801338,0.39911462123396213,0.24725782203477314,0.47456549768341477,0.4916507645274345,0.575513346806664,0.6879840583079007,0.5096761236461997,0.2558254033404727,0.2442621216228914,0.5887734318251856,0.5251670642679633,0.2809571973532809,0.326679986341767,0.5751201936462591,0.4830778909028232,0.49250003125126945,0.3050043356439548,0.5145289908288557,0.5853142977036276,0.6426261127319235
0.5683586624090246,0.488187825504508,0.5366296536233883,0.4425557312569388,0.3134491215588113,0.6411034863859677,0.4663113165837126,0.49715915557361745,0.6950544568765913,0.6925078391363202,0.4931554924999686,0.2169786310087331,0.39807376902242164,0.6686466400254445,0.3441532961880046,0.6996343425981579,0.24215876342827625,0.48405709050259355,0.45772468008734707,0.32767645668385004,0.67430356532255,0.5095856049986551,0.3151141417223381,0.3920240989191681,0.5606147134410313,0.3488483563481568,0.6398031010305905,0.28283694897881206,0.3322525449324243,0.27244930668305,0.25208941937974916,0.3501577117319634,0.6995893731677202,0.24716470663083406,0.30650109592364416,0.335808399539001,0.5095648422361019,0.5726728482039263,0.5759668374270228,0.2043179909694156,0.5259252293997325,0.5153684396835514,0.45882734094493854,0.3896042807018796,0.5987220987306149,0.3719403977166761,0.31500613605330063,0.3550475872838065,0.41982395856158294,0.3070286940013698,0.5037856231027432,0.6421046012559478,0.4977300620810375,0.42333415373869066,0.5984343831124519,0.5740193114372643,0.3835290607653481,0.5020767353326809,0.5649214301589955,0.3227316290097205,0.38313693954209493,0.25288803527498527,0.6938401391534166,0.2429388252115679,0.2843030625617887,0.4399159748320699,0.6326359167722696,0.37794101147397974,0.5842980737656729,0.5380170366581181,0.5193320385798395,0.62250862548342,0.20708514481431284,0.6645765192801958,0.6146130901681466,0.6689336098259135,0.5967939419283435,0.6392957037271362,0.3015390240997396,0.35961453343852523,0.35761050673536543,0.2545833729390284,0.5647896276422953,0.2680854463435364,0.22625458303953033,0.5877234350275319,0.6523315848659645,0.5820616739825666,0.6126761064159881,0.4978108389153856,0.6438731689573765,0.4483517411789275,0.6941613092437324,0.25170752138472446,0.6045903533506919,0.5206947080056377,0.4903230341105975,0.5629052654305606,0.6201457653994243,0.6314420334202548,0.2876904814719925
0.29851796487648463,0.20808325475679856,0.2659212288961364,0.33194124642496226,0.5605179112751414,0.43788375450125505,0.5789517677920086,0.4432679239099453,0.4777987264549841,0.25553329329679125,0.5882791423380163,0.5790632660997774,0.35378079584030975,0.3642890389002009,0.30984072528656775,0.6069198380180763,0.5735034009808901,0.5045738690921263,0.3194110515648487,0.28592666630687213,0.22513442558730656,0.22280574088925975,0.2935680699041635,0.2502662661616111,0.47805383646122146,0.37904506389723847,0.42247289108407315,0.49703359179359485,0.5295508726767568,0.524100859941289,0.33042829341041624,0.6048135101480513,0.6588548349596148,0.35796917361159764,0.208532708283034,0.6495770933242524,0.6617743664767379,0.22547322020651678,0.20247829592960614,0.608202391496371,0.3507316772415533,0.6572910836479942,0.3083717866347733,0.6305773080632935,0.23432213486251835,0.3303184236569868,0.6865644395728205,0.3155983271656412,0.2665064920375206,0.6285273262364977,0.25890039588073954,0.24872805428975175,0.36171256709476785,0.5176642532984796,0.5553731868893478,0.6406193919136978,0.470455762979553,0.39670889338048765,0.3794168809172326,0.6234513642387369,0.5619076547413326,0.6527145068625696,0.682017727865807,0.3500254180419037,0.4648370593504197,0.5159104036824165,0.2819244733882288,0.22667351696249238,0.6338819570576567,0.46776175537768655,0.48538710818001957,0.47745717271397736,0.5774803524163452,0.27275097234102164,0.5070242203857662,0.4347397557888151,0.6484790797538621,0.45981046894816263,0.6714674870370827,0.3766264970899533,0.6834473531949952,0.6375789740458838,0.4921316448676773,0.37685496665951224,0.38796167872627996,0.5863760432291458,0.4903156755845222,0.4007937927346604,0.5180274807060821,0.5666166989504722,0.21145025627923297,0.24493140055875506,0.2472427202035396,0.3159669026316674,0.413495219613657,0.6018249496462772,0.3755495174997787,0.2087388941903024,0.44168092647586443,0.6983142977123109,0.3745104978274595
0.6806272593836573,0.2506725655682113,0.2865498289526524,0.5620610350728541,0.4506062244853531,0.582560901732943,0.6317791725144449,0.3255424380305173,0.5414145852198708,0.503800618316878,0.6307675145960655,0.41505195030494135,0.22593521535533,0.48709306363625593,0.6794391595592288,0.20731558975261172,0.3201289942112273,0.35803389498205995,0.5829194439454877,0.36163846123408094,0.31954193159815697,0.5242790072335205,0.2232026444804998,0.2852984299793735,0.4040151143347218,0.37779998117001556,0.3735829095916816,0.2542775065598309,0.3804200097248983,0.5989963859957013,0.4069221008986976,0.49308559240784244,0.28178970465865877,0.23485568173428806,0.6399780209657803,0.36568629807297937,0.3751686165340663,0.6388439247394292,0.5538856744543719,0.5781313554938063,0.5410017420838313,0.2528961223957682,0.6789979105281139,0.6545681435639638,0.31811006341572723,0.6019970955719206,0.40469821574865994,0.5418834839322415,0.282801499906617,0.46927712532821036,0.26330814977995304,0.4680835826790579,0.3217969780286064,0.42623326438440734,0.5339846835872153,0.6385372908303093,0.28264450154263904,0.646634557708849,0.39501882396364507,0.6218982843029404,0.4562739592088815,0.6311042858814699,0.5314120337600998,0.4543580703083841,0.35626931650016436,0.6844545438093277,0.6004488288332088,0.3905935925861307,0.28336179652952304,0.5897677092966469,0.6949721439054599,0.33948747689623604,0.6579315361674978,0.2626853527939601,0.676103127125927,0.5726694562215316,0.3732981146318517,0.3523159111481169,0.5217176769696756,0.49675357012934995,0.6594683507468432,0.583121567104607,0.4701824362869634,0.6637829209198272,0.49636531566660935,0.6248424178303387,0.6204713260489281,0.6595974294747681,0.2338010156395523,0.49190983397338883,0.4341962955855245,0.4452711917323362,0.42995530181010144,0.6187333447111705,0.35921644870846936,0.43137554081488916,0.30034127145054285,0.32585830796236737,0.5302100416719375,0.258467969125331,0.29391090549733867
0.464017279785657,0.22188651398150677,0.2634634997101958,0.6316764694833743,0.6230733828974978,0.3738880525234911,0.3739956576555922,0.6682577246320018,0.21292056953601163,0.49014775654263537,0.4986952895203636,0.5939435335908305,0.6758752579113003,0.377913793521672,0.41891673672800056,0.5356492402600886,0.6836358111720883,0.6453961768683537,0.5335265016350222,0.628361785835511,0.24260221544571814,0.3885634714259263,0.2065462478494236,0.2887361191304752,0.515246285601201,0.6427808118668333,0.5163901549958977,0.5320690535042834,0.25191080262810095,0.5324302454566898,0.4271733586845955,0.5257201157909117,0.3630865547649137,0.490742970831585,0.41203464841549464,0.47931852771753036,0.2735447591649,0.39791242680864247,0.38713932862842704,0.568197260326404,0.5532047569840327,0.6544293423656664,0.5160277961415987,0.3572735648967367,0.5916123316176656,0.4484988217668132,0.2967466053145393,0.5737057341635632,0.2662656978596145,0.2890766656230646,0.5793779642175736,0.585072347035644,0.5953906344021076,0.34666256220855785,0.6332937286857594,0.5613340679810364,0.6169837047756702,0.554302742373445,0.48979822937317025,0.2546973857870097,0.5554681059759745,0.545230387729092,0.3562455666434302,0.567909884523213,0.4752272767156637,0.47970311927170745,0.38380233939285624,0.2583925206700683,0.3084642289329945,0.584415826668029,0.3357207752484469,0.20112652716780577,0.698508710565775,0.30534111692518545,0.5276915744351969,0.6634610022874968,0.4998563673169685,0.5995153075422286,0.6881858560744074,0.6301817129648928,0.4789520443391808,0.3818514652410381,0.44123222458197975,0.6209130840952721,0.62667730507532,0.6229274611791817,0.49861220137500545,0.4384779588788065,0.35566902804783085,0.20168042759096466,0.5822426354304779,0.3384991400070273,0.36483894769266867,0.6217406124235219,0.22612557856131033,0.6638101657287192,0.20068096121925322,0.6695845574127031,0.42737924554170814,0.2510613125759098,0.5370806836205937
0.6479282128606109,0.41903640842380996,0.5456789520153331,0.689681360094647,0.32035041185650254,0.610224728461344,0.34761855467358826,0.41316879999507994,0.34088293424863036,0.42300587421706115,0.20254451621414127,0.35171942366513576,0.4226470319688479,0.516120091853048,0.5186806955879544,0.49189280923524636,0.3465159147961484,0.6737021579678727,0.3959849118705496,0.3084469706195289,0.4772564698339936,0.5744643349404568,0.20611678641113312,0.33817200369777367,0.6124889263000148,0.45351054669279905,0.404244152289957,0.6654506397911559,0.24476754856141936,0.5077851003889244,0.3710943581218885,0.23541169914646287,0.3068722543054101,0.5139666065086421,0.21413846692727873,0.4961244076946754,0.6784252106086521,0.5975480311851347,0.3727985396669228,0.26910382318080417,0.43253221695648925,0.3964752180892027,0.685866480011926,0.6949340272542109,0.40529232816189553,0.2743919917649684,0.6553047748214526,0.5967711378334966,0.45563710332784874,0.3826773215075706,0.42408291379986374,0.6509405876525551,0.29232172388176925,0.6033917605617354,0.2090953164135777,0.6602859965710425,0.4501486398231028,0.3133739131705861,0.20142825140859122,0.47977323437238706,0.32224393527991907,0.5156321680054217,0.34058464072602357,0.24401201459511346,0.4525258149217796,0.48224286814407213,0.4262950127697753,0.42901777716489065,0.49482506395000764,0.4631767547050767,0.2662837694313291,0.2985428232425162,0.27089552071452505,0.5466477911098728,0.46429920608348296,0.4149275617654641,0.5991694976364246,0.3628973298804026,0.48405333154548047,0.23720380074509922,0.572202041912556,0.5475962224077948,0.6011898146484409,0.6422379790082768,0.5790141336477093,0.6222449450636469,0.37282729948086224,0.37166868100746986,0.672150409949908,0.6572872681631023,0.4742486705526112,0.38327939263632294,0.6330007651294001,0.3617055662136831,0.2768175414472222,0.51974633750274,0.22131090486648347,0.38955095308324394,0.6038319078473109,0.34760809784641733,0.6656577395367667
0.6779123333083186,0.6079081503825594,0.6938216594960314,0.4653820557557188,0.48459977606948573,0.6180834076352392,0.44640262789404517,0.4033600034165348,0.5073767955872694,0.528829755424441,0.5754479108480831,0.5341003486300426,0.5728608976316643,0.5372798354443762,0.44022261925008943,0.26746729216823517,0.5927216144676292,0.21538957569384154,0.6962500458806697,0.6142292449698399,0.5354553039906524,0.6833033859272266,0.5062351407281046,0.22821644037217403,0.47969108700726,0.3386020928284714,0.3847387639922184,0.42979257792501446,0.5873003731943918,0.45146460718547804,0.4373401454125394,0.350986068870923,0.46993612092635145,0.3241954272176578,0.330496907704114,0.5786293875722601,0.371273632254545,0.22569983646955594,0.37183864294749036,0.5192861039333094,0.6069927933386612,0.6809683406961806,0.5731102107374879,0.4144258047084184,0.3495596396024788,0.2648149950854447,0.5138432172230571,0.4549416570545031,0.5388507582220705,0.3185665782275348,0.36182208405497274,0.3460476747493195,0.5988259210872052,0.2856149074316734,0.5042360585122477,0.22567750787955337,0.4747637879508598,0.23195698787652796,0.2879382953939937,0.2565126510267811,0.3733626769417132,0.3718657088538645,0.6132096403641281,0.31284372569026436,0.2431933708869885,0.5017558954070649,0.5437253498000034,0.3474118080107269,0.5014070581806885,0.588028284003322,0.3737764695380561,0.46267691996655586,0.27331663683616003,0.2118234005350902,0.6906839874054147,0.349865425268185,0.33945102536091076,0.6866225665865437,0.5641167618815583,0.49264894397024156,0.5496616975466784,0.5549632833477013,0.5816679401464913,0.23359461570995999,0.40641570989144393,0.3475651589165082,0.23528481925850275,0.40629949842321433,0.5080867427065734,0.2892488399872094,0.35251337194392685,0.5195854109585769,0.48966232877860666,0.6343927315866119,0.5956154848251917,0.6828055261430147,0.49859665505668854,0.5492336832058131,0.6302531294072014,0.619996222412634,0.5593608210131171
0.4501281046869875,0.33660344411536436,0.6386078769677029,0.5883277211186524,0.6189534759792396,0.2703946590736021,0.3574064390946373,0.41244251894982553,0.6191759861502804,0.6464433363573276,0.34244635712764315,0.5432145836328823,0.2389071030762817,0.4047866359843806,0.44333455387594256,0.5828164074495579,0.6459861184185602,0.36864161791222805,0.4638694449709506,0.523724111183762,0.36434361447340735,0.6927691065870222,0.6378871897850122,0.3482014144333083,0.4539731154995241,0.3154203066236222,0.45725195945166736,0.5416661724116424,0.24276054639649391,0.6350586024036358,0.4968729342232917,0.6948014492885008,0.21279575362475162,0.615749175549116,0.5959815241272737,0.2664262560200162,0.3676528175417033,0.6423981015220863,0.4592271475361271,0.40064074373361946,0.6527482161254208,0.24667226223853073,0.43656139145112816,0.5261870489876761,0.5042707195075062,0.33213822720444575,0.4816564522671682,0.5542808821429908,0.49244270366334914,0.5422311129886611,0.3280393696943952,0.6164244751358913,0.42484476849248487,0.6936119220522843,0.2116426603334688,0.3901576856238217,0.29023752615255544,0.47780476349702666,0.32160254718680636,0.5687389732837409,0.6409329311687593,0.30544217679105545,0.2803388091508992,0.6376785928642392,0.38063595754425283,0.41729181747951494,0.31048475122176783,0.41265743402557353,0.3156500365389985,0.5329637203170905,0.4494382062400436,0.5940302229814545,0.35636405803364724,0.4527975077295188,0.3297616614885672,0.6672369651233157,0.4609678338955515,0.28673124815897155,0.33638282960501453,0.24145098206203008,0.2139079977988667,0.46296091303533543,0.36856146126280265,0.6818867276301532,0.2856656981807421,0.5969563263684726,0.3579857210964513,0.3117686930293526,0.6848184095006536,0.6012882993728828,0.5153104457226658,0.548560518611876,0.6956907374252949,0.49660370441244334,0.25095022540348005,0.2324330633506907,0.5333033887369367,0.5288005719625741,0.5740868964890442,0.2543893651163069,0.6724511373775859
0.47557920695532235,0.5247777605106076,0.21742619168906513,0.6804871072577869,0.48129592437197427,0.48168155649731426,0.6717776581151899,0.6646750890918336,0.31014929590862084,0.6655494109529646,0.5683106446900307,0.20945036366570874,0.3199215743691692,0.40649007273572313,0.4914112277528773,0.5506648652443444,0.3051051969784497,0.6183502571368444,0.6228576619445774,0.5174994096302886,0.6605469552578491,0.6064912134485939,0.31081182964677045,0.5993384331551802,0.6766010393765525,0.2688032235092155,0.6893489423955145,0.21249639838504514,0.4610836223868861,0.5869465694892421,0.5952190512731271,0.5673362845731339,0.4646756863765809,0.5254821610351976,0.5499660928265568,0.4472696121069478,0.49784248756731875,0.6231840267287865,0.35643951057291356,0.4616031634843161,0.20423986051275395,0.5437181998883965,0.2976927323074209,0.4405006268568844,0.30510260814022966,0.21176685728924616,0.44161027584900825,0.41241680330535346,0.41257475676219035,0.30440307996443516,0.6736022948740896,0.20175357590534726,0.6457727249986693,0.5684509615697411,0.28603601676663576,0.4360959931517773,0.6944250407541362,0.5218491184921537,0.26368836190933376,0.4288211194282159,0.4341015482864061,0.6011316664415541,0.6580814664130776,0.2411207716443673,0.3570186434764161,0.3492190634425575,0.6980240624595091,0.4796135583456998,0.6399157480599922,0.41301642472241196,0.5613615752044682,0.34329282115207305,0.6558930117446167,0.4275731204932669,0.6018627486580436,0.3279084416712824,0.5468021709609395,0.40257920220001786,0.21571971148727354,0.40650412687953175,0.4750108208777102,0.2758808069565876,0.29195655259630754,0.43243139916157847,0.37136485621670334,0.4203702690016813,0.43041349466136136,0.2700380218513778,0.2905972876350574,0.624082696739747,0.28135934465524204,0.5329571665041304,0.409264023383896,0.6841183429848203,0.23305218094411878,0.6151944330153809,0.4457246155513107,0.2026761854320943,0.33183010946977687,0.4038484262746347,0.3570973767244625
0.3812247320069666,0.6583359545685898,0.38046701619616385,0.4094146897013664,0.5805657767890564,0.5969167828741875,0.2420448258933473,0.552035017283502,0.4412859768383879,0.2669269466188277,0.3323552819734421,0.22251774865325935,0.38011859440591755,0.32770322016701203,0.3910516986900088,0.49017027376537836,0.56616977601831,0.5026759932797649,0.5391886511299728,0.6328195603093967,0.6369122217307555,0.6303596741795869,0.2765844577397633,0.3255345667968227,0.451162652463786,0.37936964700801346,0.2658344841399816,0.3438751173028257,0.6877143808328194,0.3734633777482681,0.40945703414798074,0.2032007109286485,0.5597074398950993,0.4067750327726899,0.25157003144758056,0.684278369152336,0.5887166062925433,0.5630750447163634,0.6789361674208347,0.40374004225856885,0.5592667701462242,0.30310394869272556,0.54856027372606,0.20703954609380143,0.2631526902203071,0.41262945930142425,0.2060463474030041,0.43098292772520963,0.4613958745325019,0.5108032987935409,0.2501933384968082,0.29050595656360617,0.5066416853585975,0.5290938562313197,0.21295011410513814,0.47018368105751907,0.5924908659994162,0.23455043889269706,0.4065864326232599,0.3632556365150509,0.6568328126760083,0.29290119660322766,0.35918020657224004,0.6492223724956514,0.36532665302998635,0.46567372029279713,0.2165176686154397,0.692451218087518,0.6124733539355947,0.5172004723733381,0.23037763654499016,0.23743498068639035,0.4724868153953448,0.3425322181017171,0.5113947237515866,0.49909624092388616,0.6193256991396489,0.3406885303563212,0.4889317622454962,0.5886816594193804,0.4453864931611631,0.6153218324694723,0.2656381007868865,0.5669488825735716,0.6714910457604892,0.365941660496783,0.3831682212059825,0.24177483859542737,0.5207463897873559,0.47622536281743505,0.2201728793661839,0.5761060134856558,0.6146422478725124,0.653559802070377,0.472867043085321,0.4262900174508787,0.6380685772660386,0.39934840953406947,0.5277215626172809,0.5076811282004632,0.3860805499092559
0.24344496878302407,0.21070776933534285,0.41411887026769356,0.4406007874116784,0.6113391340949459,0.40720582495573554,0.34057993736673464,0.43104823403757664,0.3189952402120106,0.24568030555747827,0.25652151684305363,0.35957722994846375,0.20633820877924536,0.31010164334061907,0.593761570466177,0.31730859621515545,0.25536475551975796,0.6745402799972695,0.5112350581758096,0.23001297471783294,0.23112198324745142,0.5060610628495847,0.4700644010324558,0.23418738619649243,0.3121577374866677,0.6645214572427941,0.4860054052405086,0.4201626990739151,0.32507770596018304,0.2668490211509355,0.40131584205534054,0.6611832796656503,0.22435569783877085,0.6954894079714333,0.3039063601010039,0.40438368019950466,0.2225256540828588,0.4923911015540156,0.44177763270049575,0.5333535173673899,0.47133906364573624,0.3990888923235345,0.5688783489058353,0.2125105638934789,0.47051451043729753,0.25693810191450467,0.4180041665429166,0.5955626584290081,0.2712303731302001,0.6679051743862425,0.6442523461957022,0.40745253543334925,0.2029874203629683,0.594872413337243,0.6404479017061414,0.2873690461777163,0.6580961044082785,0.657048638647348,0.4356454255170952,0.5990174053989209,0.4224739891359942,0.4820231329593089,0.35991950490488167,0.27973467266041224,0.5732682919070159,0.20069642225956785,0.4897763448243907,0.6323430131892318,0.3106386433882253,0.36644972839900114,0.49374292643223133,0.32343512326557006,0.6237434286653915,0.3833015835562775,0.49080685990994305,0.3130605737996044,0.22069316849549286,0.2868501330068303,0.22309946880440162,0.43430194980660963,0.4933186954590247,0.22233760384272638,0.24524111076896643,0.4427625134051755,0.599589966100488,0.5140045894578595,0.25235511005193473,0.6437711369207473,0.6587251173948734,0.36247841392473046,0.508008895940681,0.44616357509235594,0.6710118843149111,0.45437426647436785,0.6799829068560321,0.29967127526510307,0.37276837884784,0.5906726200480686,0.5918053677966839,0.5660916369783525,0.629805732332652
0.551273086471906,0.5180425722361168,0.42946250653875606,0.43354387166466346,0.4030807466021208,0.5101058998519101,0.4033319646164968,0.2737471570432985,0.2532648081043234,0.6622361376218888,0.21236945376894156,0.25273363090282625,0.42265243732279334,0.3314631334521899,0.4029244502010729,0.2587236907969417,0.265453468423687,0.6003289543625576,0.5795543720501519,0.2521264328623072,0.53389520744951,0.5046556616777416,0.5566813613401148,0.4372244522812371,0.3349934137667204,0.531839584678264,0.385678713261411,0.30947645050608025,0.40431450685964154,0.5816349178004769,0.4378965982681009,0.349932131716711,0.6159343074119141,0.6408218775904673,0.4166252118863374,0.38734401036344734,0.5063494735094825,0.22898722302895652,0.5456615802837985,0.5911438026886233,0.3987209636285858,0.28730792500369823,0.21440918757043176,0.51862279974355,0.33449670331745485,0.4319447935606421,0.39317776082876543,0.28744239797373133,0.454184334230352,0.42979676137036893,0.5120738114349161,0.3259424972648933,0.3073195399267029,0.607172529878236,0.5510961224820208,0.5861032258457817,0.26164490587751404,0.31201982166350883,0.4877657581018199,0.628600673436454,0.646057321584235,0.6159549811274636,0.2216989730422137,0.6104395923278632,0.6495455887605408,0.22837454507632604,0.40814044688849405,0.4683051616483508,0.31637518644174983,0.45834282801855525,0.6429778939805322,0.6334712531728822,0.6699186406287404,0.44205489919727103,0.4052834726469601,0.5328939095161767,0.408380288800517,0.2209722980004289,0.5599607260852275,0.3404919706414119,0.22454265613359525,0.21031053826345208,0.665680634288659,0.3260380043220844,0.4239495962615317,0.6752882264494277,0.43375848939036254,0.23930466176315568,0.4759680236233296,0.2440993267270326,0.2475439391867682,0.6257385369012298,0.3447107716822947,0.5393351000562181,0.45446216766433084,0.3111633456022071,0.4589101493266038,0.2344967679498764,0.3736061747948547,0.4614181125102458,0.314197169042826
0.5300940650906802,0.2259059608481534,0.44240494893531346,0.5574978906446917,0.41497302947838643,0.637293207659469,0.5160963906203327,0.6792464580293689,0.3420609063874893,0.6693946654273735,0.5034112949428483,0.5725894496066992,0.6510805585217234,0.4755985939959104,0.6310903959748326,0.4708484697940276,0.4995994638086188,0.4225492864486927,0.27281927592005145,0.4767516166744333,0.6887241151330905,0.5935929978661421,0.5737492423767181,0.5216544013648148,0.3739543367436222,0.28480759723918925,0.31227580082134493,0.20316104477132507,0.5367402104491773,0.6059387792782168,0.3344556755990299,0.24592519982213595,0.36786353391095894,0.3460256147084889,0.42543818038886594,0.3320510271605055,0.36986635267251455,0.6537773896746213,0.36741767644480305,0.5927590233649485,0.5129168501122296,0.3687689728156869,0.6088941348901752,0.4975380347981324,0.2043093637994502,0.2343641007861999,0.5763197797261594,0.4232638947925972,0.40275389587177024,0.272913592097904,0.27865929698063513,0.5988762250479502,0.6145085669807275,0.48000127031936457,0.3475639049028437,0.6663504083339151,0.5119811954976132,0.5983210597258941,0.20164146014410772,0.4251598004376802,0.6354745431599779,0.3691166416163606,0.5632755884361405,0.5288374125643227,0.2761091831771497,0.5874519136272025,0.25626339515639945,0.5639570482859704,0.6954841683895472,0.6789907159058813,0.6001208715285022,0.46725871211485104,0.53741228791037,0.5640541951720464,0.20420076213911936,0.25118311047647823,0.49852956603943116,0.20326727007145456,0.6544528253867485,0.4448313566125389,0.32888353780256085,0.3969105847987996,0.6253882053200014,0.6635964368820578,0.25811749023866004,0.5889803169777883,0.4891135591082651,0.4927513788322433,0.5897260609479131,0.31142234339297875,0.4655224839874791,0.3596763077254046,0.24725617248825743,0.25253972277830194,0.2682357353125754,0.5074499244524189,0.252915099188655,0.48505192129508673,0.4941485289886298,0.6519482550609454,0.5131882981627571
0.6927939204407506,0.21549628997041742,0.5520730683225594,0.21324003902652167,0.5646887889373517,0.3929251046020177,0.5056538826962947,0.3547690360441689,0.27955251957632454,0.5617562590446412,0.6523101901350433,0.2917912218500175,0.6603515006018003,0.2700910546022719,0.5678309412747655,0.679722579089503,0.27368544087811886,0.4175450233776766,0.36872874117919974,0.394238875092049,0.5765698695658883,0.5305944662777796,0.6843434822314096,0.29273975167821115,0.47163043466294,0.4245630727095133,0.6594280544628748,0.20530961623847999,0.6945852003835471,0.43986715718626435,0.5127698236167987,0.3800262779028577,0.6262633348477493,0.4809939725591913,0.5314054681248823,0.5244523540303382,0.3819910699488662,0.23799549790330793,0.603853113047025,0.3448579595921587,0.6244651142388522,0.5043215043954131,0.376851979048739,0.4971235744868113,0.5227463461807187,0.5533417038793361,0.6111690672535356,0.27987747110899236,0.6720721923843083,0.40542030721375544,0.6302251491881886,0.3102397976838926,0.2145144861023574,0.4866720218114253,0.3623331395362195,0.6922310024739746,0.25222672735769147,0.22365143300176088,0.22250890927656664,0.30843684761189727,0.48959555818266914,0.4527816868223458,0.3750379024167807,0.24439655370845464,0.3168685473971594,0.29207353239235845,0.5728334185780242,0.589973191500657,0.5885070065309098,0.6845202722070742,0.6421189731670159,0.44890237358925245,0.4074680104545826,0.6578842588547309,0.5056126260240733,0.34719933351279764,0.48223201385758363,0.6960747113480631,0.6247350300761811,0.3406398580297708,0.6764772129586084,0.6907310557395578,0.3155834797077076,0.6477960592506706,0.641601358849416,0.21987678661702031,0.5348445965308435,0.3526403565155847,0.5373063132459379,0.6567793470951218,0.44938962399475924,0.40720641539432634,0.6607656355937086,0.6870574588692663,0.23111816389690137,0.6614240345741036,0.24138426676094443,0.3686431066917948,0.5812870612151633,0.5885184909698475,0.5629109453395831
0.2195562440305342,0.26648302401204665,0.6681082491098742,0.2407306941979454,0.23927295848655833,0.6178229688789351,0.520632876611443,0.37582802792258974,0.2828552435358132,0.6420852099464074,0.694268878814256,0.2249858642214146,0.47705669104510084,0.33065179245290754,0.616193416774852,0.37303654588740287,0.5573146445931698,0.4697617107631385,0.4707616907974851,0.6289997155902107,0.4352022129622821,0.6227997670722403,0.38171341401878767,0.28739147123215253,0.42773868882830757,0.4491778906885111,0.4391915988188957,0.6041652059396411,0.4823394707300485,0.6442220358794014,0.457092747457971,0.31235754144100214,0.2647479201313763,0.6341814104723105,0.22808639945110587,0.25880480595988115,0.23182925945882055,0.4118670985909101,0.4663078081967967,0.20993736551130038,0.4577930834458021,0.396879735645313,0.586822591227949,0.6149783108731115,0.5424837181931026,0.4367477676583119,0.3080742975209941,0.62355743365128,0.37083457002220843,0.37814594359747455,0.6580057735935223,0.6877986277989565,0.649065478192252,0.6991173617805405,0.6344544219507386,0.5521787588100409,0.3469096997857364,0.6764785244499381,0.6383134158068768,0.3203733962078266,0.4445812366209134,0.23502783031277508,0.6766544316336085,0.4863841638607279,0.3226002729640827,0.3461996568119379,0.6903281863149298,0.5078071459020987,0.4103415620532018,0.449922730892769,0.2492750361886717,0.237511380036438,0.4963538716501924,0.4560020182201582,0.3795765956517205,0.4830569762556822,0.23633797471858614,0.6719955857157731,0.3468558438921109,0.23588939533599945,0.28475213628705204,0.24773695724125844,0.2893022521798406,0.40837702741330595,0.5690254469677604,0.3361741737275199,0.41796331097082196,0.6643786439441182,0.3479108696629877,0.5973598766323549,0.2789084362411832,0.2891608731286238,0.4280764367381328,0.3170511252331932,0.6515140368971301,0.2253761455617389,0.49863628307191976,0.50211469807476,0.23301296375972386,0.5662821074354456,0.434448772256098
0.5615366867474042,0.613462492967535,0.36144967599534694,0.4422429414677438,0.33038038988400564,0.3007567317611675,0.20029737902132871,0.6818157560399186,0.4204642346648241,0.20653488652943702,0.2044692887840241,0.34417628427559754,0.20696883935505922,0.3872573088292741,0.23146925071947394,0.21962579557515488,0.5346906970372749,0.6534206447214423,0.40469329165113965,0.6183852151379663,0.21463273056787358,0.5888450279850912,0.23139999616144546,0.6192197115986757,0.641183172436032,0.5929869211911571,0.6103745122056445,0.4807422831661594,0.332442471291326,0.5216155013304833,0.4197708245381807,0.202668280459523,0.4384128532174175,0.5255939622752728,0.2069418298456604,0.5106801680540788,0.5262659531084282,0.2790537891194484,0.4155370925782548,0.6821663004445662,0.6420946138998912,0.4054107114291263,0.3749231340120778,0.262040340488428,0.2175945422700799,0.34873138872103937,0.6701416735411192,0.6793067256668336,0.6062596702881381,0.3754124067599297,0.2718132164410556,0.4977667378028396,0.5232525036030906,0.412286784622802,0.5458233977793201,0.5733409428258676,0.59153083178739,0.4511490556787536,0.5958203887798666,0.2127382131347284,0.5402021833694348,0.31781697852523993,0.3352601458438266,0.24565085330336617,0.29619613179658966,0.6960041165010014,0.4076950652817376,0.6638826993443427,0.28144976409639905,0.3020294210492598,0.4789066769075356,0.37476627043954125,0.521957604287398,0.41102328786021514,0.6057986187327309,0.4157795355855418,0.4861745912191319,0.3605366000118644,0.5520204937193269,0.527367104482857,0.3985005163870289,0.3380160513952982,0.5070521874101495,0.6715758246055038,0.2663215120133008,0.5995583091727802,0.4714958864040453,0.4627798475869295,0.6808420737879896,0.5029373987842783,0.615258913874259,0.45723862443784824,0.3249266836275447,0.5472451357290548,0.6615884522220019,0.6206150478050377,0.29918180312004233,0.3584445595310751,0.4584403369868388,0.4858016476180326,0.29690705722926414
0.3150061700075823,0.5794155345177181,0.5651587083574712,0.6196044073144455,0.6664649036401156,0.35413055945134586,0.6297974782852896,0.5330058956380932,0.6788852119458997,0.3360370780117079,0.3348357508197628,0.5521467243463634,0.6642053870191381,0.6122779123932173,0.563519778896678,0.39365459902869415,0.5588836673509869,0.6005477882154071,0.5766428398953021,0.5384053991430615,0.2235656258453515,0.5298574665574043,0.43914732774145515,0.6807846357748427,0.5035949416885355,0.5041136281176496,0.6970275936848749,0.24679389489045273,0.3381581425501764,0.5280397194845128,0.3576181280171873,0.37307507396456097,0.6463224698985542,0.48967695251989823,0.2514327914020773,0.3554312928663109,0.23802918824970903,0.47806496672357257,0.28663409818799485,0.628557575012553,0.4886570132282499,0.22968782096554735,0.3504378318121595,0.5081688336180634,0.3677491590969141,0.4565883342969778,0.6546811473413678,0.3750179852531391,0.36793643123489395,0.6098784206563493,0.3593782614583849,0.23897917207019614,0.29047247711874746,0.6744001253981504,0.6666463962888607,0.3124060453890739,0.47675093654934286,0.26868405021150144,0.5373388142557678,0.29265289800490535,0.224895211460802,0.6124484036043996,0.36270019136181286,0.2542612017800485,0.6169519754311126,0.5811987387730742,0.5418792252159841,0.6556243549222646,0.4446130434353176,0.26402824879339887,0.23067320494755977,0.35922050897982927,0.24341541506870812,0.46775472017354264,0.20724950891157895,0.421881650754688,0.2892301449267927,0.38413402193357904,0.5375170373853445,0.3754818855253508,0.37066994360010763,0.695375366419751,0.5594073613631431,0.45693085592502564,0.4896878254987897,0.5100913157594054,0.21228769947042098,0.2401322952626238,0.5245946756783259,0.38223442942415686,0.22772202011596254,0.348756623025813,0.2651417102106951,0.6581569211131606,0.30146269627655753,0.27184559869702624,0.5130844085443083,0.4609559651384163,0.48796622701789594,0.4179740740201576,0.43358465546606473
0.5893987779235648,0.3099610924128337,0.39826465141561707,0.6789126924639746,0.2949928505930226,0.34688679752093354,0.2957834621429953,0.21024774817906783,0.3349149625208352,0.2232337229811196,0.2773425632033167,0.38134103503380734,0.21036060853447913,0.5764782829653583,0.5977945068847734,0.4057069012091814,0.6923329896871346,0.5394969574038495,0.5718608739903744,0.2961502118330667,0.6187188114108566,0.672523199010753,0.3181550832868959,0.54323214719319,0.5734705243316656,0.3525845859047745,0.43750450128614815,0.24876954679036206,0.286547401979754,0.23078526182359738,0.4800827452726468,0.5126314486386346,0.6580597917168665,0.4710924053118007,0.3303056854040499,0.22973677329555942,0.6424765263754184,0.43942903926402666,0.5686609947211605,0.2073246742977945,0.4440694613322088,0.3628613115832493,0.21516563630691343,0.5878364035362291,0.45645082644680657,0.36659012149556547,0.6028992419536996,0.42346172592508324,0.20174897818415066,0.6722238160191627,0.32784137023119275,0.6152877610316707,0.6082076920406365,0.28118696568036566,0.43700134060738827,0.2200994892492465,0.377275836444231,0.56548942168481,0.3185347350551788,0.258563965371155,0.4535617754675044,0.468493192186816,0.537914465660579,0.5795688734012954,0.5479047656323275,0.6227061041474253,0.31145323214101994,0.48488337310824803,0.3800476787106626,0.6810561785008211,0.42013976170741185,0.6798569665667783,0.5845328270295529,0.5592319310343494,0.44578185596091346,0.4216890671278011,0.4632740937592034,0.3468165314634766,0.6522549699192333,0.5971653276326832,0.6006979271625219,0.416576797724718,0.23554447412210855,0.5415386589631392,0.38720679198570584,0.6352151562254127,0.5901692192249317,0.27266407099487805,0.500857865269257,0.5461069629635922,0.48406878991218066,0.4570210880776306,0.31393153750297065,0.3179534222105922,0.5840040693212772,0.2093448927817786,0.5894550313527881,0.4633993682695695,0.668111326192418,0.6986607738614614,0.5317422825544806
0.40612859721006844,0.4375429542803472,0.30210771382575385,0.24961716199574052,0.4893816966510675,0.6027475489833003,0.33088325886460657,0.4098264051226749,0.4773868308884903,0.6539489099850286,0.26931561383102803,0.31844158436483133,0.6592652258928924,0.2197677965773459,0.5280578170299293,0.5197629416089757,0.391627216816282,0.434082339503559,0.6274589757402806,0.28249103167338957,0.31578373913946356,0.4561752057199452,0.404872711500015,0.48718624877259176,0.6604195930468979,0.6585510088689183,0.3150091698574959,0.3510723064244202,0.28103434064851496,0.6638951857319632,0.3989320650990976,0.4248525724418386,0.6013203903887298,0.4564867364051459,0.25987774111075607,0.41892435472134826,0.5152620216393158,0.5596045438785182,0.5226759263914469,0.25959035961618165,0.35217226258090917,0.5667823224816075,0.6400950971680373,0.22359320753112988,0.2211145540349886,0.5217022646695311,0.47402307708164043,0.277669525258857,0.47414579084848013,0.6872436717504253,0.5154501101983124,0.4245705780248593,0.6137662439697876,0.3064112428260758,0.40716321541345657,0.46388394590542364,0.4522699460253777,0.6604862346055762,0.3463340536233379,0.22825186036480982,0.6581886022568709,0.30853382856917133,0.3895139869883537,0.4654458122590385,0.6879402352741066,0.467634220814299,0.4238716532742395,0.4918192397588233,0.6854040799585688,0.6089722993782202,0.28448406815596106,0.6016300074521045,0.6205495299019441,0.5453470519792332,0.5286167295836322,0.4204385004239021,0.5208476935597268,0.5687874860761288,0.2614101240371495,0.32866498009171785,0.297040939483147,0.620605918453007,0.5400012957658837,0.4253892697875883,0.613027875244234,0.5583906699962553,0.6567965407726484,0.23840349804895788,0.4545786907706176,0.5533739517881275,0.3037465934024229,0.36356311598568203,0.4094881256599133,0.5971628091352945,0.4467881005285975,0.4464350164238946,0.4154438092760726,0.3142945446481577,0.6615357678063822,0.3589005603283377,0.48373283038495024
0.27438986776115326,0.41712169604952354,0.6519017580846088,0.697732619255296,0.38087592836673356,0.27699527315716777,0.3572257633651975,0.3636208841935097,0.5222543971411588,0.44807836224728015,0.5842298641328152,0.5506516422487405,0.3256543619626231,0.5921278449428891,0.6237309334574079,0.4991950948770008,0.663833854624288,0.5914740613672751,0.49769795343659945,0.6530829986566651,0.5001792401202694,0.46059556366867005,0.37812917020555137,0.6414316652972226,0.2613635854364108,0.43675135710872814,0.46870666593751087,0.4773745533848884,0.5259449152426215,0.4528978121269078,0.32840907381996354,0.6284721980697499,0.528762663917764,0.6290939068551531,0.3380217454901884,0.5185284474514108,0.5570868725381974,0.39170258018391924,0.6061220591034506,0.20125438742114837,0.49745987510711076,0.5067842351760652,0.46692154651931767,0.5150242434597248,0.2836134285116351,0.5423907409011879,0.3678944814183326,0.4260268712879589,0.36655468199813435,0.43696810174974265,0.5107846132558738,0.6191717354477755,0.4417175288201105,0.3616119138018016,0.44397093946269217,0.5444018320352577,0.37335035836289776,0.40714103736170304,0.48141990850436817,0.34700463191367503,0.3045423297722209,0.270196141931631,0.3763049915630371,0.22417145321902854,0.4917412633547507,0.28795468299876226,0.3886973961650214,0.3346114076991863,0.5151949831708746,0.6251728307334331,0.5166505214941725,0.4712524643366969,0.534541869661021,0.21499531888009993,0.2614223304810599,0.24746361798552213,0.24909858287439202,0.33024185759827396,0.46602613019160255,0.25734078932837356,0.6675581205946945,0.6271284013272076,0.6858221769164909,0.2212500225442453,0.6257012235446582,0.6018670377207447,0.6510529323012302,0.4639720838299043,0.5939445353878366,0.22564343967132622,0.23793889474199442,0.25926612047479414,0.6573944316491039,0.23058467469422445,0.2500747633495555,0.6652052013147635,0.2536962909161391,0.6348781493626869,0.5946353940311431,0.22014099426607714,0.210923698444815
0.46719419175679655,0.6985877018833836,0.6394150800494932,0.35501271668564227,0.3931546170577017,0.3939529981190505,0.5670894079525073,0.3705663763311917,0.27389853068763037,0.5735537042917751,0.4290078091225523,0.2383893618432335,0.5950261342460303,0.4926556319751146,0.4446846626343921,0.5366715835736399,0.4526838414101831,0.5242100739942496,0.6337442726826608,0.5067571840555627,0.5298002489271374,0.5069280347103373,0.46558988881664826,0.2859862054877358,0.3678388217794327,0.546554483679061,0.41273805335088853,0.4030645059555116,0.5796346420652789,0.20278443031183063,0.5394972401226692,0.4446132552450076,0.38838129062317606,0.3702683057867948,0.2864377476575848,0.3671260413743015,0.3957092360551864,0.41872445971241745,0.5361503193387638,0.4267855097115024,0.5981421521116752,0.5198689986891871,0.2947985397470447,0.33858658638525674,0.23962459322069274,0.6728608774616611,0.6432752406146333,0.24239811272546857,0.48703800792373,0.6802009094304092,0.5735713949730779,0.44590609698533634,0.32055149445331743,0.33951853754064776,0.5681189773356803,0.5902876366219233,0.46434666217571624,0.2604743507583524,0.6669341868132972,0.6223813672833673,0.27026938951371143,0.22836379181442612,0.46793384137486677,0.342071308864763,0.341624854707284,0.24361079637520588,0.6766929176356937,0.6150832298299223,0.2569172959379584,0.6382993838254151,0.5414780279815685,0.36272056591430435,0.6356252772075659,0.49901109389097914,0.624334922167193,0.43463396224362616,0.4503255200809137,0.345505014705478,0.39384634597235413,0.48387603456411066,0.6735296118543086,0.5000588799840673,0.2736890958901968,0.20349809273824337,0.6254939277543399,0.3821627116830765,0.35748296981991645,0.6003655614711909,0.6726821495449177,0.5740225441759781,0.28692365645571616,0.39568914679552114,0.5796992762173703,0.6534629073352867,0.69930003197483,0.45578045356909286,0.6112624091709749,0.22331582138869205,0.34291237487748394,0.38575670167374465,0.687761922640947
0.20169682410743028,0.35401036888129656,0.6652061298064519,0.35333911752200564,0.31253338290728844,0.5650442557179918,0.5726694464999327,0.4360889413237542,0.6734587349327117,0.30135353977092094,0.6567079169897987,0.5777540382626478,0.3841041704270237,0.6034543098616869,0.26660108820687695,0.26549124659661366,0.6649686016237029,0.24739025392270586,0.20203980342470235,0.394515245792451,0.2519254872160639,0.6315182466221254,0.6613467567214664,0.4412131821782064,0.4127357665050184,0.4695196384720459,0.3130973124224931,0.34898293071016795,0.2504885852420024,0.42322504555568163,0.5058458112668296,0.665111867195801,0.5695365853133791,0.5615318667765933,0.35399948104705103,0.6441466487550223,0.6734778483399988,0.6661314682710184,0.21940151326219254,0.5021753181520108,0.5216125528626474,0.3475325801082517,0.6962060915789648,0.34559372940927946,0.3083058290905279,0.44207282522159586,0.3615736898851717,0.6620147299349721,0.4200383656573864,0.4050747773362917,0.51293106505425,0.2405573356255617,0.5783664734082609,0.5841994109024357,0.43701291736383385,0.6778489705002141,0.4896695553978738,0.5476182271224954,0.6621724777515505,0.5331726717123961,0.4159130038627735,0.21238558781657418,0.5641496578159046,0.6824330058005226,0.4351175617679969,0.3698843188941321,0.45962971320688917,0.5642186028423295,0.20034523724102465,0.6436058613659268,0.6431814298391609,0.47064896680435436,0.261189383087804,0.5359028973068105,0.2689228314816567,0.4537735757163403,0.2468149859905585,0.4945326691487506,0.35903466255899363,0.6154957073687514,0.5999730631042073,0.6992369377372205,0.32875158735218235,0.23090054638979018,0.4215016325744224,0.24170166748328542,0.28924985753288157,0.49865007068077616,0.49606542567214923,0.2216637388648452,0.4214523757091393,0.4651093464336208,0.33401211890999327,0.6360215909377469,0.28054932382321096,0.3269509025031072,0.2784972075163765,0.25827331693527905,0.6394895920035629,0.33892958253499095,0.561262009733928
0.4139911798626249,0.5179367403669584,0.6640880980861046,0.6223039335216247,0.23449319621011894,0.6226012676396089,0.4259117576403485,0.3750728634399426,0.5361939627308141,0.675103936549624,0.24706774879406873,0.5840385151251195,0.3017540153789777,0.39006806141349937,0.6369115081316249,0.47289959200616966,0.23372832397521315,0.4540242750683691,0.5948209508207121,0.4644402938827966,0.28344461948952615,0.42252053752876595,0.6621726840198245,0.5291019950470565,0.5649432532542946,0.5929682537247252,0.24534671209666742,0.4907682796349819,0.38795759659265405,0.2695795818360486,0.3013547791520119,0.5905802368623672,0.2807445526448864,0.3562093036108597,0.3424366691315407,0.22431518195728384,0.4310792246196793,0.5829649210846043,0.21107631637444985,0.25627572523994807,0.560093339798784,0.49679049533645675,0.5576238070243409,0.3150519774385693,0.6018843916487024,0.4399355300551383,0.5051509870894285,0.24607670860041814,0.30251579167991066,0.586678940805154,0.31195422059438926,0.24626491376072934,0.4986016411260501,0.47396825808086634,0.5039469644916464,0.5091527481815457,0.4500986729322518,0.44688696028432784,0.6620827826447312,0.4669408624398701,0.5086501012069293,0.33348469596937225,0.6355466004010955,0.2121840463295816,0.4786133811488872,0.3919251475990543,0.5019520977802384,0.3800860248856901,0.5588439558588234,0.21016572148671542,0.40294471938457144,0.6156317998712069,0.3251003588897179,0.226375439190161,0.4482620372825843,0.6882667302633949,0.23207928076756834,0.23502824637489667,0.49755828247333905,0.3250338564390646,0.40511561681861263,0.6152535764996954,0.29942434209125823,0.5596499684907165,0.4522427566337781,0.6524788462071358,0.6864810001467819,0.44248039282669793,0.4923235295577334,0.5729212703687766,0.35933707093600253,0.3133701752616234,0.6823425862215026,0.4163076956097891,0.20079541325788686,0.6188591492625417,0.4998320806455428,0.28427928136015207,0.2150698465885395,0.34574121552086556,0.6639435477368323
0.6667455850178061,0.3555017431510591,0.6179654964103583,0.42092266162854786,0.5271723745682972,0.36722193793554503,0.45798629813549246,0.3468897232751632,0.23055718117823137,0.26968909309576944,0.3453372472366186,0.688126891988065,0.6828360751249958,0.6138316712422656,0.31625302554804346,0.4208010702709113,0.4198914192453521,0.39348662240909194,0.22244015254487282,0.4672636871121588,0.23640599606243046,0.6009593403589719,0.5456535714223907,0.3763685033217673,0.5235681911062315,0.31651850327954906,0.3326250324783162,0.3570667584627024,0.5985057999676648,0.30534567342304225,0.4813906137430192,0.3002335572107425,0.34251871253120747,0.3177406464932457,0.5225023355366429,0.4633644722278901,0.5606495729527766,0.3099717186664929,0.20457426786301863,0.5402547835651674,0.257426979247538,0.32315261221197805,0.3528430762306113,0.573401046145434,0.5129459053287135,0.2921327182629144,0.4989439053098708,0.554073997555306,0.39444860139508575,0.322976457013926,0.5394913864573946,0.5054456000707486,0.23895607923541007,0.5333398201168771,0.4442589664176493,0.5766844784888636,0.2953587709399134,0.32910820895068815,0.47165636954876056,0.4408667639460996,0.3931826855282483,0.5730166572148944,0.48237578181414115,0.5551359269470593,0.2766274811595579,0.5644941475727685,0.43076405405014595,0.21688396784229352,0.3172457769982496,0.212878195870289,0.4284372609955218,0.36293988027754265,0.6937247799566256,0.6342520584784315,0.6128354301715746,0.4505582745156227,0.6035437496753834,0.33343482373137756,0.4803247339232624,0.396459030659705,0.28567095576136486,0.23630671568420203,0.4791091914858074,0.24881956744010308,0.5590015483429911,0.6607342393630778,0.28105305485578047,0.4354692892551141,0.5693872965299125,0.34341983051651337,0.6603822598164686,0.6442327794349554,0.251877177864839,0.21369988576592008,0.6882292414897009,0.6782375123855655,0.4111428022329816,0.22528166205298622,0.5094377763730139,0.34670505369432814,0.6683614934502771
0.5973309625271517,0.5247968920667216,0.3422519237567643,0.5506342897208587,0.34458413337960203,0.21881549207593803,0.454217293810137,0.44434227239434543,0.5815029865131167,0.6328369411772223,0.37723424434713104,0.42473650510183547,0.43520020982226404,0.36211204218618964,0.5716934618125951,0.4610505926031497,0.6569778871943199,0.525155385947793,0.3059482794469862,0.2824043243735182,0.386192168958146,0.37346327012848657,0.40356591243125506,0.29179553515222106,0.6891113350132446,0.27285488643436445,0.5263243871121605,0.2065346175322949,0.40348051915950656,0.3545916995475181,0.3910123188697092,0.4490386723865568,0.5001875007621588,0.49175567239714996,0.5153568350605564,0.6222738412768952,0.6433585778073256,0.5686251502803987,0.239471121462202,0.6806461957549672,0.673699043173523,0.5558518972726768,0.45871953570096186,0.3253091791679461,0.578175569749438,0.6389300893581445,0.5325938004449688,0.5145363164308854,0.2965023522852931,0.3788982614470948,0.561568111016256,0.2084493694256117,0.520632138594443,0.583335150505124,0.36735224313539083,0.23808388460039454,0.6095596894419992,0.2709184147425114,0.38540055298488674,0.55362705253389,0.6084929938257168,0.6311909592442579,0.46520859580555773,0.43793584822793274,0.6241586385090148,0.48153854752373554,0.4893253642076155,0.4169866839969003,0.3864069859605198,0.4402704286449145,0.3824237468480636,0.3717732249846193,0.6968321710039469,0.36810674703592405,0.3281918737663335,0.37696204492131324,0.495390670318053,0.6554952433115825,0.5939321250988805,0.6211205695378507,0.6295043053419288,0.6602641982234336,0.31753561645443995,0.42918301551871774,0.3925988332882232,0.39093849730675023,0.5261418258510924,0.40090153015887164,0.5081651529586018,0.3911396818639039,0.35556409136221145,0.37653858922159034,0.6018785280068799,0.5005255181144455,0.6869988665083072,0.6163281131898664,0.4428903041670206,0.32118816754703794,0.5369545557275726,0.5633230136559678,0.4320879898959795
0.31496106620534536,0.47861915893163254,0.32691462617972333,0.6699991588152188,0.5144421240168597,0.34596548083460743,0.3078653441672623,0.5583616416925604,0.5538966401208765,0.4985661157542874,0.5071505125896106,0.5019345014128115,0.3800517234052586,0.6687072050037366,0.43963923213145883,0.21016395007279493,0.37418067119416265,0.26514128932379977,0.38169189552394167,0.5041312425178663,0.21133223726096206,0.6351002656139342,0.5051545592340877,0.34768593812949733,0.35560258696214075,0.43283408825807534,0.32404590300089675,0.20217096388047312,0.2132787240896316,0.37887033598600994,0.26211083830430415,0.21118183732354096,0.6296346350174201,0.3370686568214266,0.45156128858340056,0.2897045420958116,0.22336248612188114,0.5724331497442907,0.2624784273233917,0.21285845120182934,0.49361516413170486,0.2067337862107248,0.41814297240516074,0.3444180242389081,0.35970899246887644,0.2019495215570149,0.6821730401913977,0.4584815512417689,0.48625606652084186,0.5330612424560139,0.5987608955248834,0.5039545581545879,0.5810990527466544,0.4243676471814378,0.3856375702022441,0.6115669537410925,0.6326552620867314,0.2689033348934669,0.4713300934800305,0.5418212152430797,0.24179936831598342,0.6647984083713758,0.46005488635856534,0.5227287086583761,0.28912137404517685,0.3322173449777136,0.2605006083406012,0.3319993609269444,0.4461983826458994,0.6168147997286482,0.4668617075101817,0.32223179911554806,0.222310537445364,0.5109849179535022,0.410079948683324,0.692176933408535,0.5898799427058464,0.6041814096366847,0.2061175114401984,0.5888976664520285,0.2973066553377464,0.4928979361441529,0.4237107861578593,0.4858019252888399,0.2667217647114981,0.4284458407055731,0.21847234297583157,0.2204996740798154,0.5288690653870349,0.6758491867360898,0.5886964593523916,0.43457789028548854,0.22793537004618647,0.2225100747285521,0.27894613055402906,0.6879052519670132,0.39933053322058154,0.6217036459363225,0.5525712194742984,0.5027143296080331,0.6739130558268708
0.315205785309511,0.42744483123457677,0.6323614828372977,0.4758806538211218,0.3232225698130555,0.3044582084211384,0.5764405005211505,0.20639444712604438,0.6570960387014415,0.20920899405760152,0.5154945234403521,0.5023739807210036,0.48920557552739047,0.4371715254333778,0.6262151663443055,0.529666435145242,0.5909311407496967,0.2577609029895949,0.2249493187287212,0.21426425446488934,0.2736029927367964,0.5335039451272079,0.44701087787058535,0.5761261280810355,0.29586516837105375,0.3834815209852308,0.6442487742747725,0.6678572730142667,0.6608645774945858,0.6091525221003813,0.5441179392989459,0.6568389470137318,0.5570907959163195,0.6769681243627468,0.21239416601844424,0.6608210429472885,0.47787026806968735,0.25589887591022914,0.30745563486864735,0.6260796419574568,0.45305847742325794,0.6914088617476182,0.2587655547524855,0.4062517319500646,0.36593722154038,0.4580677180324608,0.5167189094348592,0.5308147346908272,0.20064793995588903,0.24448021689078397,0.21753191682797596,0.6322995731991385,0.35664612657982775,0.3835317209381821,0.4251856244733463,0.6246521986267879,0.20708313048106747,0.2593091371899252,0.5425815610704501,0.6819462613537985,0.5213932106485037,0.33056173423376156,0.4599322143933086,0.687490237790717,0.4640382732838954,0.3867538148641012,0.39171277741936017,0.6835167542958653,0.5594582633658529,0.5435864278110236,0.3160271608453734,0.47974231888178714,0.37837259926115674,0.3201007629269749,0.6477761430070522,0.3915779043813067,0.34139358123569885,0.665860198304184,0.2986731982280627,0.5727523923582614,0.5263735722321313,0.6602422141861427,0.6160235687836391,0.5526476089698207,0.3572858303485478,0.4477845056352746,0.6722478806735899,0.21160131529074677,0.5971659119100194,0.3259051752269396,0.29250847164689586,0.3161123072111598,0.2298754957484236,0.6959899121430839,0.6349345716125725,0.46052798431611364,0.5575515892785459,0.4782976814617538,0.6057894722254161,0.6223825957785056,0.31639521407660065
0.42987388532512283,0.5174238670947855,0.6892204153041375,0.5413446895480822,0.6488175053720786,0.6230560254935438,0.491031531839282,0.6468276800309445,0.3887108639126172,0.3896417652241557,0.5904828216213345,0.2672718328175055,0.3529126087292095,0.5042862254366711,0.41003279943347426,0.6703618549441142,0.6792530348095682,0.45129065440689453,0.4695309451828406,0.5623135459118855,0.42863246261708676,0.2950492339702384,0.5734845843114653,0.5688929446764991,0.32249055169588975,0.6164582598905037,0.5068245982100803,0.31815080515768274,0.5260195720843521,0.3168047631452804,0.33261647704000885,0.624004653401578,0.6647457846199094,0.3284413291791055,0.6640255185425928,0.31939942325117676,0.25863368277129284,0.2291119390356306,0.32105662041631666,0.39262327033861766,0.6637741900546523,0.32107899985301436,0.3827326724754466,0.567077937371786,0.3510370439936408,0.5421840758397902,0.41603890962425116,0.29822247632958615,0.567029450484568,0.21351941667834207,0.3461674125364894,0.3780907695841893,0.429109127493818,0.5399346159880696,0.42970249709301844,0.4971620561431081,0.4978895392089086,0.38663582494800386,0.6669856328773491,0.6779269154382213,0.4909254420472329,0.23584544014771597,0.4455637821279679,0.2922096633970036,0.44160726093645186,0.2942415772492709,0.5519276228244421,0.24021456003317126,0.6766520381979619,0.29768794471667637,0.5303281680246227,0.6584811753647446,0.32394315699203124,0.6671484495185649,0.3943373328301363,0.6802654086262949,0.6856819290672627,0.2940399525346199,0.6155436684655271,0.29671050641677515,0.3132203101655408,0.24206325201169915,0.278268473249089,0.5161094841235538,0.42462636502589324,0.5954721185844175,0.365998407413311,0.6843122836505293,0.22493627040968733,0.23146797720122075,0.550687449409068,0.6437694424864298,0.5977500958170747,0.4449085439334568,0.33482068065251,0.20672576465235748,0.4547257269598878,0.4378180986546383,0.37212294973511995,0.48903639398624243,0.5644073486906366
0.5504441181141212,0.3316264208921077,0.4926518443072965,0.2743872392919992,0.2608009219441773,0.5929279181295589,0.5468729510477679,0.5839644503158143,0.27623113710211045,0.6573092946852299,0.2665558066111794,0.6350184840988644,0.37618964565296564,0.25271704651706967,0.3433844802827629,0.2907240071069415,0.44533485934585704,0.6748726740198843,0.3639355807912592,0.5060494928410568,0.6458604378699817,0.5150369648481159,0.3810995704348822,0.6954195635879395,0.29370680072026684,0.46162800744775395,0.5983527493683987,0.20032443478861217,0.5510216260712184,0.3332494483529693,0.2848633613459386,0.33709723168414574,0.683408212919892,0.6459676296198427,0.30687722823185126,0.2585133865592223,0.38207630225723377,0.4961682400500367,0.6335723142905603,0.6830450625200388,0.5755766840865493,0.49950360635082786,0.27116601306550847,0.23701418818665554,0.4980134392646005,0.4695320528834635,0.623044053867051,0.36130292542755194,0.21984542867490509,0.41185413454551656,0.6845911519688697,0.5977874524682615,0.21688608682113658,0.6373394519490876,0.4358447448106587,0.38238401590897786,0.37336977040139574,0.49757212651943217,0.4652997092203812,0.5283136220841315,0.4868207325200233,0.27197228742085927,0.3286180043791591,0.620514786050917,0.531629257347815,0.4242003127073706,0.2913007159169327,0.20384551798865597,0.355943701594309,0.22742347846333438,0.44114206654372756,0.6109007263791042,0.34269933069114866,0.6238770807775247,0.5522821980432946,0.2626311646774327,0.5222809456347917,0.2758399036527716,0.5273954601374593,0.27135724236405306,0.396255683007783,0.4832971351190968,0.22518708571197088,0.2766541724272637,0.36020441252612323,0.4311600428859307,0.6292436469607172,0.2936365441769911,0.3737354752512628,0.4378881181400903,0.3478892779946844,0.5128738893604354,0.328301217387985,0.5861752105566216,0.4525770474255916,0.2431524417305551,0.5134994476159788,0.4846217518993786,0.3692986771033363,0.2055785391945107,0.3003507710871863
0.4028547644411763,0.2999570168966487,0.48874556046983886,0.5561624469631283,0.6280088283754177,0.5234913093418743,0.5445046106274063,0.5042209326152622,0.6927430288063519,0.33050028453995406,0.3331293402563792,0.26316682071092984,0.4428421629347662,0.24808085181546097,0.33507329844905187,0.44134046438569574,0.6787978079650085,0.6819064969200836,0.5718701170682778,0.3946250807878424,0.632580636688273,0.6377279009538201,0.6550986903982761,0.5200125241076065,0.30089639780394023,0.24554038638534087,0.6573877520200649,0.2277730540608015,0.34794502971899743,0.4434808835188685,0.21098834643673792,0.6534561293391219,0.3435604974361175,0.21425239946028762,0.6967949986132591,0.3556965904087577,0.6383824537426863,0.4267372269604405,0.5315629505274995,0.3205450747686774,0.45143766348851094,0.3288255962125135,0.6755419406325518,0.23047270620812316,0.3373369637524237,0.6465544382749393,0.4400179787536419,0.500042055952085,0.5258466857478212,0.2354637558867817,0.20886937045429255,0.6689205258556532,0.3357514226484404,0.3901565552177644,0.5410465853617747,0.31815193853636065,0.5665356850837591,0.429121091081635,0.6283049026436955,0.3392703178827412,0.3019112402316493,0.615844176937436,0.3631630324964168,0.40593432300025245,0.5968539163439965,0.5177882686872874,0.42086294521613454,0.324945254452279,0.5821004844258821,0.29021551724502853,0.664139800293214,0.2751580345614986,0.602466845973648,0.4121244333640669,0.29300311646675603,0.4011894691183856,0.3107759080999668,0.2679968254179237,0.31957769946527925,0.6336992362691263,0.2529711937399121,0.6862697938839453,0.20249922684383842,0.5291190771956216,0.628255992419043,0.666978824063382,0.2719927967283773,0.54910424822617,0.25367460807782366,0.37630574693721675,0.5659631787534968,0.37298661308153347,0.3566873641405339,0.2580273094012041,0.233219047164044,0.25763899564087855,0.6377373874726122,0.20559926269046264,0.5464329347676444,0.5843121149441488,0.4839441520637144
0.5653876805915743,0.52613483451255,0.4277792445473463,0.39135521393813355,0.6706659942025868,0.685968996285234,0.5256357018125148,0.2986494199492359,0.4239495812188937,0.44826874504130354,0.5789850262303308,0.5338885656611596,0.4574072147139475,0.5401822788935784,0.212028423366887,0.5883176609421819,0.30581611700347217,0.5282045697805745,0.2569866260685046,0.25723041796235074,0.217828821918351,0.6551164050767558,0.5022793788459059,0.38098096811457416,0.5938888705096543,0.5130411003123327,0.5100402589564701,0.4435213971815034,0.20396338933410435,0.32923125321246993,0.2545383473000415,0.531204926176388,0.3243104108934989,0.42508333202560344,0.3767151491449414,0.271599368962682,0.6791851164413596,0.6667096558136079,0.2423040930183203,0.6136826767639982,0.44418684135818653,0.5868679422904256,0.2755785654568835,0.26613706888877187,0.6453787504476021,0.6489097459205304,0.4329560813768044,0.6350788988074489,0.5337294757518151,0.292504871305496,0.3644771323410744,0.26803032525433496,0.5869743344654665,0.6926253623478749,0.47318916328300575,0.5279322070574464,0.5730462840668182,0.3121295512152452,0.36800062381671705,0.4061606056621173,0.497294156072736,0.6252462890743877,0.3271017722949531,0.4354444003638944,0.5757669556023558,0.24369249975231216,0.4564467291630892,0.2721898516828625,0.4695744483636746,0.5839113806577183,0.3184737055224699,0.6247392227423524,0.367402055040875,0.2953924317788851,0.43266169753542605,0.6380375410526026,0.23446653058705147,0.36378573310832263,0.5265815844845565,0.3787904343477927,0.2354119973663078,0.3659994843902369,0.6104796930682651,0.6840187612525129,0.2198895986988592,0.4846419088175346,0.25265171651342405,0.5401982645780029,0.2039461130040255,0.20737081285368664,0.5884399132152869,0.2372176613486489,0.3525908371435321,0.6790202120519155,0.6926235587237356,0.2807014309430334,0.48045096071792504,0.4795744142451499,0.4261903452663066,0.6623500791319978,0.5770169545620801
0.5822634678409719,0.3347847158846715,0.41715988610081933,0.44371184923772655,0.34945602060220826,0.24740888758102902,0.263179612486108,0.2903355640904609,0.3018266671824742,0.32113090460527205,0.3277300144817472,0.4278581727437679,0.4547865954130206,0.354439604063178,0.653648209960364,0.47656986166947723,0.5937384640167034,0.6621189162104216,0.2815675572879026,0.4139372418578172,0.41660520085730435,0.37723612521917704,0.20445293327581998,0.6079860538890475,0.2557796607769514,0.6977402989608794,0.5864792459555908,0.4900050088032572,0.27730320887079873,0.45769648569662347,0.33055437042890445,0.32616126227153475,0.6147646246912426,0.3903222119797173,0.425361901695402,0.621482368890059,0.2438953128594213,0.4973089265455247,0.48910784068651886,0.4126072846333376,0.6148873207120464,0.6714450306678463,0.43266793095680534,0.42807352549919986,0.45103186483537233,0.5615620154165307,0.5340301453494811,0.31141747460344354,0.23194767429967167,0.6746270649083946,0.33053487986685215,0.5192983423452958,0.6142190013718611,0.35013837527359315,0.5177167068284643,0.25395012057461247,0.6849657221878303,0.22907913752531295,0.41908733692048816,0.4684096210300116,0.595240889331682,0.2605642585362106,0.4204039869275883,0.3498557847717262,0.35600535784667,0.5893939580326254,0.20273047251591658,0.5745418206679831,0.605199215061553,0.6506811219210344,0.5134409016152417,0.36672766413612057,0.41361736627443535,0.6848680411437146,0.6405934132179261,0.431762954549721,0.6715315035554612,0.6114774377032295,0.6505449308298974,0.5414886172879605,0.6288270217309975,0.6458830706671628,0.24600829227033572,0.6826084883303292,0.3668065493820316,0.41994975479167773,0.5959518795964076,0.5324481527862488,0.6465299562180287,0.40028687538838603,0.3866440818380793,0.21584442477065985,0.43136268833482905,0.5620353851645543,0.35058935881310804,0.43136325683692067,0.309698884242639,0.5863939029357303,0.23025578067057356,0.5526915275002491,0.3894700058724917
0.2207980346935604,0.6267347936458929,0.4438609315905826,0.4996594848080645,0.5660153457622283,0.5275372165005943,0.5654284354073058,0.5811408422889288,0.4945757652823054,0.38281891545387836,0.3215710748581713,0.6514516183263935,0.6849624223191101,0.37883137754910445,0.2561553645361501,0.31126866355821564,0.5353336729935947,0.2864666849791654,0.590061136530494,0.6615151199373568,0.6818257575394235,0.20466275298744535,0.6790770824772083,0.5700972095648088,0.24202511613190114,0.40762023438936323,0.5500227372897545,0.6783427463305246,0.2820706968056963,0.263866640963477,0.4361735266309392,0.6840494468692446,0.6856896076290052,0.31395737052645467,0.35967357398572863,0.6540159928223273,0.567420745426032,0.6861582143288091,0.6465741815077771,0.3075480251568717,0.5798634297063416,0.22428261578005831,0.608916389370737,0.500778381222304,0.6780504813182309,0.6800162277345392,0.22540755451217764,0.28026074277788393,0.4421035236593458,0.6397467624730746,0.6072225711480281,0.6821850131758893,0.5090420585556703,0.3282817597808103,0.21255331975258868,0.3114632453602745,0.5376365989768123,0.6631374116715065,0.36045183365413236,0.6378521651446476,0.3974491241705782,0.3541356246842752,0.454422121402909,0.42113674620480757,0.656899934258509,0.43412847370406327,0.3386676936115377,0.6212827887509518,0.6993747558297834,0.5240857095906619,0.32523068446817927,0.31940753850658965,0.22885334810762992,0.23864651925704244,0.6574915475913812,0.24824355352477528,0.44217192413838935,0.5490608898465891,0.6251773913868015,0.28563547512686366,0.4188893395626784,0.3257400975068887,0.3279115449833008,0.3519196537433379,0.4935581072092336,0.20828873584279411,0.4043831431577639,0.2934150676163963,0.6835592542563174,0.4913645796251551,0.6340477344151613,0.297844993384806,0.6050078496618938,0.4073912306526166,0.2888473444247012,0.5806226011941164,0.5810055488076404,0.6979439534320304,0.590468630899082,0.27263362396356394,0.3612723708928641
0.42586345864557296,0.26332640285489756,0.594019487223907,0.4633492689562932,0.6722247845478767,0.4946540722629101,0.4614495418691269,0.23571257646643218,0.2746729524722889,0.6247630383820755,0.6953379889129041,0.4075895679491347,0.6050430418624645,0.5137928831653258,0.6795296368358568,0.31906861772204664,0.47241787150397146,0.4043979091712978,0.4708579879715076,0.33442904170942755,0.44887308135787196,0.5124020733623825,0.24060794199974606,0.5714936274038116,0.5532614815802086,0.6402288007257426,0.4129282759049627,0.23083456630735888,0.43073056451084346,0.26880458603098073,0.5237234067609089,0.22356576206565293,0.3869982031138476,0.2414214492437477,0.20168321703580167,0.6802786119507959,0.6980636740131401,0.4777514757659065,0.31947792497274197,0.6555495184043287,0.6615182985380532,0.6272544455853529,0.472184992283691,0.23735108044801373,0.24421946376839893,0.6483098938563275,0.6379134237286146,0.41719862459060886,0.3640773097382126,0.5220619600720511,0.6034939741277624,0.5658424710259105,0.5078014690253532,0.3157555222224157,0.3312524346103576,0.5620337406988508,0.6013099262255155,0.25806759404979496,0.29364852385565304,0.5402351310886857,0.3944932937357005,0.4816464336355153,0.507407476327818,0.5881017336336659,0.6028584753584537,0.34004812263072826,0.4706483644610856,0.26176196931094015,0.6210075843487743,0.6227239691665978,0.34975285949972823,0.2803101037110213,0.2350458891001333,0.4874882209557929,0.24571405019993992,0.5402974223102999,0.5390632005170731,0.5069937035658123,0.6382802509315472,0.38914034636456585,0.6511347913122887,0.21846268442306543,0.2563784939607038,0.4061027812592216,0.4969965093442867,0.2161878183196828,0.483717235712132,0.35369915824151565,0.6435734039059146,0.4666422958343654,0.4939469541087168,0.6728109055574416,0.5820855133272967,0.4191366330733828,0.4384398074780097,0.5239619342796994,0.30009960832525656,0.24432542024706133,0.3556182579728092,0.5891913989681151,0.3286618993849755
0.26537960016795986,0.30951129923113013,0.5394864560028532,0.5069740283467594,0.544157498648218,0.360979061340191,0.6504280634666357,0.4258851786640727,0.45685651596347177,0.6744039880010635,0.6896386339724878,0.5307713629582758,0.6724065962878956,0.4707536931702216,0.35364147278338587,0.35754642798327063,0.4794702949411727,0.5025180603275992,0.41980853495987447,0.6418857417559218,0.4133480593567752,0.3367118234988339,0.2039909391717699,0.6852846390788183,0.6121566415714721,0.5077797923426645,0.6152711269517306,0.6051446151254719,0.6659253901129125,0.3930338416801874,0.47742612104297033,0.24931401186012297,0.6826577128594865,0.6925635346412499,0.5945421239656008,0.42706049157416837,0.4482833754571788,0.4176834664939285,0.3466553182611152,0.46389570277438325,0.22672253475028342,0.6959435309685842,0.41202506758207036,0.6636832920185531,0.5621357303300017,0.34497145843196697,0.3110263090873012,0.697837716881178,0.5860631775270178,0.3248307370746705,0.2337225240886303,0.5484582726506892,0.3515082284055382,0.3106654063138587,0.567468707574668,0.5396306613271737,0.44070633738009557,0.6713279663851865,0.5398191830287455,0.6467097803099546,0.29527647117485956,0.3483229550404443,0.25226006684686414,0.35228999893601765,0.6858891646031902,0.6814281230461503,0.5801931772754954,0.4605241313914786,0.5903898993961225,0.4767434756068599,0.2017542523357217,0.4507735369718077,0.4994617230055262,0.33287417875150205,0.3016467821208308,0.3369045474028256,0.5118138747589328,0.27303205746777626,0.5601641506647497,0.41133741048080474,0.37667392960266277,0.6036156458401765,0.45303162471826325,0.3892002805954641,0.6390773577803022,0.38412581609973784,0.6295001414716852,0.4520993492312791,0.3040035487275036,0.5064090940555419,0.34266176313498065,0.2735775660880976,0.24326468569888976,0.320848667898721,0.5682773210010956,0.6189996111878713,0.6308604229909607,0.3350741368549718,0.530486466472671,0.31517702995746477,0.5113810569841202
0.6436054965208484,0.2204468413010407,0.692612833862703,0.6135439387292225,0.5808310581468492,0.5456814468558955,0.5851369444569392,0.6972976780202729,0.5850956485562703,0.3758003923341635,0.5069609264667516,0.36846150807991784,0.6850327216283354,0.6500698664128501,0.4838101137314142,0.5906368772467245,0.654843471485882,0.32180013182827966,0.48974092846440226,0.44085815962627417,0.5857956774214707,0.3895412606669143,0.5544898198540957,0.4014965445058689,0.2555374323222521,0.2535607158041586,0.2595281622765937,0.2162599379660809,0.466486585798386,0.5359513409918675,0.2633642009128448,0.5059290001108059,0.49887003912895594,0.2735470256984312,0.40204129998063165,0.5775678548854919,0.20837801277600576,0.2734739419491941,0.6979141871623722,0.5667724485745298,0.4320651396096279,0.5149007060458126,0.6231104852992372,0.6211522927768183,0.36235071773060357,0.445645711272612,0.5190275482493218,0.23594845825730204,0.6728982996953761,0.41637091283118643,0.38543116362896346,0.6535501807249129,0.25914332437655235,0.21963039869355427,0.5425012061501369,0.39250148405255203,0.5822379044150529,0.23427230576337776,0.39187857176769314,0.3176626060230561,0.5698032664732986,0.31358505521368574,0.42897266738717743,0.6094387755683559,0.6576952677322347,0.5613028968328888,0.4146142057664768,0.4859929373713665,0.5448449735762468,0.637466313287059,0.6442869923801458,0.6654847457441735,0.6053555494536911,0.2733989679708334,0.5738197666931215,0.6072961867816088,0.6389357138381918,0.6624084473089129,0.45457990675922366,0.5275463475621551,0.20477638830848455,0.48639178384621695,0.43659919053696983,0.6811530223473996,0.6508546493013635,0.5988019647166928,0.22849709226013337,0.40101442114166663,0.54802111109728,0.21483037178214054,0.3179068958764006,0.6437535950590643,0.2648903836497121,0.2256867521693221,0.4902928781423346,0.6732323077138901,0.6173123699543193,0.6873862523604777,0.5767615768481247,0.4186848870422858,0.6733082197949369
0.41331663922665585,0.3750473081721222,0.42409795888371693,0.6069869771912322,0.6588467749244441,0.3788410549798378,0.4311237282661312,0.6491636616521914,0.22352183226433447,0.5919343470569256,0.42710887911716955,0.3882591755248356,0.4234606459184195,0.40934533775078985,0.5783093090939029,0.6639737611220777,0.44572791272328927,0.6163668928912556,0.5659722678561192,0.3653403927782384,0.49365690726327377,0.5334078375078473,0.21174968594523152,0.3979777756121201,0.6963190879237284,0.5186282135350467,0.367122034645888,0.32501201970036386,0.30474080105037815,0.40082070448260376,0.2966328453038048,0.2675930910267641,0.3820316422134794,0.5034998463228966,0.2731995910430642,0.22217163693143005,0.2173164090318458,0.33369212621798416,0.29506614525815084,0.4696276801450761,0.42786009352544974,0.3623833071695093,0.6167714170754803,0.4524734964982632,0.2457649960420496,0.34788217703684765,0.6866696330982958,0.6884886603790071,0.3273358177735596,0.28361806439745696,0.4478440731086222,0.4407324590834233,0.40506884363450857,0.46467861374697644,0.3160976892591004,0.2574646707718436,0.4852307292382175,0.6662989983911874,0.26887463831014896,0.5524073621157312,0.4189483436901925,0.34698829486440197,0.6265546091962129,0.42824584726859094,0.49165600703399504,0.4215281434699647,0.24062479083477645,0.4974523434500929,0.40942048751906057,0.24337830303381486,0.49790586720948743,0.20493546601961377,0.30426019412729616,0.5905347684526061,0.21896371242936724,0.5233410490275694,0.674853473103662,0.2855962290865034,0.4085559301047873,0.48774884868549906,0.42520791936692215,0.5101888430908836,0.4020487625834991,0.27425206451096024,0.24452217991222785,0.5722215780885722,0.3193119747609524,0.6237251563833617,0.5715136219109201,0.22472659217118085,0.3006055585318676,0.3459963282797691,0.49724112441302004,0.6049135001575694,0.23016662757921158,0.32480447593990547,0.3881048811898604,0.29168857729408315,0.4726460487531745,0.43900123967915516,0.35824782102557995
0.45844344346017835,0.37791078217555696,0.3715970337336454,0.33269776267849627,0.4702189671571941,0.4220576972261634,0.2981623920636119,0.2064831304490996,0.2754647703064597,0.22141730074926963,0.41579941681921606,0.3125484269561792,0.4102276662623623,0.3647249366850044,0.46900740534328333,0.5619334143943004,0.4396569690669282,0.23098403046956545,0.208755240707454,0.3066155831387696,0.4124837556104268,0.22245251431363366,0.36386690241994446,0.6435128539475761,0.2450095109260847,0.6742582548847867,0.6283358877545597,0.6158905780067694,0.6318292554381455,0.24002513262649156,0.2755840469893484,0.2671862132805411,0.255620905375688,0.36385560976611464,0.6151084414752637,0.32598107181561464,0.32211083949613,0.5379443787103066,0.24846255106835857,0.38013999618096195,0.3477131534221105,0.6236504320647106,0.4572506388127299,0.5232367820609705,0.2645171691031176,0.664459130277955,0.3612260770625523,0.5534194189215806,0.6773130899577717,0.4543244308080012,0.4537676293669277,0.25862471177922597,0.3951377782115646,0.6262324694407677,0.2675532535494742,0.6587520652803287,0.5336547071933283,0.4104799175295192,0.4732492092628286,0.2752483038683505,0.3087416465688655,0.3432042135333364,0.3924230590872072,0.6577609974964923,0.3837845124825785,0.46191762019311045,0.2810130807089211,0.5679866005260352,0.4801404245333507,0.4199537289916859,0.6735932327790968,0.6453254220709184,0.5297556361722486,0.6609062030782635,0.48239089746653624,0.6134685758576334,0.4047300820925931,0.24337209567397383,0.6970742947645547,0.28281576041328627,0.3257550196294946,0.28155169471241975,0.3687397589893725,0.3446400668631694,0.5005511242746175,0.6982300072096421,0.22625452774278426,0.589221556646661,0.2639959622032433,0.20991751231610783,0.5192884100578474,0.6366576144346836,0.28814925332419766,0.37080689232097364,0.2843751021115386,0.6532537846514586,0.33518021620906124,0.4223564457030512,0.6473706381415392,0.47643460188133585,0.6664249003843529
0.6632252073235194,0.4308005099468605,0.49119130636668523,0.31515713685646846,0.6952679094005816,0.3391583302058975,0.5916534939904756,0.35648453007761294,0.35652113104489247,0.25193146335047306,0.47994790539828985,0.32241616906410464,0.2741973788788094,0.31333334725836676,0.32554657853201496,0.45204172805974296,0.39296151827778114,0.23774514051098006,0.4680142914479305,0.5938737257943822,0.4871175804469976,0.6872701261258853,0.2495751040722357,0.6105761683790547,0.4528463349486665,0.460797588772614,0.45954996732477416,0.3626594139538192,0.3622775071201262,0.5159222533212379,0.22238254269155822,0.4943930226509017,0.5622953591054577,0.378163146737709,0.30867846972981666,0.30669345636145223,0.240919826672283,0.24485965960320416,0.28334393409729636,0.20958645252654357,0.33311770376209215,0.35320091462398007,0.6976106266780654,0.6958438688280626,0.2935244234185424,0.30651607904846223,0.4459531852802162,0.2743921668688551,0.4520197040790958,0.3996948524025371,0.3623114455249362,0.6113025854048876,0.6140588499965287,0.6939447334918633,0.31154405704079113,0.644138748571873,0.46892296483696544,0.49572971566617596,0.6481466071662632,0.67131539818916,0.5634056288503186,0.3739212159675619,0.4448339948342527,0.5075269320270549,0.6143200194930485,0.5289738526887777,0.3827238083438115,0.4089402256801472,0.2252188510196374,0.6621339302185679,0.24405950666474663,0.48996539534277234,0.6358259406194109,0.41043262475750353,0.6000627437556857,0.6019080398181476,0.22992301929312348,0.4060718628653608,0.5455127433435217,0.41117675453444147,0.472583624089678,0.49722895230332,0.27561468836562125,0.40599060307426493,0.21423161084178294,0.2748130415976722,0.45612703168824925,0.4867929989694051,0.27311720329583117,0.5778096351062102,0.3864939439354963,0.6603249644138359,0.39383136165270327,0.2749054882163023,0.5789852293403788,0.4839004002196644,0.3933440841220779,0.37797858171613075,0.27538448677863553,0.3704173137330057,0.21467207048916753
