0.249816047538945,0.4802857225639665,0.39279757672456206,0.3394633936788146,0.1624074561769746,0.16239780813448107,0.12323344486727979,0.4464704583099741,0.34044600469728353,0.3832290311184182,0.10823379771832098,0.4879639408647978,0.4329770563201687,0.18493564427131048,0.17272998688284025,0.17336180394137352,0.2216968971838151,0.3099025726528951,0.2727780074568463,0.21649165607921678,0.34474115788895177,0.15579754426081674,0.21685785941408728,0.2465447373174767,0.28242799368681437,0.41407038455720546,0.1798695128633439,0.3056937753654446,0.33696582754481696,0.1185801650879991,0.34301794076057535,0.16820964947491662,0.12602063719411183,0.4795542149013333,0.4862528132298237,0.4233589392465845,0.2218455076693483,0.13906884560255356,0.3736932106048628,0.27606099749584057,0.14881529393791154,0.29807076404450805,0.11375540844608736,0.4637281608315128,0.20351199264000677,0.36500891374159283,0.2246844304357644,0.3080272084711243,0.31868411173731187,0.17394178221021084,0.48783385110582345,0.4100531293444458,0.4757995766256756,0.4579309401710595,0.3391599915244341,0.4687496940092467,0.1353970008207678,0.1783931449676581,0.11809091556421523,0.23013213230530574,0.25547091587579285,0.20853961270955837,0.43149500366077176,0.2427013306774357,0.2123738038749523,0.31707843326329943,0.15636968998990508,0.42087879230161584,0.12982025747190834,0.4947547746402069,0.40889790771866297,0.17948627261366898,0.10220884684944097,0.42618457138193366,0.38274293753904687,0.3916028672163949,0.4085081386743783,0.12961786069363615,0.24338629141770907,0.1463476238100519,0.4452413703502375,0.3493192507310232,0.23235920994105969,0.12542334011440948,0.2243929286862649,0.23007332881069884,0.39184247133522565,0.35502298854208525,0.4548850970305306,0.28888597006477973,0.14783769837532068,0.38529791488919807,0.40431401944675904,0.3245108790277985,0.40838687198182444,0.2975182385457563,0.3090931317527976,0.27101640734341986,0.11016765069763808,0.1431565707973218,0.11257167427469371
0.3545641645055122,0.22574239243053068,0.3034282764658811,0.4630265895704372,0.19971689165954998,0.2641531692142519,0.4022204554172195,0.191519266196649,0.1307919639315172,0.21590058116550723,0.16448851490160177,0.47187906093702925,0.4232481518257668,0.35336150260416943,0.44858423607508713,0.4214688307596458,0.17462802355441434,0.45702359939599113,0.31573689676626027,0.422976062065625,0.45843651996939727,0.22720138998874556,0.1440207698110707,0.1911740650167767,0.27084311545050255,0.42720590636899725,0.4442922333025374,0.10278085221247629,0.3042989210310263,0.2669644012595116,0.1888431241882921,0.14794614693347313,0.2350460685614512,0.47716388156500766,0.2292811728083021,0.30751624869734645,0.38120758355807116,0.2454518409517176,0.4887128330883843,0.48497891797684456,0.20071291833014568,0.2988994023569542,0.22035132392670786,0.21393619775098704,0.11475477894181313,0.3438257335919588,0.30107160929154464,0.12059150049999574,0.2114585856946446,0.46330635438666146,0.19582475626678897,0.15795794883648925,0.2957811041110252,0.49426018164424035,0.19682210860460017,0.3688542189623515,0.4046478461314871,0.19505501759695987,0.3912865394447439,0.2471132530877013,0.35292233223743186,0.3534118843043579,0.31430987362990337,0.13611590802176332,0.43412099823569517,0.22831202598869435,0.1746074041599417,0.11631005662190558,0.33635717727529674,0.37102574473691297,0.10663513157114246,0.3048372233197124,0.1905983100791752,0.35806911616378,0.16974657160199658,0.37637509524098645,0.25469413852021494,0.4746919954946939,0.1550083776583973,0.23642654042010341,0.14538940849623563,0.4698774473114251,0.45093574135239245,0.20317665108606225,0.3639936184136716,0.4268888800804863,0.322080324639785,0.3118602313424026,0.19674091636018068,0.1372411071223597,0.4588863031813307,0.4601672228653322,0.35324058290930715,0.2356119164194803,0.23968382984506437,0.3903822715480958,0.4588441039810308,0.45483456970604697,0.41195021834304957,0.35681265846171517,0.13365598599801953
0.1646514856378455,0.4594216754108317,0.342571623863836,0.10367882064665186,0.14058861714641285,0.3654007076432223,0.10202463353848748,0.16432322056699947,0.3194935157466344,0.37675807907707737,0.3607845038010402,0.18970772378422393,0.3848716885390143,0.19489963499872004,0.2301598792637071,0.3985965620472097,0.35985315961888587,0.43968936419767124,0.3630451569201374,0.32732344133418867,0.137469907131237,0.24708632122377341,0.2060809470726902,0.19759585735163343,0.48920422190097823,0.2572390898667042,0.45681862207084534,0.35245545039890513,0.41792452141665937,0.3010548372420768,0.3307615538505436,0.29700707752754557,0.17809719511921782,0.38898084610460215,0.21230894497634234,0.10972638657258155,0.35818891836286715,0.17084427176281958,0.4761834337411658,0.4815714308010349,0.46594575608817945,0.24806348010217777,0.10618264661154697,0.4713274250350902,0.2712736593269257,0.48666192761746785,0.4854479908357011,0.441203782186944,0.2177795568278343,0.2540390914407701,0.44045466860674276,0.22676880206251107,0.16779709867443698,0.32272050498334004,0.47446190966431245,0.37841191866998924,0.32802446803574603,0.13887059750830744,0.34600289067966794,0.4960215400417053,0.15603360609460962,0.3073318609454947,0.45094922877118215,0.39630744710168175,0.37880629639810726,0.38099363359484373,0.24379646048790207,0.21743673770579736,0.4237444621914055,0.4240453578716723,0.4468289274320415,0.4652962210225885,0.3045369595443751,0.30060651787487985,0.4193180715867101,0.35998557231110606,0.38078675090308134,0.41831706777444044,0.4560021367270265,0.23519806274061433,0.2502331810559776,0.1375927759363476,0.3313120563984696,0.11437690951869683,0.2862392072529841,0.31705785388303065,0.21461650085131379,0.3363333042276043,0.11220009997561978,0.11493927549968577,0.42904022426386335,0.24407625656450516,0.15082420506075392,0.3088973040219217,0.4079974212394444,0.1863284109987373,0.34915619032760015,0.1341389859975072,0.12067268846744308,0.3125418526272592,0.3162540486440426
0.3549719605992826,0.3904365334890646,0.49034083178501386,0.30652013932047817,0.2291825891764984,0.41807447790748153,0.2083329005048297,0.2755885682822544,0.1313825525369064,0.11014029736618301,0.48505936587117005,0.4343920482048823,0.37838968243747917,0.263581177765708,0.16931772802833833,0.1625748170684344,0.20009715926583815,0.3196906658824482,0.385838369080025,0.3640789506870925,0.21197355877837715,0.4819461122652776,0.3951587666783074,0.3217416210045603,0.34468829849374094,0.267840024971116,0.199092395800463,0.24238907146050465,0.4031384441857476,0.10575739545190235,0.1464290562027665,0.11840105680870111,0.11629152092758806,0.44218423360440295,0.3814631437520095,0.2896695316349301,0.1391336642604006,0.29664635004673295,0.2893887083122263,0.16928074796400608,0.27354065969518926,0.2594018937589494,0.34634003922088663,0.3540374603470575,0.11812160390881782,0.2498450458505885,0.35034396628569453,0.3012545034320351,0.4425959364753289,0.363477452647578,0.1651737708325719,0.12822749896017194,0.35696771128252625,0.11060452421664874,0.3343102325093853,0.4760920965699831,0.3301896711503516,0.25526797048260874,0.3573152873769413,0.2833011561966067,0.318246715726374,0.47658592351061013,0.2544410551203097,0.4844762255295657,0.46214025678242554,0.1783164539157186,0.1277445203500662,0.14031120055097068,0.1072887302606199,0.13777718430237137,0.37320270936654276,0.1284754593840916,0.22759025211750453,0.4379501243877818,0.10930877429433035,0.42578739303557434,0.21274190990935998,0.1472659310486625,0.3786948661456603,0.3515771387119536,0.4509888054108212,0.3940284175215544,0.42139237215393943,0.2128138290285226,0.17097581751188912,0.40024590065634336,0.42273389570690567,0.4962020568002693,0.26504707076457057,0.24880723431711327,0.4105651842967988,0.23632141610120716,0.4723029302414259,0.4433651007372047,0.27159761095000734,0.400348427116599,0.40181714963387294,0.14124954753437305,0.4610211626718267,0.30210094897914286,0.43058298644309667
0.2280198404122447,0.4582092913984802,0.25568067149366525,0.10433506059211935,0.46215279056770553,0.13651467071445345,0.22772545503616595,0.480024786820322,0.4802428587750225,0.3293751552493145,0.3527348848679197,0.2793782087913279,0.21728430867922582,0.2314658181479664,0.36900738243081543,0.40094981177507205,0.4166316174903394,0.41584725711782156,0.13648244121947617,0.29776812188103263,0.12302350400665772,0.31981155292949426,0.2766122005493508,0.45508167310331993,0.2403660050208315,0.14682680657104236,0.15719667282113436,0.40460425268698896,0.34728722532650447,0.14044907044911611,0.13364272244599898,0.38038765258364804,0.12910520254567742,0.4287440237161425,0.3824968908625985,0.13253951225675992,0.13393508563407677,0.4946558314004702,0.24970831830244813,0.24825685882675638,0.4251198269030011,0.4788994309535435,0.4944004255291484,0.4013512741035766,0.2505038342123663,0.13340028667946752,0.41085876637097474,0.32336169989432206,0.26968880369879056,0.46254175403789444,0.14447899292246055,0.29705004171634364,0.10454145790696763,0.28746425679765053,0.12252131027273494,0.14752716650722877,0.14701049871084196,0.3596841208464254,0.39841795170616934,0.33334750603886387,0.48486901938981675,0.24994823180948164,0.2142848345127443,0.4474396512757841,0.18943833540778107,0.4852890157762445,0.10486178987592654,0.48795153068305563,0.11726396478023045,0.4564572454792285,0.3110804436345199,0.4971859184477202,0.12951862589415955,0.3215417137605283,0.4877210142476396,0.30923913766805955,0.351759455254105,0.3782994755938469,0.2818164259071093,0.3510232320336254,0.3337257247692401,0.46046320419639564,0.11817855213658315,0.21238527583689215,0.48016459363062347,0.4561055135563665,0.2822627011142852,0.3480530391206147,0.21095247319245308,0.17524846388950455,0.2854793619759929,0.24134089121042113,0.3334624447403488,0.13109385478599395,0.4897579230664666,0.4944842977918412,0.37926468560789806,0.31443854653764813,0.2238110465145311,0.4255180078827795,0.3738924690215517
0.1650467757379565,0.46437087379753705,0.42901489716926766,0.4799199653167696,0.39028780335534397,0.345366078374316,0.26729721451624755,0.4730913933416053,0.4464255558001634,0.11808746804247577,0.11054678979890081,0.25058534675121985,0.4242213323127332,0.4949104517259778,0.1601667564414113,0.3376522861408541,0.2523563426524086,0.4879657591258413,0.4368475692542835,0.43533148188445514,0.2874772639179881,0.26592780093506607,0.20936282877228252,0.12255019866037085,0.44588895050202126,0.425160403652031,0.49988706931445226,0.49865473482956213,0.322172682241051,0.40759496607220425,0.4779062919529712,0.4398589562709646,0.19893924069727908,0.28021765412403743,0.151663766060598,0.48162041090348895,0.342469853780352,0.1914571222013851,0.3686802737623427,0.3472512961831583,0.24326508721313622,0.1454230368798516,0.3686292782371199,0.30812308036151737,0.40892735669425573,0.30806540044479735,0.440872600127416,0.32076273550979423,0.3243751886141545,0.45066144106333805,0.2613931464849588,0.1536060913802563,0.1115130705253356,0.4020549022694476,0.3481238205413859,0.3816319072396894,0.1851856646035643,0.1545485902347079,0.10581786626715278,0.2402350235226388,0.3359670747418533,0.25689761803989297,0.27498996880949167,0.4616634777974994,0.23930218680932014,0.30559579566392436,0.41346120509645723,0.2586171129285081,0.3488346800911494,0.4449454834986981,0.4798082494630569,0.1588293923716152,0.4706350500645978,0.2968465172318153,0.20329775531958336,0.28365430249530454,0.49201303011419084,0.29704723759714785,0.2315006441150033,0.3533603417266903,0.19605824751127723,0.1303453312434656,0.1515518887642597,0.151218335583109,0.16076107740491774,0.15553086905976407,0.3563498979212859,0.17275203375965792,0.2382669133295453,0.45871536396240475,0.28958465610514894,0.36702309540841094,0.16892794848065196,0.17691560752346833,0.11634744650659155,0.16757402522886583,0.21143613561278346,0.17080419371069872,0.13548101350282227,0.14825434844024032,0.2843115072130903
0.182533487362317,0.2457079444192302,0.3013669083419428,0.37615793145174614,0.11572485593643958,0.4197641595636171,0.35116015579636317,0.13270361277954879,0.44943144964271087,0.4683489602127253,0.12443118394194551,0.2107510592588815,0.4224805119172246,0.3993038761534634,0.17380840774255094,0.18373972933468413,0.24818884111655282,0.29380919407640854,0.3473019086121184,0.24756545582790898,0.2850138864532592,0.3989883752535026,0.11467328115623916,0.2009747777376083,0.385339834353821,0.45808273507487973,0.30467097684626643,0.3128453941061263,0.14286880453591044,0.2789649467293819,0.3130469065820093,0.19698820145389187,0.2076972923797524,0.2509136652418491,0.10802847911109055,0.22883166623327134,0.18457920279861786,0.23099894087116588,0.1479048527277005,0.456210912295958,0.3374369814216195,0.3716409276577959,0.4156684954429354,0.29937687957162296,0.13476811523496948,0.3148426167274191,0.33473644720835166,0.398175789673732,0.27266381849187177,0.1510321211182255,0.2135103623194898,0.24523291855945406,0.35836689653264053,0.32831132186756473,0.2424386903591385,0.4946060995171919,0.34230992774275487,0.1948907166943978,0.1407129890481615,0.16114365567373282,0.19838309135380328,0.1642725493038223,0.1746268096205223,0.21403806747753884,0.16934943811790193,0.4587061698505701,0.13209349826465688,0.30980455582810185,0.2641587307958646,0.4929514467634426,0.14481556086722094,0.25914223961829663,0.48778817331014757,0.4462028503575921,0.42682882837971203,0.20316113081797593,0.16835503495602633,0.3674572879697724,0.4717503956510344,0.3227051572055719,0.32864507578796,0.21199163746411367,0.4077971732767748,0.17481749942300934,0.22947169456169747,0.27017457544656676,0.30304415147378205,0.19696389296603212,0.14593472989568143,0.3442480169766531,0.2154522212961023,0.3324952885690449,0.16174508610968094,0.292456040741927,0.31303577302063434,0.12072941472897077,0.23464171127756825,0.1537658707755897,0.12534998818910711,0.4959840929559781,0.2289415379898892
0.423949778341854,0.20185626190550554,0.3726010888895718,0.40409114395587464,0.3382554962431377,0.28863047542006337,0.26473636565890746,0.23954730661719814,0.47181165769913036,0.4322477631150917,0.48601076426660506,0.1497188893942179,0.3923469900814577,0.47533618272841516,0.17249322646626408,0.12659850694671101,0.3964482597160236,0.32978924527196474,0.43673151070330885,0.1559089506505158,0.41810692474395605,0.18065092801909782,0.1654623771462818,0.1657063191723972,0.42582988809255284,0.3660788882784801,0.30922616990764773,0.243532193649401,0.45088021632524333,0.25697804296905413,0.4266397757886309,0.27565396342808735,0.2507777717699631,0.2850719142678426,0.22055114966565684,0.39904375207050047,0.3010881560369917,0.19288507805872693,0.4598298293098274,0.2535564885492846,0.31742114444559544,0.4625888443858188,0.3496951983655968,0.14675921628334565,0.47593284944539005,0.35108322122856717,0.23396224586283446,0.1557088290653549,0.41761007570811837,0.3480291023714054,0.31338443679052863,0.4575570332203831,0.41543888448981237,0.1606699518931005,0.2246888271182193,0.1993956559257863,0.39757851702907077,0.11341297389431176,0.32795587394852665,0.40498347429627624,0.4507062547046998,0.23683269948636299,0.4285029218688051,0.1442526947820829,0.4385809166938073,0.15099546493279298,0.2589149162241469,0.41891814631182145,0.1599669709395095,0.1917005580930566,0.38890102735722654,0.3880146146184298,0.35645905315411897,0.37757937778684003,0.3170897773390385,0.2007196235627811,0.23827839740156778,0.17263908672057027,0.4633802245334514,0.33335671790644816,0.26034056670545597,0.28480232145765305,0.4789133358447262,0.1613405612464321,0.3344919328067189,0.3023554715537864,0.34458169417385914,0.1072440735283362,0.4488495635776606,0.47284731299344496,0.3260532734356836,0.3786603295507569,0.4689997524709183,0.3828954537253595,0.16101561716570456,0.3305153440667253,0.3426860185531424,0.2696522685209544,0.3945776942498892,0.473746805907606,0.47022740516271055
0.2803357485616529,0.1452952183363021,0.4939364795849338,0.43555923457837364,0.14986507248130676,0.468336753046949,0.4479585448248513,0.3075352228504289,0.3365101742979717,0.2596010815480521,0.12190465552881254,0.23407889665836037,0.4211413794392046,0.10185280920184114,0.23339966867645767,0.25926747743637735,0.31495824117516913,0.4679422465651042,0.23853839774638452,0.2387812807584911,0.39500049924389935,0.28088717635592286,0.1898419291759928,0.2809758064530774,0.15634280815191995,0.17055479460248935,0.2993471090957919,0.2675701798018192,0.46593836042724,0.24495755964665325,0.33223534011121736,0.3529057151678122,0.10523778263533345,0.36541494880668424,0.17121438674790057,0.48442812698778204,0.15946509110124518,0.26584964949080947,0.13413986723145754,0.498749700738379,0.30087800413249705,0.33815400692801756,0.126830590955371,0.3999841881596712,0.18396223723823432,0.45922171577628557,0.18205585619280287,0.17627508826546665,0.11461986713923795,0.2888267780439997,0.3259364533050466,0.12628345577134095,0.41021104667800423,0.28131553389921105,0.309756107731032,0.2763050987752913,0.26030522435013037,0.32385613252328715,0.162096098372285,0.17277125219810846,0.44471424840540696,0.47844618485345314,0.24932372651190118,0.20829786925742153,0.3575998172956063,0.2634936684392386,0.11015454226413796,0.16246103894647615,0.38638889153895906,0.36356957676406054,0.1108383970013934,0.1887888647731798,0.19242991863522857,0.36875709743949137,0.10788421510174567,0.14164343279382954,0.4199664341492758,0.17141786482173343,0.3610984431407499,0.1952731124186906,0.13977655710373807,0.19726887639978163,0.3889067727422637,0.44227858724251434,0.43208794582679666,0.25887341184738194,0.36723405462825853,0.1819937181663284,0.2172590921044053,0.4585343274084479,0.10520076940429442,0.13420341234178723,0.18315450205841094,0.11061288154952789,0.17257417403591893,0.3332166243878769,0.26856982023699916,0.45706868443078996,0.42697742469537636,0.2367269406791504,0.203769373372517
0.2518769632669068,0.3361179770059231,0.20722545632915051,0.34965956313965363,0.2637646608764962,0.3208188723407921,0.27445061165412665,0.21778630381676709,0.4793813227848627,0.4054423176639044,0.15604527030658102,0.4473871903591652,0.29497247929980547,0.45782089075763654,0.41994210237892615,0.27008540178769336,0.10898772332804696,0.20747094375397845,0.3166536858643468,0.35339128793045893,0.20315507417328094,0.15574242962912965,0.43397209471971965,0.49376087228142085,0.31027607292107434,0.1686717143393214,0.20892293060774758,0.1073562706189867,0.4657195226241996,0.14710043315605648,0.33060659020570143,0.2096220882748824,0.3216712010063174,0.3605681553407457,0.4318967214828807,0.1825685087042413,0.1043983314633922,0.1547542520275229,0.46000745673924204,0.4495560310250061,0.3389652408681233,0.34020674417346136,0.36601466981850217,0.17014851144937984,0.465764778369984,0.2675082099568292,0.253255411299799,0.307567082113135,0.11878638671002202,0.16651334750243177,0.39521344657054824,0.1331194671700506,0.3412608437865553,0.1981396438725284,0.25571824561679063,0.21547749470827995,0.24226908658597968,0.38761836207369826,0.21884868624927,0.3265618561187589,0.29042016087963984,0.36546846614505923,0.47473189572990326,0.3930288388841001,0.18597615143630272,0.11247325402451387,0.20490561771993004,0.33803117228010193,0.12057032539370015,0.29854649888049456,0.33873713956675566,0.23369755632678435,0.40836488149832884,0.14263930125350874,0.13005511269432352,0.3912755024814414,0.2981965264824794,0.3753609585710944,0.2739309354414985,0.19856081329564274,0.42764092706967993,0.4197663515875917,0.3778785883417707,0.20885805489198508,0.3360922667476348,0.24438955877601073,0.13663282933065368,0.4669254301848972,0.15472745236758456,0.480094941528321,0.2784023091831823,0.17405317153544786,0.31676037895134324,0.4491783343505633,0.3928899545638245,0.4226244591445799,0.3635133466842869,0.37691062580714096,0.4396782606261277,0.19986720354367438,0.2957699854572562
0.1884837767278409,0.4950672031986588,0.47762373587464535,0.11577072454740236,0.38223006900627543,0.47009932696626633,0.1722301380509334,0.32717809222105176,0.4661953190352167,0.11357839143431954,0.37896810689873595,0.21893960294902032,0.4697584781506122,0.48842329806614715,0.47770659564537354,0.28968568666298555,0.44481706039572544,0.4378197594140282,0.22764018929730226,0.43156618966027094,0.11480305388619705,0.3385079513928212,0.19200353491508124,0.14822675431091153,0.13078128065168368,0.37851551035125597,0.23594998550722646,0.38990670861150456,0.12614253631957695,0.22611613513224416,0.3157965169501349,0.41628926593558546,0.22750100117282798,0.35035655057480364,0.45439109929447485,0.3463452752729218,0.19318378990145352,0.10976031262261521,0.44803954956037195,0.10850776434015486,0.44988066907367974,0.31157485361088477,0.47562707940515847,0.41951329430946616,0.499173644213335,0.24028472618068408,0.4068753155724508,0.26077236544369686,0.29195024812156356,0.35100218528734806,0.44947084567453555,0.4936333876797181,0.4073093655458073,0.26710671286693355,0.26854280091082805,0.3950329206355566,0.19551085830732096,0.14418964525255787,0.24184886305631062,0.21489559666163272,0.21852324818239605,0.193443100419964,0.11683727585454476,0.10714957389336553,0.4950889558944126,0.27110925349434495,0.2537306588638727,0.37185891307722796,0.18730155514602567,0.4799844735800901,0.4145380057662208,0.13576440092490383,0.26703231031397134,0.4516473230248659,0.47789280891656416,0.28696060449994787,0.3453645556842831,0.1668135784368301,0.4964674504547907,0.19266868055337738,0.47709270965405026,0.3598586595969474,0.34309471795154367,0.3050754044066034,0.1922679246871035,0.17061121280220332,0.18819448362807015,0.1745753048577018,0.41183378942670135,0.24005010366669205,0.12313707062535856,0.4876410520563246,0.4535143539853703,0.47110091327808523,0.4979631290585741,0.16955809968779492,0.2584968075610635,0.4032953902816365,0.3784082472215169,0.16155836253594202,0.4263332499962471
0.18977622873466427,0.18952704592904923,0.31478976915736545,0.3371759739366813,0.3320344831351245,0.13659473495910196,0.4509843450521521,0.20624001703548245,0.15180596851312167,0.4554992319475909,0.48226059929190135,0.44485104690618027,0.4238064298899512,0.36209679225560876,0.3203429482436557,0.13479470396456406,0.2633812852282795,0.2490754068049256,0.2039015135041305,0.389368045475434,0.29835029403150837,0.1324184863630592,0.18807328077992455,0.3733035054638384,0.13045234379612008,0.4404827656195075,0.2980586108055897,0.2922346309306592,0.33696311386380706,0.42987238637005964,0.23912368316087723,0.3712064610236254,0.3262927855983164,0.20681130806776854,0.4514519945420632,0.41897040864277124,0.3633807338633702,0.44023269163769674,0.446917680383921,0.3833451906860139,0.43480533134546884,0.37898858466771346,0.3720563087041202,0.34744455128607377,0.40108665582305647,0.16344204211722949,0.45234830367957135,0.44873741109809284,0.11169891321382366,0.43032670022590513,0.1515479469893781,0.23404754170365677,0.39740330251664313,0.16430395841932327,0.4271868096476249,0.4328536711830968,0.3029870935043345,0.10255434868673344,0.21481525326996512,0.3467707673502969,0.49247447121096943,0.3527254108066674,0.20392143242566393,0.3536022812398446,0.31599415188634217,0.4119381580604574,0.14279225553078337,0.4044111610008112,0.3165066314704441,0.4851968015435979,0.23674886641547443,0.3530487572535793,0.47281124220400705,0.1410038911962717,0.47489139489458043,0.3751542889203253,0.12713482364206877,0.22038542677872652,0.38326883545811263,0.1269402405875087,0.33286818407050933,0.2383532227811827,0.34836620710699084,0.11829681352500515,0.4486147224609506,0.4893955876709588,0.48755114211427664,0.39986073269716993,0.1520344960522528,0.403305278371609,0.10983476658352061,0.10884942061159891,0.2294440876598165,0.29545727616186634,0.4081629671231173,0.3733181506426021,0.27836108255069936,0.20945066651266636,0.49884980006308444,0.2704725208943892,0.2805548097318702
0.16544952847666766,0.4179238194999718,0.37747289031259545,0.18830784511550416,0.13295241824633708,0.3721997208298853,0.36180448571245416,0.20930381079928373,0.4803454249001642,0.1604231567123601,0.2729339204170408,0.47744636806703955,0.2678909267704489,0.3554103790656342,0.25903775918511773,0.20968608093946803,0.4935910591839313,0.2637336025260172,0.4576396814716538,0.19198184235643448,0.18524188161003333,0.11245363315380455,0.360666730150354,0.24741053748950448,0.4457432999358548,0.2892839626766229,0.48727737116588876,0.17421020628124845,0.4474492671822443,0.41063874111669674,0.40836873785762084,0.43791329124675504,0.40440959637719953,0.3504881286525662,0.15249795107295505,0.11301047179650077,0.4683391391262748,0.3466601258082952,0.41861491639047055,0.2926089406050201,0.1469232755849578,0.1500743168810202,0.3742261148915885,0.2721223579597851,0.1802098906801347,0.2966378186965748,0.12568357483005366,0.3327885607657595,0.2075973617740391,0.41902364025487526,0.22414478356942952,0.2820880596327205,0.10464821596324025,0.12897875511782356,0.25699742256267394,0.2919755338868494,0.3400082192477215,0.2166650314837213,0.3779927544506171,0.44404895887568185,0.41194039555733997,0.11584753013934286,0.2922027789031316,0.14197207136726997,0.196818006345011,0.4946650373068586,0.1569982171606053,0.29955526138054245,0.34726229372724765,0.3809859882176416,0.3238594733947656,0.10390833896767347,0.23058452329759677,0.30708465735388457,0.13514659965793335,0.24025077248367233,0.11328124351654663,0.1314313988620083,0.25876931048063845,0.15308630161722414,0.32701633930462326,0.37578598765490634,0.42023467964363315,0.18006009769792405,0.1669930329036279,0.1418271361337601,0.35457209981745474,0.38259029059476046,0.11263445793025682,0.474484898497476,0.12078851346058897,0.3165185341204282,0.38362420778036654,0.44838764949843424,0.3856347728529711,0.4206912332279168,0.23578007701712245,0.4259300454986049,0.13204593855387006,0.4579266624242111,0.3190369504614945
0.42691910798499755,0.28092731380732006,0.35743107807860997,0.3105610643744453,0.39263580870213277,0.13265199281223583,0.12414083359622552,0.19884129360405858,0.16381787204527534,0.44871342663688074,0.18768559494321774,0.4903461023276525,0.23475831670844274,0.17284716627547972,0.41587940285699165,0.3634831102003505,0.2992782865812556,0.3221454203750525,0.3876807113089056,0.1913818965325195,0.49853356642269675,0.48991726485871323,0.3601302745387748,0.17981698037165805,0.3720912969725165,0.12887936359167035,0.11226100088232244,0.20307315540448548,0.28504918269572654,0.44730900216335223,0.3908676279065232,0.39708260847999244,0.27019733377923016,0.23837399701878517,0.2484155051938411,0.4950598254944232,0.116043676564993,0.44681259844897947,0.3314701634289574,0.2754461676758362,0.39010306416605467,0.2946675765698812,0.4493692952326642,0.4602807456045034,0.2686883707493822,0.21073111889402063,0.3369401314373449,0.4649453382466764,0.18426487560226665,0.34918663342539313,0.3526240880370083,0.39324520896611237,0.15262707405090392,0.3863299858728354,0.4636130082662564,0.1718732435480968,0.19501732996955107,0.48855803761665584,0.1723907810837959,0.4417540373478317,0.2969111425792139,0.19889242976127083,0.44829996050900456,0.27812210200106624,0.30592694157187605,0.24369334775990628,0.33718034057397095,0.16540954903400912,0.2564326146607043,0.48776492893411505,0.20325337308045102,0.3626946658165169,0.23007602568987795,0.40938925027464024,0.15234946428733995,0.48792841803141795,0.2815158165534557,0.1944201853385856,0.12939869893200506,0.16790316203501632,0.30790957942240704,0.23480127057251454,0.43155334635304377,0.27235500946472235,0.19948570903505197,0.34685799464161204,0.3827108867541783,0.16681676316037997,0.1670476865153271,0.11466857077341719,0.3945608060262562,0.36552181104872206,0.28985235029992557,0.4376681795876789,0.42226806118002125,0.33414174575870087,0.44730851220530343,0.1823364840147073,0.14476784775909116,0.20789984460679586,0.12283474243572595
0.3124678112004128,0.47464227691798466,0.11573741626740386,0.14884396560401073,0.28087961131337413,0.473550007011162,0.2264624419907002,0.302893923475357,0.11662914362015685,0.15933728038483555,0.4946520491835388,0.4860474785744182,0.10197599237376385,0.48072471416929563,0.35564797512620017,0.4471673178080089,0.28189594225354364,0.3062384114317001,0.2955386321027681,0.3667457030184418,0.15586050190252518,0.11198943594907118,0.22317197663647637,0.38187230509465875,0.18074138084917934,0.369372973329967,0.4879648184429082,0.13756028631576736,0.3690408472900505,0.27750008772182844,0.4472569017510022,0.17085991577895437,0.37705038089046583,0.4352461158592441,0.47784568778960934,0.3732992113158583,0.2988699056033709,0.34713889608048554,0.4475619937914873,0.3282438986555319,0.11215482387873475,0.47237947820279114,0.37581070041262443,0.3706053543108986,0.18627006095908688,0.36355418809306295,0.25754576226166337,0.3604931908165968,0.1426372121231963,0.3631381218412144,0.49976549030826667,0.11928481554422242,0.49086967368852696,0.26276318428914824,0.4483013801349037,0.41295419362330943,0.32680650439466713,0.39537968370053067,0.45140622452053913,0.2616561286604132,0.2308132646252955,0.36703735422543393,0.42313837677650346,0.4049140539106463,0.4191254595434538,0.27423332592517324,0.4271336864700087,0.1480836221482434,0.31779563918433984,0.10230346419924863,0.22983433196010813,0.24658461394855916,0.25846907664370217,0.3781868826759449,0.2554232405081383,0.2794774490490123,0.195017652349731,0.24930071665173603,0.1909078509052606,0.12927836950737748,0.34137943735255116,0.3672851194220065,0.3477961384038458,0.28539761752022896,0.2519143120716919,0.44533345982873007,0.3076327140544872,0.2916727510518924,0.11025682632257428,0.23649913105046255,0.2520782475143428,0.2595291123587602,0.3320689476909329,0.31344101869075136,0.34316203711737786,0.4059533046168513,0.4251942954864374,0.3872492304905978,0.4822094783819739,0.10729303307054466,0.17831119427341846
0.10302514999125685,0.3589898856618412,0.4592122195799948,0.19739291863051972,0.4708138179185227,0.12410695611582434,0.4737744107222057,0.24064907489585377,0.1405683313796866,0.29434870367453025,0.2027106270882032,0.21394916078476914,0.22291598597051465,0.42121035913306537,0.3156645106701018,0.22452307966240148,0.34413351332436737,0.3864602696892775,0.20904960029341352,0.2654196406101406,0.14875443733477903,0.17245973981387214,0.3724471415859931,0.1725753390782508,0.31006535346682407,0.38361850468897307,0.14275076923789753,0.32692488785156143,0.20262511348054552,0.48517075009503197,0.2934182586879699,0.4223970199100633,0.32009061686250473,0.11736501314192767,0.35326055023760894,0.4805613368826628,0.3406447280585325,0.42767554377071615,0.4536825853393631,0.191231908779573,0.18481793596329066,0.3443923955403967,0.26441138792268193,0.43594452114668814,0.4600092493592045,0.24136855172108726,0.19474822358979282,0.4122102060975448,0.20992241421925445,0.4290457274054714,0.2694953014595052,0.3670199597165882,0.13821412553386728,0.3495437298706292,0.28070707149489166,0.33464338527018966,0.16720568309794537,0.3947494979776729,0.44511883101729144,0.18669592003631028,0.1382858222080647,0.10945543441853456,0.3567886001773064,0.3428376144355123,0.318678965085628,0.19277883844639018,0.25636239836220587,0.33779053407446924,0.2987067435436678,0.49511420808595497,0.15457590102269325,0.37805782161903756,0.2617275072417169,0.2712798459702459,0.38703910626327054,0.3769744605297479,0.4965023974808753,0.1513577157816501,0.14164385975366656,0.3897355268514965,0.33135476680256365,0.20966426662392235,0.13176774759559465,0.13426329983857221,0.4576763498656473,0.17674692988749718,0.22934862484620833,0.19066256089079522,0.24199852233277494,0.12776953709843736,0.30762391636330816,0.12704502543688598,0.4201426031289447,0.19348483276417322,0.31600476584180426,0.4520316350245833,0.36035094761887765,0.31318311462053416,0.22973350124615025,0.23320076522327918,0.3677947820792761
0.49765574448846706,0.3647356759397514,0.32311336694800996,0.3922602040956985,0.28608224491348727,0.12405693704031409,0.3249187263511639,0.4830501138021521,0.17012117694306386,0.3760019563282663,0.1803734754636226,0.31433107378923253,0.13867057985868786,0.28014837450327407,0.4024653315580985,0.23902860969559284,0.3659646897948873,0.41817998431589165,0.4708711277917811,0.19385683274218143,0.25972636632372326,0.160966405332167,0.4969934008633501,0.47080038716971817,0.3159828521122239,0.43681331775056853,0.3083831909088169,0.3494342752011039,0.13564977284640667,0.4021081681987232,0.15108539345409394,0.4304270521010114,0.4128112350681544,0.3834978790971906,0.11446415220990486,0.22125134237813146,0.20524502796433716,0.24405456298860764,0.13505709870553542,0.47478312921242516,0.3215208962849505,0.22220972426320942,0.2587926068297134,0.2788810162019343,0.3402377333442469,0.30627177107859915,0.4677567892857669,0.2987853931623321,0.4968632059293251,0.4405699830980383,0.18340420574293434,0.47223808585756655,0.14654655915419046,0.42697988339647663,0.25224931739063206,0.4511897281780278,0.44722267604298016,0.4223701600470485,0.4160121745228246,0.22187165563921632,0.1323677132205009,0.2611920715060646,0.16940980599460348,0.3779804355609847,0.23843989061511423,0.49024408034396594,0.3563888309381328,0.4289922254537444,0.1530098690967394,0.4448057929090491,0.46910287620535773,0.29482476752757436,0.342501175100391,0.4059239203611982,0.169935450904165,0.301026430585377,0.2594652111089253,0.15854959686489967,0.24701376891661259,0.12726892375419743,0.1103247627797948,0.1540665156619291,0.48524604463566956,0.31981181435800676,0.486328864461288,0.27299915133205277,0.22472645323410384,0.30245674513609766,0.27580467545316406,0.14226587370469757,0.3563305258760825,0.18641527300383987,0.3478351819591319,0.3600804369592614,0.16080994125145925,0.12453985084426727,0.41230463442737597,0.2839201695077281,0.12326551820219032,0.49794652686790686,0.12311222439854666
0.37801409154342125,0.49347157010536546,0.19567204168637026,0.15689974747487848,0.14855397576897156,0.22131005902703824,0.1404183244042587,0.37686453667765274,0.12491671925202508,0.30376885125991593,0.49867874154119074,0.4255881078024075,0.34608777529240436,0.2225014483146447,0.3495583345166554,0.31081658556466063,0.2704333535561486,0.1522841506960798,0.4546416860961867,0.279913859528529,0.17784900472830603,0.24710374035091587,0.2656519010115708,0.43101515822674974,0.3934457522245608,0.40772195745653594,0.10441250577145889,0.2664615992719046,0.29253766065412945,0.10767691072922268,0.2039252834980137,0.404115929248854,0.15484388229159962,0.3141240525810367,0.186080748806895,0.10484830985755732,0.1964805830398166,0.4903495019640215,0.4206148447531959,0.4838306577284134,0.295141617570545,0.14389447947100142,0.3191837955894772,0.28175093382398436,0.4377428330958464,0.13923303231369785,0.29529645480871125,0.16001946587759372,0.229870370756024,0.39494283095511984,0.2904072517475066,0.25035531405830774,0.2577905114280141,0.28377870736239463,0.4140066175348228,0.4568338755760938,0.4821338746015713,0.41476135450211804,0.2261627582992051,0.3752538824346169,0.2750412496221568,0.20186824881842047,0.4363486317703691,0.11537053958493,0.46070479685416943,0.2845909858498937,0.35488059072331224,0.3637415688823131,0.45804709628261453,0.35466787286688295,0.34557343390402473,0.126660816224276,0.30736320877808165,0.16006760032681666,0.3949735074885943,0.30488876832506984,0.3720911116833413,0.11666916024095371,0.1339168064183213,0.3865293552250729,0.12883373439946935,0.12850269110610346,0.10484339009395499,0.48260055931979207,0.3950033437836028,0.24130056340082567,0.2186142325150621,0.23988129189833984,0.40986141247247276,0.3645482444281658,0.17407822714698717,0.16964373413363376,0.13935825988535894,0.3641210878805353,0.40574906488869444,0.20601857133000162,0.10837798441236512,0.13286866699057095,0.4871440139380122,0.21817791099096812,0.40768925913525345
0.3498654275417055,0.25277585586115836,0.18227490487822207,0.1485545672637626,0.34600518721554663,0.40985351225511524,0.35756170141645227,0.3121208532996633,0.1167804893726545,0.4873955110377536,0.4194856766618299,0.21712881468038592,0.4919881317435403,0.34075263585452886,0.3329690632828986,0.3992292717718129,0.424707915236055,0.36259144293260104,0.15123829854648002,0.23530700239779936,0.4712334561304199,0.18984624473754078,0.24886680953500534,0.2728307531776784,0.2757619958777809,0.3451758329978102,0.47723033509788304,0.19627708473300198,0.14860055052036725,0.17898819594397494,0.45476996008370785,0.35832432506208245,0.21436271569566406,0.42637877558744697,0.4445479985453744,0.43860573547611126,0.46757061345582185,0.20089640806934464,0.40201677149851134,0.284215798909656,0.43679942115602466,0.39139627086464535,0.4105789785998899,0.3624647350724286,0.17097150778788275,0.31801076755877533,0.4938678958098033,0.4749552265988476,0.11726949431880468,0.16592592629177486,0.15269150938182477,0.39039196399411824,0.42711413194277803,0.18540454652426877,0.3023410771807316,0.43628121120448005,0.3931206179065002,0.31689488219673934,0.33613907618350913,0.30334421876651196,0.21901938052752823,0.3260087971436064,0.37555412082003625,0.44932916634432307,0.3545165415916992,0.40444861481726324,0.1640286539818292,0.284622989767916,0.10373264793083732,0.1986715458086492,0.3905846860452019,0.4967239805397454,0.13967123983488638,0.2605977263445153,0.42002838747966387,0.18161425385155955,0.3220339797209145,0.3932285184118699,0.34639418010407164,0.17520989384616648,0.24215382747429579,0.4135167137941589,0.32169060565280666,0.1020918454171651,0.4043963040112376,0.11412454197609563,0.39829351309249283,0.18099222406609497,0.48322939204775206,0.2471763005208338,0.23077264653523166,0.15955522013297788,0.22224168619608597,0.45066030473128027,0.49853373505089893,0.24732381220273936,0.279444252381817,0.3888283752810948,0.45447831218602985,0.33721773367471364,0.2566102792711318
0.2650487363394495,0.37824725859872277,0.10128730544171148,0.3478357349839363,0.24219720417654297,0.41767893251083377,0.13719625592925289,0.3352809067793562,0.2923891559544495,0.35693021036209094,0.12594143779318734,0.3319935149712525,0.32459383518380946,0.3242640377664684,0.34139506663858193,0.37058717489054493,0.42199559987230795,0.20792828805128574,0.4300197640720248,0.2993022729053815,0.13082331165373248,0.12342037169759168,0.23369532747842434,0.4139587908445871,0.3830723738963663,0.41544598586896264,0.3069076225766437,0.27607959918219627,0.15898101068251358,0.23127710144372463,0.2736077464695501,0.1354401718718469,0.1882447810844845,0.33929011762549555,0.394265245695676,0.49933900455717983,0.47324533253742307,0.35702607981407664,0.2684992213176288,0.3544709458832931,0.41426064723209277,0.14733447636935493,0.26396195587851534,0.43592091425424695,0.2535331807732176,0.3287489084908746,0.33510774434487933,0.17379050125345574,0.24489417666091537,0.23380451549677286,0.11047868341282592,0.1096767055565421,0.43267881747030945,0.20922832398912497,0.3072315064955262,0.21949022943550922,0.4762716980461362,0.2037187035463095,0.2718627250955741,0.4490921001938407,0.4367734267167235,0.17444056713851092,0.4210573239182842,0.28327475469515706,0.2931875488341421,0.1533919889663775,0.13224060550284988,0.3911757227895061,0.2985844609421199,0.27474028104607184,0.3918032914609587,0.4062051595964439,0.16356326706774144,0.34409005979105656,0.15414163291107422,0.4005500344116183,0.36278206250685585,0.4826458484333832,0.1275832065425685,0.12282188846050174,0.21287482987728007,0.2046822734943624,0.19879151962879993,0.4625018322084147,0.19981847993980245,0.2087798904514524,0.4037593049671855,0.279895936980216,0.4106842227820725,0.1261464630257541,0.29502847746935373,0.11344544007331306,0.12506128138214181,0.4625749813377644,0.15569814844703808,0.3129682729100869,0.26443824104028263,0.23893733050353708,0.459933338274909,0.1087293587101958,0.3655158744702357
0.4853577736854202,0.3240672733847368,0.4747289848132368,0.12090315171440952,0.26751732762966457,0.20406311638482047,0.3923283859922919,0.4925188361988987,0.20261202497769915,0.3616698405896298,0.17923905310389607,0.32613210182864394,0.2855729946753345,0.4888021318526149,0.3434109090785866,0.2398025488347275,0.14563831395517335,0.16049873149397384,0.19012677198049405,0.2003866645361192,0.4402464231364551,0.32448911531300995,0.3093563645497466,0.145907548747687,0.44405587733977403,0.3891257212833935,0.12706734476000064,0.38313403889190745,0.31741528693705845,0.13269013829871132,0.2833202566114626,0.29387851485201877,0.1663098160653103,0.4782792588001129,0.4399901485922648,0.36760893493164337,0.2849182244002429,0.26470621663380345,0.3603893868603817,0.31817274776276216,0.12490924235275425,0.3050010595081327,0.4225614468931358,0.2836959510387832,0.12078263102170737,0.41451127975361324,0.18054551285438977,0.20344833395521553,0.16588254137291836,0.23208602594859903,0.402700602275454,0.30775434380157496,0.18195250966028503,0.45113203126081636,0.45183274198061174,0.44823137001840274,0.19551848455261572,0.2804957376723952,0.4939958624563501,0.4088049905239962,0.11086696849022393,0.12608183650419683,0.28557255072493315,0.4636880823446241,0.31548071918108567,0.2991250032137161,0.14218947998265224,0.3627120418897176,0.42884126424009017,0.25216800300302494,0.41024474037013103,0.4857906615603247,0.18150658365107564,0.3093318524778965,0.21485518323383024,0.4171417676135357,0.331037346352463,0.35383296702012157,0.4191656638463577,0.25838818906498195,0.46603602736281735,0.313211546898456,0.1631819291341392,0.378359647267521,0.41730454017530183,0.22670467082701068,0.44287170279950117,0.46245730190630663,0.21076179495112357,0.49340858908608887,0.15628461121950338,0.180806267360996,0.17368993569521046,0.4575958840031482,0.3617170209299848,0.16084171328890917,0.2761293673473396,0.3461192100279208,0.13338563399575332,0.4529665473629355,0.42144141417661407
0.3020827094306553,0.48685064610366824,0.26710439171003986,0.4936441276145992,0.36716799952145085,0.35386850930157665,0.16638195811831402,0.45277110332185766,0.2709958751682461,0.16489336231299173,0.10504300799030362,0.32390227345535305,0.3109598488490706,0.3877414489476635,0.4561032212071209,0.13176263385721182,0.392598596136145,0.1749647776390329,0.44327082126286566,0.42762540554466244,0.31631750199421776,0.3840971194493247,0.22574004527349936,0.28846715957312585,0.4286547590841887,0.28370607886928556,0.24311930613017674,0.29768497890011997,0.43129970097488735,0.2340832189483491,0.16950463725429754,0.38480560813231235,0.43039128508323277,0.14025499140941333,0.1959496451023779,0.15678879590439757,0.23917656463286666,0.2801403915621651,0.39953053478532263,0.36045903395266965,0.34837142699137247,0.24094997864386178,0.436579021233904,0.28851486695926587,0.4916419752060618,0.3536568553182947,0.1505058966258011,0.3704710248301736,0.2300416061726796,0.374530878674439,0.1278564592649623,0.16995257487038376,0.4422949035623146,0.19087182280940596,0.43481645009717607,0.21171043538176418,0.35715276402348306,0.3776602294039324,0.3050619012580212,0.22212427067869253,0.18505775054843845,0.1132757418249705,0.22157856049628954,0.3612651162125132,0.47532192737939305,0.44848179290522083,0.40642591061412103,0.4153789373013195,0.3659939613903981,0.2041147430264012,0.46287801228233194,0.36829292476233366,0.32417625239217596,0.14439578768539243,0.2788222175225702,0.2841433084807705,0.44582544380906797,0.3186592880751154,0.25216021958816387,0.49072013140426374,0.1442882373305263,0.2690193713247778,0.11680987006856212,0.39596164830677216,0.4672306208796603,0.2120149318201958,0.44333667071964833,0.2168872921847591,0.46430806465756613,0.4015847614387136,0.42196271073657543,0.1072026222401818,0.48512414282961036,0.39066839682812937,0.22190043815445334,0.4317578659435388,0.212608479365972,0.4491015358264512,0.14503215616477483,0.38147439098431835,0.3162793906579642
0.13861378807817634,0.1967575313035356,0.10496161451092592,0.28750718618580234,0.22050610430400017,0.33934299371910354,0.21889512308344689,0.2199676446027939,0.39727727949264136,0.11925713439134139,0.4611579980767949,0.44090554975647256,0.3671218732905627,0.33728862804295373,0.45692099925586094,0.17413207181148577,0.13158766487633144,0.19580406796381525,0.41783131148007613,0.11386810669059333,0.3331227340333959,0.498175006476524,0.44227843753501583,0.3085782756174358,0.12545636371465696,0.4325494057542839,0.3395914032708842,0.14597319882382676,0.13754291392934248,0.463850727774637,0.3676801051752314,0.4317147197267023,0.4515915601129069,0.3287089408193289,0.3069785407020165,0.2721709641283961,0.22677863511644772,0.27383838434348473,0.40955186229206253,0.34076937240605265,0.4570093159819385,0.27735200575167507,0.34283583148750163,0.35252302123679546,0.3366788649225302,0.38105350923420656,0.19497338734992253,0.30494551101831624,0.14168992112333909,0.253804531057925,0.29506682744850576,0.36088970381818897,0.4802124210344815,0.34026042661934236,0.3974375664706239,0.3025064237980811,0.3536416125505325,0.1283728864535094,0.2017566323367388,0.2447412372820555,0.2889973420026054,0.1182594982009535,0.15600963902132708,0.21072572311652232,0.4886130763604203,0.2325388028412203,0.29281642324483304,0.1784390850953572,0.3443120284303073,0.21227328620638974,0.18279703137537073,0.30662905137839164,0.10220231966416833,0.10306561305969014,0.18762752364074312,0.11468854500032846,0.14321030165227655,0.23554425973550064,0.4210342718319252,0.32881945734772033,0.3050670903825666,0.21739552928324868,0.4727014877731266,0.25880601649487667,0.13483710671830862,0.3468266064471205,0.14553535739064058,0.23808925712067686,0.3029647754871235,0.44968900987407034,0.29741863213604747,0.3809035064126657,0.49712673559962817,0.15259564795919267,0.2098926102078078,0.2578304302390586,0.26873127141553255,0.2644084301062183,0.463044401022622,0.3856130577867426,0.3431620856362815
0.22374908714511285,0.4295161536885179,0.48202420459399564,0.4284793130200907,0.10062604207658916,0.3545605480733628,0.12045415257684029,0.20304288813348875,0.12380988013910868,0.3415181811797551,0.3746359653970427,0.14579505522636205,0.2535355532179918,0.2824946035822168,0.24762120870436666,0.14841000019407724,0.2675791160749902,0.40047121912336725,0.1284030658133022,0.1320720056327614,0.2419085167343937,0.47669028464757,0.36742905868916564,0.3714679826690259,0.244767996335146,0.33746431648341535,0.10405247361109736,0.35443841856381686,0.4653147790304947,0.34502938733792765,0.44947943738653806,0.38958922218643754,0.1482233665614761,0.4609813229143367,0.12657753774230995,0.31358698901910553,0.15685484951738307,0.10468264429236163,0.26881370405105565,0.2180162830616625,0.29440019751904123,0.33087995469382037,0.11749562892357895,0.14920131804949827,0.32345695858017015,0.2372669412690633,0.39166939501977927,0.36091665943677587,0.4382417451959627,0.37699713066769014,0.2719724309560593,0.369186648957773,0.21015246970216742,0.22252539951128508,0.41559406396831733,0.27856780656063285,0.419352136207341,0.42896894946731134,0.44302493506451357,0.46665409433648297,0.2723940882053185,0.22754672732845554,0.33287949863764554,0.24846896937505103,0.3404296667200932,0.38223434505752985,0.37536200739685477,0.24982115480804856,0.16674408067950114,0.272211735384883,0.1570376576327635,0.4560388140735233,0.23835098429514298,0.16178389888932954,0.11017910396230035,0.3583289545145937,0.3547609269818973,0.23624166663251667,0.12868475553906042,0.2638515579580928,0.22448699802535743,0.3708482558940037,0.3423116997810761,0.245837491279016,0.18715702170199605,0.4952143864622368,0.28160064847844596,0.3753096943120948,0.15622118703134433,0.2942358798637591,0.1110146879477862,0.30218204716417996,0.48560696284708094,0.25368268519432013,0.11559840502996464,0.11238231636773742,0.25519470397874777,0.1640099745852776,0.10934083853127437,0.4024854455800707,0.2834092035527563
0.2156979087890618,0.46003327320659226,0.14645558408021025,0.48236753158212775,0.22558668695094114,0.4553614689234725,0.34117715059178466,0.430682943896595,0.4936052652841857,0.2153621751274983,0.48445419416303726,0.2557927579609681,0.2542047618947689,0.2361548417018023,0.3165630429390341,0.16165801727139484,0.3214845941432045,0.3166819249640016,0.40476072504194804,0.4334599847750342,0.2761765401249696,0.2209332997405975,0.2037339589268378,0.17784953468194878,0.12305903287960995,0.23697919153388536,0.20809907685231332,0.48656695434656294,0.3230835305000176,0.23891081561220304,0.3321870403974784,0.1556786805382782,0.2776174996808812,0.35049372856842553,0.29555913271698053,0.2607115202617297,0.49753935555987927,0.4521259048595708,0.34936238326377606,0.3277509444729131,0.3482641919298336,0.18052484312897332,0.25805509730572745,0.11578381315635973,0.29021841499473067,0.3172098335830653,0.19109989444128384,0.48561153886620556,0.4637818443748968,0.38885729418236237,0.31335465150614505,0.44798766385907396,0.1522609375293852,0.416203917709954,0.14992832558673932,0.4176842650197622,0.2103070273005428,0.45083623240727555,0.47761683753015916,0.15951838776204627,0.2850702420261574,0.49239495126507404,0.2933629743892586,0.4454190090058181,0.33549260885252796,0.25013196316784075,0.2143134222103481,0.18128923643443492,0.40471927655107887,0.25461620272921115,0.30451018488030046,0.29693019200047277,0.3309116116932525,0.4462308582498209,0.49229573743337174,0.2630336834295268,0.4310075688425212,0.40581111786188706,0.3294115805822293,0.4824188574447733,0.18018980621136113,0.14370568412384857,0.44158478678216884,0.27565992665349937,0.4387875416828242,0.457236082078166,0.12498303744762858,0.45338590519442434,0.27932762214776885,0.30417299560169286,0.35063700443728407,0.4705530426920347,0.10764643777190562,0.29073738732712684,0.3750888169722243,0.38908278307929145,0.37701297261484323,0.15377405176324876,0.2197582353486725,0.24348621016680538,0.421774883071802
0.21150394896582123,0.18428198554688127,0.4829792076152385,0.10354531404538757,0.49912834227279135,0.37072851954295827,0.43138771977964685,0.21784775853847727,0.105726111066824,0.3951478074246121,0.4336578388002703,0.39619045278140763,0.15714011492033544,0.4013711689027877,0.4075691128430564,0.36341620626802196,0.4064463731182345,0.4383685758710929,0.34544164569498337,0.13544188558787162,0.29505112386688437,0.13105973386864203,0.2630172124129724,0.26284259565025103,0.12640393765609664,0.23952821358779175,0.14439923951652595,0.42329408400368884,0.4790752103857884,0.12892659010317545,0.4820460829166806,0.3090306397346981,0.21982627118154957,0.13074483011046542,0.30024970722816713,0.41780621779629945,0.38283459090667926,0.1200904045855895,0.12916073414716142,0.2611493130530549,0.21811619761917733,0.19295372922241916,0.21240179956348545,0.42139309731875385,0.47169122145274156,0.2620410778110266,0.46244440085299887,0.2285982804991528,0.29057479453751667,0.1904115991263999,0.3561904168703376,0.4915924460699236,0.3413972384173515,0.24312563364541956,0.3591269783962113,0.14916827138615504,0.4554636321061595,0.3012335803119346,0.27973989681585687,0.3343459153814077,0.349913545115761,0.1287103224906052,0.37304688848936096,0.19677267212621186,0.3855810530026359,0.4290139177536787,0.42158340302100816,0.3210003869631557,0.30806795692430045,0.1571503845357647,0.4101384601612542,0.20856375217868575,0.2986781691271786,0.2137096371710067,0.15353134519987727,0.3518230787566946,0.12173281392916153,0.39945809365048,0.22703471810444667,0.10005387720179414,0.30445165569489196,0.11874076341104126,0.2104678231283598,0.3827905949822865,0.12507584864874635,0.43573539694240093,0.10152796906343325,0.1987295476807609,0.3963616224608286,0.22650805989172274,0.1407569552264054,0.24409356752017117,0.20815731455381023,0.437084760864222,0.22533916703405726,0.41557298871040294,0.45674885792429387,0.2735269678306118,0.4639772575417568,0.25092722158527714,0.48563136659604333
0.13571580981022918,0.37480770660129714,0.2975256161827715,0.2550595221822588,0.3530847514994404,0.38154283665373245,0.10174530786012365,0.1667812354988795,0.38521842025372754,0.3665541654312826,0.48641900205147093,0.4044151161003132,0.4803090830925353,0.38101620061392283,0.21922088345577728,0.1421459689003426,0.41272954533797424,0.35765968859036634,0.1192744049573185,0.24402018636039136,0.4827199261937145,0.3001604582840805,0.27309165440788186,0.2830798420637176,0.1835530896020655,0.2474828683459181,0.24792530239487065,0.12094200807498896,0.40702705140716733,0.2666017727615516,0.42887195472656936,0.4401392004479582,0.18479762187946325,0.3629413928680515,0.28891272166519266,0.4520626951685941,0.18629627167058166,0.3711252801240177,0.34310084890108905,0.21812059102873313,0.15464036146046906,0.36065590419091065,0.39543898325293225,0.22625093750534,0.3579330416089256,0.25805236304460133,0.38528275331304707,0.17968610995762124,0.4560860010544697,0.21496383858623191,0.24711439510246117,0.12323678083213992,0.14460488492851056,0.30634476108493125,0.2070370706911886,0.4341920902968778,0.10587735546198154,0.2516376194687745,0.2349382187076371,0.10773105236704042,0.1497473596002041,0.2654570699674541,0.29714583377897863,0.2617158989019477,0.31237507136483755,0.3380526699622726,0.10396952845113426,0.28563806378140155,0.4853996963550353,0.3076129120518195,0.37101690698358125,0.2247455431667533,0.40959655126110506,0.40916859275044604,0.30851841906165556,0.49040552931168546,0.15022008590506136,0.1067790659558324,0.40806328470283837,0.422862214945953,0.14808289164823052,0.20623313318344244,0.10702094534665157,0.2173234443122259,0.4092567495674686,0.3071842110850316,0.23923823726731525,0.24869571796253212,0.10054145028618727,0.21992021102609438,0.3585834966551722,0.48967777752654285,0.43882433079355987,0.10943798585821166,0.4594242418699358,0.4132793653194504,0.4121504494283922,0.2831983036014286,0.25920211718180114,0.22116629153327705,0.12627794358174632
0.19129414539747966,0.19864145399120986,0.2936308278840807,0.39897776263867757,0.28952393135917864,0.12313777977886425,0.4831159203952816,0.4770897276376449,0.4140758172593634,0.49653116062568825,0.31779293312010515,0.4851073401012824,0.13024201624670032,0.24627229930454853,0.19015250720270635,0.178333233653708,0.15632117955707045,0.34896545662639866,0.412528742298922,0.3313193597681443,0.1587850838352839,0.42444950797338843,0.35438188286549144,0.2552662824507982,0.36965211821442523,0.20396199169713314,0.2380768833976842,0.46699433725279615,0.21620180226856817,0.2879953072631747,0.45605645495840585,0.383088540107011,0.1248812904658811,0.15892121771158815,0.10313663630876674,0.3523687160916654,0.27906937016416733,0.15370994036091024,0.48317364842270816,0.31186388957824795,0.1967573176451557,0.30024142846188306,0.3718481330940432,0.1304956871894258,0.2098815260191568,0.4227861963535975,0.2838659481610645,0.318630856812918,0.2731264008837877,0.11755997705720206,0.16629991192806237,0.27821665549675634,0.18367418616317113,0.1199916114638715,0.43745986562072947,0.4924770116656464,0.41725714959869575,0.4415139686818669,0.19679085212681816,0.48425079020527995,0.17877028178137136,0.48057192414473293,0.49792771758638044,0.38468912229841956,0.4924574927167288,0.32781591182684144,0.20381671327043616,0.2747983542662483,0.3374243741515144,0.129232624810806,0.3489373058468984,0.4924711347049179,0.17604305991349106,0.41703804651535337,0.4631595175118478,0.4774806371280883,0.4840542417621789,0.3085838554885888,0.49092316319660145,0.40292408285377557,0.16466857449478478,0.290760042587188,0.38733247014880157,0.19893612632763336,0.35624607341955494,0.3666401916186477,0.16507989752342636,0.3260341249811025,0.4086507643914431,0.2995582658143768,0.10484124671044298,0.10361538763171688,0.2428117375880049,0.4704776273727128,0.1914707118414435,0.35374547554867486,0.18883034827732825,0.22866799586381947,0.43921683584059357,0.3915445769079787,0.13815971092528426
0.27148080839457345,0.11166790545810579,0.2923560586412036,0.3649736046804273,0.14740104943926063,0.2155539755636663,0.2591346502008628,0.4678124098624199,0.49730200616918563,0.11796451959824635,0.4044031693981568,0.2486896265609373,0.25698327449179204,0.4017059893388091,0.4673705728581635,0.48037143780101943,0.3308490344153283,0.24284846372020114,0.41501963434351175,0.20040055330492013,0.3256296115334071,0.2434313846099493,0.36265242948315046,0.19615956515740277,0.17663717829393033,0.4672956346701749,0.14072147317981476,0.3023831630939727,0.18834111318520358,0.11557198533026698,0.11440752731657056,0.17008870884233096,0.44670814180240015,0.21299149759081068,0.48018366823011827,0.33264891719567746,0.27464567590750644,0.33203553386778184,0.3066793540905071,0.4035105015029301,0.2129984263891409,0.24122015664012098,0.45763772101330036,0.47858260526016216,0.4570232909945898,0.26777919758292545,0.4121462012027527,0.29053429332043956,0.29901594085844085,0.1818720436229136,0.3364521213034066,0.17445435910133916,0.23262587962687753,0.44201208064797404,0.1828303236843421,0.12846331406937314,0.12760303704512654,0.47631380820124314,0.30276817518473387,0.26376482872680734,0.4243514324031674,0.4343303711642065,0.23287641324624186,0.37744722298951816,0.4084491263407547,0.3618602747463818,0.16063802992003975,0.4503532334068229,0.3156378210944035,0.21298897054800148,0.2700912741750776,0.11502843615956296,0.15114672048896705,0.4062187002063443,0.10000465390214647,0.2666263313929169,0.3090040724342354,0.12185376800038893,0.4892312651889331,0.19045013249986878,0.22167948785451236,0.22157700490201093,0.19216666484693998,0.10058952883452457,0.3917379176351986,0.4867381999197141,0.18971739331401805,0.365218876721369,0.3967585307834861,0.43937015163620996,0.2690516788054437,0.2211723622561717,0.23011805360921245,0.38504853323940513,0.4267117866022544,0.17264558710264105,0.2483764032631061,0.4607760786996601,0.42267740787789576,0.4939433611049904,0.40169930387283237
0.25727808041116895,0.3362551335978551,0.36440570169892816,0.13138232652684959,0.317798783641546,0.38372833138904383,0.16692852160042415,0.4122526869702229,0.33350911220564466,0.4808887142790379,0.11696891928275668,0.2061304550221868,0.34062155171992964,0.2186239648823723,0.3857696656284969,0.40360211300877247,0.1410063856265898,0.30554178568270707,0.30355622223642237,0.24771230808621644,0.4731699450278689,0.4310025279492885,0.3788837527638548,0.385730654293999,0.2846864575252477,0.4683978084386303,0.3778381709013142,0.3915924246623266,0.44467636151493817,0.2096286357368764,0.42282836154668124,0.17809624118259682,0.23813678089795515,0.2342441817079371,0.4914101873556562,0.4426148894991707,0.3804679446361039,0.3908227046461561,0.3248291177610284,0.47883626684340763,0.29850350115294466,0.2522070839479578,0.1652141347726364,0.4144822609044232,0.3937775728302366,0.25374201540965396,0.11007736558369174,0.43559893108720427,0.10456719338162945,0.38147991185162045,0.4881028438904228,0.27506453125928143,0.19398936199838113,0.38194840401735275,0.42685125680623404,0.31857212643113897,0.48681411010245845,0.12066748866318444,0.3019182393218113,0.38738157892902003,0.44505618845967165,0.17170224476311602,0.42000139270547254,0.32108283028741813,0.2586214727959853,0.15268601143163743,0.44611830356356497,0.16290928327188614,0.2239151436836397,0.21601821278497477,0.44856561367634173,0.3690811976835592,0.418672558876549,0.2001871595169996,0.3499496398427996,0.3286983932574995,0.4331321507153084,0.46243482419250426,0.10486270859095473,0.3696079676235171,0.12073431964789161,0.3195434660309424,0.2150530916174713,0.2227106398088565,0.24118340138094263,0.34851697961984407,0.23361998626750768,0.3930796202361122,0.2618109542295479,0.12734128012398346,0.41350393699364296,0.21430332983708242,0.27310675183970506,0.3741775532887607,0.23298246285948482,0.12263426245868625,0.24956841880512545,0.4777794330777214,0.35669375891942334,0.36859165946688277,0.35291286145505596
0.17959685558377472,0.26733354564091205,0.40037591934532735,0.14054915902126366,0.2111411104358849,0.21052764338634145,0.2728075710378024,0.49214749637687405,0.12700101867352878,0.307480397752238,0.17174587280488418,0.4882706181638977,0.1453214018909857,0.2614404009446365,0.39515399393384254,0.38182177121097816,0.2690914547575729,0.2386096671810873,0.25904495142114825,0.20571050526345572,0.18213317548271993,0.293215879023556,0.20741350242704293,0.21498466595890006,0.3627024253898229,0.48741493267995695,0.34145488022375003,0.13079178682598652,0.1302334455416268,0.48056928833822643,0.21891631612293347,0.13682679443299017,0.3396178348601526,0.3494595113161064,0.3594019280474753,0.20696081114301654,0.10604427368579002,0.48600614778178874,0.200357218276441,0.370410515221019,0.38265194795148383,0.3440029668317943,0.2251629576854593,0.20843850150562632,0.3390673130810813,0.4464382534446766,0.47869349156935825,0.14236232176150307,0.16193144503908796,0.4778945035132319,0.394614091333917,0.4531975299319092,0.18105305365413726,0.3350343484437608,0.38045583776698944,0.3720447541787891,0.26326067634667927,0.10615795667652339,0.3331704227217053,0.2012406156718435,0.28010169845715616,0.48303240603352693,0.2596141270569739,0.4359206426657707,0.17541624229970046,0.3689841992100116,0.49080278177557746,0.14075724034917472,0.1033279768908768,0.27343311705304574,0.1370501932205469,0.3993537398704926,0.46581946553942355,0.27360838908350354,0.2034846568621764,0.27376132760264393,0.38937912714000045,0.10362166463214839,0.3357815957938789,0.34531667395495164,0.3550752987583742,0.19680883199235089,0.3856210893512507,0.13655659453271057,0.17970813458672033,0.45098801866179283,0.3954892602906266,0.1054982216045381,0.1993505041479201,0.18576259319726585,0.20832253121478905,0.19902390811195458,0.1250105182971383,0.2835762066387282,0.3930933899144661,0.34269268988697454,0.3691486674392319,0.13245967141449566,0.48059628407071486,0.43539673353721,0.4220361273982651
0.429193522016707,0.4730842032531045,0.3177015864454791,0.18011280714705036,0.3467134431410165,0.39715259746717557,0.3951669573416102,0.308579609666752,0.12738348773343122,0.24844517537205113,0.468306643385343,0.3337795639029704,0.31533277730228537,0.2075414057528774,0.24737956796663157,0.4581384356612678,0.36658521901073426,0.4149548107009332,0.2817381692270621,0.35209888778246323,0.199353443497283,0.38218433211339453,0.27104053348133494,0.2770182059258982,0.35972892983075266,0.4745122485875707,0.1256025386434484,0.429897294938803,0.21695324416487727,0.27756778180255115,0.10876533151000359,0.22041843113372522,0.30105249705205217,0.12247043093897561,0.2964382917532661,0.47084425154337095,0.1421572872431221,0.40577629123020176,0.26386842135039706,0.3620694858097352,0.20409463919409176,0.16379690501654331,0.16418504570849057,0.12819677825725787,0.1742586819604972,0.3656877539955873,0.4526762447374032,0.42565027423646473,0.37405372394979364,0.14417274536444108,0.21567497851837994,0.2239227501289876,0.1999827785590485,0.3060022638838893,0.31422152595186903,0.2427543900684441,0.24151566349457443,0.4314222391624326,0.41571713932787424,0.22311833267229828,0.4655153775493037,0.4811260068010025,0.23069701681201635,0.24176997951722196,0.3022536613687835,0.47644832501346945,0.4505277732569246,0.14102718503343592,0.25709229730856653,0.3213484758999088,0.30125298902061604,0.17754522717475707,0.44352670846726194,0.37077631319873494,0.4351633499407215,0.4435057117397889,0.3993423414662959,0.27568424049988693,0.34421870200616983,0.16414616244789726,0.36945816698996314,0.1717013022957123,0.37757983620406277,0.1918392643015875,0.147020520060088,0.16611379605718296,0.10079685408762812,0.38749584714141216,0.3929604196233517,0.3059733399653038,0.16454512042215347,0.1334217350042759,0.1076515865749148,0.1662992707860883,0.4563422139932587,0.19661473668067272,0.24170853088688626,0.14213819379253329,0.18894452189926814,0.307689828312082,0.343101073238261
0.19814092566648445,0.12309286369004689,0.25641314765095946,0.19368134837053366,0.1878215692919208,0.4839451210853821,0.34652019437028964,0.3227513772688384,0.2663100414093288,0.2715777333720577,0.3163620015352323,0.37857192281444296,0.3808584384727318,0.16867756308217985,0.30004510083065083,0.2647832380136408,0.4482107865077537,0.3525675684873506,0.31300162656639274,0.14615785687156696,0.3422551557293646,0.14688156227209337,0.23488263022630085,0.15713678592573277,0.3768294588097476,0.18250084553446105,0.2567437492752104,0.45826991104751147,0.18172655335958812,0.30312202558351165,0.26770866446640884,0.1072496164182919,0.41710324542912514,0.1276183625258399,0.2897020083907814,0.32427131797557995,0.3513705826458349,0.37545265172315023,0.20130895340908606,0.10399151066337975,0.3893774649419648,0.31426263973903146,0.43444708128289955,0.4285553451602777,0.43733046711515333,0.2940378639918161,0.23345135833474628,0.416623281036548,0.28051764521170197,0.1733768785613738,0.44198960782458974,0.45302395070893897,0.28652390245606807,0.130279890923915,0.25513043596677254,0.42141506378504134,0.46070961141849154,0.18138909699903835,0.12678944481010862,0.4509401812531355,0.2557619755915501,0.3167043857070253,0.4872263248203036,0.12662589116568915,0.3593272029808382,0.12964216902994685,0.2501875713866002,0.42152581807737877,0.2733888931022538,0.4988729415611802,0.32362371397864087,0.2284648610543814,0.18804453036190127,0.24020821371446474,0.24901330950382033,0.1274854710895844,0.24782967977070927,0.28569540789569,0.3890951008955219,0.36269179388864325,0.3835062620916617,0.10334547275074285,0.18706695983221444,0.36467371535994264,0.29359574727189885,0.10212539026733838,0.421797856972729,0.409123829316135,0.3193676651974251,0.12658533031050886,0.4066060198130339,0.3334854350925456,0.41278399086318374,0.4006987969583362,0.4212008287831349,0.30720322656184995,0.156129807277406,0.3684629893518755,0.34818951402078824,0.3969012748796349,0.16795240242029413
0.1779900799601157,0.4561638068877314,0.3999911193808283,0.4632913954801292,0.4034861284655683,0.3388621223961208,0.3616530948111495,0.45565116957600404,0.3315227018047762,0.35295652973135494,0.16259068640144025,0.2895684880464411,0.38655884478323965,0.20837707932654617,0.18090167220981399,0.22553072328976623,0.1966002511971334,0.18596505481455836,0.26994033714723475,0.4631354055534137,0.30282385869548734,0.17516815232612923,0.13078866775234965,0.3784624580551701,0.2531195057745551,0.4287323786341437,0.3638043074563081,0.41849658021654745,0.20877841576737952,0.37694356898442327,0.20562479387748753,0.4756273917801167,0.3545497126133498,0.22980472007013686,0.20780474491690906,0.1763706340286574,0.3778563835574912,0.18748624519917093,0.33812130637099563,0.20585401077014295,0.36478757791754746,0.4259758914162157,0.4112100972578613,0.4043405323723127,0.17508896227690085,0.1353539787938075,0.37957953139495426,0.24733888551774053,0.2729384905613389,0.11245963711735643,0.2038305797100197,0.11347056154978562,0.4516743090404991,0.1973586732874122,0.3229348678292032,0.11559172826445217,0.3667389565222633,0.22921093830163755,0.4591676747830663,0.45524727557361433,0.23011624734469913,0.4603843582761872,0.49846306939951157,0.43016626564957927,0.43794853910209164,0.19960349444363598,0.3306809595431025,0.12690236558694715,0.1379671747286679,0.4995570448133163,0.23065569977036438,0.3992735648195386,0.4226660212107266,0.44320930840289174,0.49905131896086263,0.19659859410274716,0.11614033074387989,0.2644766071978344,0.15203226793157879,0.10897035566482205,0.24417073085659446,0.41349530043009464,0.32647227649002836,0.22511119568414162,0.3617368021970879,0.1928072721235243,0.10575257842883401,0.40574135457457094,0.3494972339456036,0.404921049800384,0.11557520667506625,0.4348478511322609,0.3478104800145213,0.32535814028505605,0.34984561924581264,0.4457732987473456,0.33477460262356284,0.3323801519552717,0.4962716628263063,0.4026920668274272,0.2769175221804541
0.38295880001317106,0.2556921886767154,0.1915501849933996,0.3387407507551038,0.4712728392455806,0.4716558080061851,0.23676211124219615,0.31107098648867804,0.1846543594279445,0.49825244379955336,0.4924471631471743,0.35980357188297896,0.42176562387098937,0.38604006451348005,0.3372632876157873,0.12133919879555909,0.2819057370210645,0.3699145208669642,0.3710126455534739,0.24924904736895345,0.4766767946632122,0.1669428128947124,0.30014377848622426,0.37635359062032914,0.37885432235672367,0.3594555827075262,0.2101152853807441,0.1624826274746488,0.3543761307306844,0.3397208464557751,0.1717424041156964,0.3820556582282254,0.2820687966934626,0.36710423664126124,0.43494683190806027,0.16789137143076927,0.10765794719873467,0.4116410345583147,0.3438789700610464,0.37985582784884875,0.43526198999545707,0.4211243739298002,0.4843680587715299,0.3143740315408473,0.29539825306396217,0.26075487995629204,0.16147641713768182,0.329042893152809,0.2108050097303915,0.46852300488519016,0.33327632171083904,0.33713607220324404,0.24196986435080403,0.120795740791083,0.11269750614919545,0.26933405766127905,0.13382615123889516,0.3427387822160557,0.452389202255863,0.4531659266074889,0.36361816405289293,0.18449273258917243,0.4451987325435488,0.4544373741252833,0.1786614339811835,0.39497043430827095,0.21460781957084918,0.42105612494117184,0.49889515996144107,0.11201040213175713,0.45894634631637277,0.34905221343946324,0.48935304766592846,0.28600380701057104,0.4389551722285495,0.1249576274393109,0.2341116200313183,0.126806615100484,0.4901372533916283,0.4267895629087347,0.4410189684983882,0.4751860925735577,0.13404139444791416,0.25423903700533335,0.12841395561760086,0.18431724062001145,0.19174631081506896,0.2876428844190315,0.20742486698145704,0.14039124272710446,0.1669964356376431,0.15891022542083638,0.48923071916491934,0.4037170027673894,0.4871045861078248,0.2758961946031634,0.21134739266506264,0.41931727888367465,0.23050156721645873,0.21975334948213932,0.19300239688313248
0.15187159128969416,0.2025852244067064,0.2421278993895551,0.36959768325829223,0.12502593688778063,0.1842027758661372,0.42360945611667056,0.15876876943350832,0.23705805860900864,0.44586356874325606,0.16197012445737707,0.13309473424727597,0.29381519803200434,0.22096780451141457,0.32536334579354165,0.42152195619339006,0.15485939526109727,0.332279633821714,0.30220350415594555,0.15763151440527984,0.349599394211593,0.20945616714430867,0.295133727417605,0.13290892971082477,0.2838336228854492,0.22258538721712814,0.4289524844741418,0.12279149079894731,0.267442909967332,0.2833725696525752,0.39000243051964756,0.3297150300360844,0.3668849348776725,0.4108197142607025,0.4448811894632755,0.2255501986889882,0.3152090821455612,0.43604323137568,0.49578045238602264,0.4558077244175053,0.24858690504975073,0.17806660688746018,0.2957570149626355,0.3966565807344169,0.297027628301319,0.2932723453254674,0.43529216843272023,0.24456151162687456,0.4439178699246583,0.2627219203806894,0.23129324227133577,0.2815959644798796,0.4049787834699474,0.15040081114559772,0.17856768634880696,0.48057793026523676,0.17019665095254294,0.32709092717242183,0.33172578666477515,0.29584978482009794,0.3578980994307275,0.1919306903190474,0.3210649071106993,0.24886930209875888,0.36466690385167566,0.1564894173492598,0.3283509667357905,0.17410814215332948,0.21145722524601457,0.1874839201294333,0.17313511194752684,0.43028438062426677,0.21428302706435615,0.4708495127457798,0.4879706101380764,0.32850418797483893,0.15720044906629058,0.2498192973518325,0.41909290533928567,0.2469562914788282,0.1348068873211155,0.3227139643712752,0.4380483405984139,0.41837055485740093,0.1700492560521413,0.36910584576498673,0.18820170537425884,0.1872830138208689,0.4496287093220741,0.19986758109609207,0.2052989386072045,0.10026135630451982,0.44826761365020706,0.4170379252836539,0.3509315740362712,0.40010630557553695,0.16081942696979673,0.2833294378350302,0.24048775493951235,0.1375106105028066,0.2944521940859697
0.46829586013705415,0.1160236476202778,0.21658436539751758,0.1830163744822814,0.19525866146627854,0.46337382075175015,0.2872276216937161,0.28651976517592753,0.4042302569821129,0.16179688160197034,0.2949061416400203,0.27199408564842387,0.33876427621866245,0.4998230813001755,0.4077795576328188,0.2591462812069709,0.4310212209096188,0.16828334532499206,0.11218547452358406,0.18177934898570924,0.23616462244570388,0.304232302983824,0.34605165621647993,0.46424228688576874,0.3039416038201831,0.30051025785029173,0.12009720392919286,0.11396462106248953,0.3204639847665488,0.2752714452993378,0.43567215799211945,0.1642718338847381,0.10998866484681985,0.27961550717205036,0.194991422700903,0.11984574933553499,0.38983931473905165,0.144637199982899,0.3433278000031087,0.21241990006675568,0.16939842014200882,0.251900609167727,0.4205783104891815,0.2568374307618291,0.4003078596844223,0.15019451871966027,0.40910856786603167,0.19477332996265947,0.3709572519555492,0.32631262193639854,0.4716578868846749,0.2549290071901256,0.1264660755337762,0.10766219422050116,0.4307434243891013,0.3098942550645729,0.4100976207339797,0.19377024000460588,0.23803349820529351,0.11204154888452758,0.48459692982964486,0.36714716268032543,0.47328203510372246,0.20619856297162895,0.34458544449026435,0.37139998731705515,0.2270198801030354,0.4392436940062521,0.4788645851600991,0.4539420470784018,0.395626790375749,0.21098587188998164,0.21264641684225272,0.4853441281784152,0.10411379837427681,0.38641998929685784,0.38249846502210494,0.349075816379919,0.49604353843474636,0.2247517743054901,0.2359887455172993,0.13157576117862224,0.277119254617495,0.20441941049393925,0.2373546808710577,0.43382871610225104,0.4741938054109983,0.17429322880207426,0.24900357262138637,0.4714522248461577,0.12472338427568906,0.13694421124455142,0.16511639568249176,0.3380851336507499,0.160188908402399,0.48723055258029346,0.27868581090340816,0.3006071841400666,0.1986634463221626,0.28838410097389344,0.3647654530548047
0.40047085478161715,0.4015472330839652,0.3311564450776353,0.4617439099975429,0.42696313892244375,0.40281924587945017,0.12224220867218426,0.10275118488785973,0.18497891087818918,0.3654094375653809,0.26447899555301835,0.26096250371972474,0.45383475529184547,0.45822513925273556,0.4636701056214343,0.22555123060601093,0.3764223250957047,0.20865327250974786,0.17624393322977994,0.1738529829389477,0.23684304834543762,0.27198304791192873,0.43237966842202735,0.14795643738908484,0.39397033895795774,0.31258196567572216,0.215178137070397,0.29712783381312985,0.21997682791080908,0.3384327820953224,0.2735375691420977,0.1657622116315515,0.1466332298222787,0.3186782728288521,0.4609652133144414,0.23758307462307424,0.3932000428890493,0.36346454197590683,0.47262196572379245,0.4283924069196564,0.3266421035621852,0.36281219929364295,0.45935458663361395,0.25980751383477396,0.23071788234311097,0.10432443345407855,0.43062042967658576,0.420392280161346,0.14178180724006056,0.3307429524530801,0.28559267926675497,0.1474836382036446,0.4922272908242894,0.1858783549853422,0.12689367203622448,0.33793895180076383,0.39554667085321304,0.11297737841887479,0.36348705549080884,0.31291675038058175,0.14130600355001938,0.16900955077854485,0.3271897189264322,0.21854304540531536,0.4753262914605264,0.42749609179362036,0.4934268826054652,0.2038683355801656,0.48788945311919085,0.27249354791662317,0.23900751812550186,0.1201398107877413,0.12110610314384106,0.3768045023786619,0.28317159777361117,0.1906086504144423,0.3455881225300931,0.2011432473000445,0.331052701737769,0.24368349879307616,0.42942089064472766,0.4282784643067118,0.29094015924896055,0.24032764373400625,0.24502391862363782,0.4222858102672872,0.2312717931190448,0.1836237494827384,0.13387533675012275,0.2866772483537634,0.29285283956793673,0.4363634841611629,0.1884954785784256,0.25239650946736,0.4233622955574764,0.4294494442995894,0.2538444303915073,0.28364960931467237,0.2213143563397132,0.47302195136772485,0.14745750629663212
0.473499769200588,0.37354658073413727,0.31262886107469245,0.11306362431379835,0.2902384767288033,0.2630992420010929,0.16448752479004902,0.36256384140026277,0.4884603629473143,0.32487552442581,0.38590131057757837,0.12738018102640672,0.2670667983267979,0.14654339406579836,0.34511833421460414,0.4753928632856619,0.36471109298865545,0.13072121932576863,0.24186648199403316,0.32026535177634063,0.2612831024533009,0.43345760419006896,0.42586840188399566,0.3447324080412886,0.2493831780530821,0.20213454950529766,0.14234972728525175,0.24195907339462164,0.26526900688308785,0.37032917004162946,0.36326392971902943,0.12804325585650278,0.25810372617246313,0.1727115468869448,0.16272508212672226,0.43092085989489837,0.11676608668650301,0.26767315036084854,0.1672814623066073,0.4517320862713896,0.3228162053100141,0.1925522545507392,0.3009709148665506,0.39259454388124637,0.4832472035677735,0.18817840169816757,0.45447270885173807,0.47372164566699615,0.46656821781282654,0.354165742744764,0.35192826177388314,0.2612842532735291,0.4009591529215152,0.3125176073403728,0.3709752284913178,0.2713831615395182,0.3925985856172557,0.42978860704181965,0.15857450264112646,0.43317188622969127,0.3161186127161229,0.4378663636360898,0.2725206825364058,0.251616194153214,0.46602429300688897,0.20046770701936054,0.4376849301144573,0.29360822900376166,0.3056381770205039,0.2233873125957936,0.3292168802476063,0.23008447851048452,0.11570776569666093,0.20879944213774243,0.10255161736263628,0.4913419148227427,0.486298883927899,0.25806211898892206,0.3913483417358584,0.23832243936417,0.3684372628343905,0.4221720172183917,0.47870249787689634,0.2600849103398688,0.41331919318241905,0.2063713802528475,0.49613292151745936,0.11030783950574047,0.3414115226004484,0.3638023926605308,0.37521822282965156,0.1481550315156356,0.47541191338925215,0.17247331162003313,0.34910136129593644,0.18907043164923398,0.22288656680850838,0.3185834166912498,0.26687736742583057,0.16409024039060252,0.1683745609683393
0.2672579152651199,0.4029131913102003,0.45918585873911544,0.13365106490375314,0.25724156302376044,0.14009822548915066,0.10663699225303916,0.36468747305758265,0.34097977678663516,0.1652076455259545,0.19352513323722564,0.10948310145780736,0.4339788822777615,0.48987623841942063,0.15418381471787634,0.19259008550611925,0.44736380957877364,0.47058551918247393,0.2678509531227241,0.12024898890762965,0.11575673347712777,0.3295799464276042,0.2571580435572716,0.11146097103106181,0.3333009569250227,0.10452101463560899,0.4149487832597092,0.22257312908134863,0.11610320120369284,0.33534088839326137,0.2590737657732219,0.4895201653428598,0.3176794650014809,0.21009567241480331,0.38377554585358997,0.20859680101708455,0.46169731656302604,0.24988878820295057,0.31994742511048213,0.12022924152969156,0.2704484951808923,0.43294541586439805,0.4222595221453368,0.1897274235414105,0.1904316284042251,0.4269221248852947,0.4721593680677302,0.13814436850920142,0.28002345577049015,0.2349817115856916,0.4482753821829758,0.1334099658720075,0.18445037702321498,0.4009873350345977,0.12051753959248623,0.2970141522857157,0.276842813871888,0.23376047159549948,0.2578289261275695,0.3119762347720932,0.16454694335535325,0.32879835131343715,0.4221729317199946,0.4040643719160636,0.16155996187750948,0.15969978789658956,0.20726974709796533,0.2444298905364149,0.26338223256339305,0.37187888673333813,0.12267217286633417,0.11386908169042656,0.2567642251775636,0.37886547685519223,0.17737413718259304,0.3566017925025007,0.2039312551761198,0.4544344435254065,0.45827597770664663,0.2189148817125306,0.19199750158529622,0.2645215888264925,0.1962126340720595,0.36895353731668146,0.4304258738193142,0.3692368523644868,0.4297401788997398,0.2587968648829897,0.16252678828354433,0.3951803789590369,0.24418980205662155,0.36850833009165307,0.2082575767927063,0.13249185392266907,0.4970327181951054,0.16248060317223972,0.4953683975853924,0.49091197302657896,0.41752724156321586,0.3637691848327991,0.3311228201004339
0.4464406181511339,0.2157758086477952,0.2870724849939508,0.34775598774660077,0.26447619034779646,0.27099458163610723,0.23211386700083378,0.32569272667381444,0.44022981120604643,0.18061135120252514,0.47377321550137663,0.37563506149929193,0.42930928507201205,0.32247627705200466,0.41180668056962544,0.10648015893578688,0.42735216991181413,0.11605554363414661,0.455965350545145,0.4967850988954573,0.21762698487071114,0.18412742251431746,0.40614534554321635,0.2012105363681013,0.44622495326888145,0.1411370368629907,0.15038207855174332,0.4916606220402463,0.36953555930800186,0.43875488977158117,0.22973175094060722,0.37059349980824174,0.3376967309234389,0.3412600480491788,0.37301298381508863,0.3301436692516394,0.2716249477210664,0.21036907775221875,0.4074325323652809,0.19050897200127448,0.3769417224617657,0.19333312905973066,0.35013206798178154,0.3988313068516116,0.1874855555626157,0.12397732034452331,0.15238949719766964,0.3423987869084102,0.43977856249029423,0.11799872849416976,0.3936605036166585,0.23652745838002087,0.291411347967809,0.47154381993822625,0.2327886018943382,0.2861347735757944,0.10547296590427245,0.13263948800193537,0.20343663645391363,0.11114089632842977,0.3525501304193004,0.270559342720649,0.3192580810912088,0.1698588743585318,0.21837281177464646,0.3655297899410901,0.4861210894521599,0.12016670944088369,0.45615372834210643,0.33075248052448336,0.3255678267022495,0.30011141408310416,0.12775763436167337,0.13595074069446428,0.3403648022636344,0.23638342857422334,0.4669072266310723,0.2626362149437889,0.15731258348105645,0.3858875334008144,0.21734136857640396,0.3101881229423573,0.3791331142020681,0.46010564448082814,0.4168764779206705,0.37054442714908964,0.3718532729580575,0.4783698576128347,0.21832963899861443,0.10044483767847497,0.20878182375927948,0.1871565518506976,0.36473383404559934,0.3534846399062116,0.3373845530818895,0.10649737728378149,0.391511221780259,0.22941216499419662,0.3660223956026525,0.32263137140086134,0.2370923701711629
0.15383050684164312,0.13776755906419239,0.4326073332448894,0.46735901683262326,0.35991521870571985,0.14137364594419335,0.2608108867552963,0.3915756800420629,0.41192835360402724,0.14728744891643544,0.10001228753815297,0.384854818352242,0.24263847039448228,0.20179253264730412,0.10515898791581019,0.31611976270459985,0.4404602941703927,0.4830526585090352,0.3262979802453157,0.3057845310959577,0.13402255419569645,0.3195491206170399,0.2519916315861579,0.3428541123534308,0.2554905391506187,0.1961196493801467,0.13798611009135062,0.22596737783555831,0.13865793371510093,0.17075878032959357,0.49493446343181835,0.27764142276264747,0.3127487066020066,0.4494474114948862,0.4982275601962751,0.3330857797378726,0.4249895284176687,0.23077640973467012,0.22229758297891644,0.2610814883978241,0.36900290506945965,0.37287667570203953,0.22609577385978033,0.1532839696546515,0.3529585025862034,0.1513303448755058,0.33139700329173205,0.3773688512225236,0.3802445985577807,0.4013888442638387,0.4491437686262658,0.29998359678591535,0.3920996758118285,0.34766909414633473,0.17465597591907303,0.11027585794776328,0.2138165542707735,0.27721348253504774,0.34684237777146254,0.4399837322012822,0.17849828668246626,0.15021991595939085,0.4853919789897311,0.14321782375056286,0.2913964280428757,0.3342254915173207,0.3165497683629753,0.1344128628131773,0.12281076560144776,0.14219337098441429,0.334235073549045,0.3177379550537285,0.1934963168146977,0.3551096567382367,0.42802700082225975,0.11663158393863751,0.29925197741921694,0.3757241648410762,0.20092477082787485,0.22310836211725965,0.34545516119575354,0.4591741173774948,0.4239697681211597,0.3332520876398334,0.3920886871028997,0.24592898808311947,0.3563862112395031,0.28647263645102283,0.17597445458302438,0.3806953095509029,0.32258585493952885,0.24344863278143658,0.4645356760314523,0.1083736471306933,0.2263092604997984,0.12275255911105863,0.40661092648865094,0.3808429816455171,0.23254088749452684,0.37026516088282924,0.2583748904783799
0.4025015165689737,0.28167346509468244,0.2649118911326662,0.47389196619532037,0.2003516399562801,0.1481789359986262,0.3338172453037833,0.4877287249136716,0.25113568549087467,0.12481470545151262,0.235722106923827,0.3023726617278234,0.16476920265288547,0.36324088722259684,0.49909975560408026,0.2806957903925775,0.24189142269208508,0.26028166673378667,0.14605847135808048,0.4533094405704895,0.26593026220854077,0.2549097645699365,0.3638761091721897,0.2768133683724494,0.35929338752313844,0.12457851605231501,0.42548933748889095,0.47620158115176103,0.35950615446375445,0.48182637154352437,0.16057292574798532,0.2909664757921415,0.3407226935781789,0.3326946589684747,0.2605847116356173,0.23523376374650456,0.15072960902016752,0.2566969802249113,0.16506432604219407,0.3937462705968874,0.183532374197836,0.12342612211381354,0.32094645512689374,0.33809189308776066,0.44876522451220224,0.3307926449670727,0.2381923414893783,0.42120475261052825,0.3161115572749684,0.13171211385247672,0.3263402241252987,0.46320741816866495,0.25852505019928823,0.21853032075992004,0.15738778280720803,0.16057820877414294,0.2731085937367276,0.33827192966461184,0.1322461620678407,0.47582743561006635,0.40205344697807843,0.33464956731346507,0.43137546837559637,0.13207470272484534,0.2907355510932498,0.3520372507446654,0.4314611624473157,0.4133878240197071,0.21082769988535988,0.4763520678236818,0.14973833657234814,0.4500534474484609,0.4883760998418475,0.17086140928905025,0.38882642568151415,0.11611420751119939,0.262169130055662,0.3065133196790696,0.3322580903638537,0.4743748992994238,0.36890027491767785,0.2925111804876948,0.42387001450635575,0.48021312838176355,0.10882645947291635,0.49300850890241554,0.13445285562547216,0.42575471170750456,0.212133901020565,0.1528718631015487,0.275942255885534,0.3575826317790455,0.25238073800939,0.12182616331307959,0.33978445586348666,0.4609613104442699,0.2532861463789007,0.18653311105233084,0.2770309383731262,0.11934508441951236,0.42819503379211
0.4305363243800747,0.33520018537185137,0.2412411555753558,0.4199133457783134,0.3218748099153469,0.43037292342000655,0.3525835170332082,0.413762189285119,0.33942519728710396,0.2656564272862665,0.483178343970455,0.3164455299515379,0.34203580741621536,0.1881950557658997,0.35026031577091066,0.32864305979317754,0.17393535917880998,0.12383483894125749,0.34174372788590845,0.40547690774012823,0.30936054836880333,0.1907090501278583,0.36660879067721397,0.1320422906438409,0.27673348192078184,0.16534670335936807,0.17378362042395334,0.18091757966328148,0.25468282281759114,0.12046008224815906,0.2591173763716393,0.30468297884588036,0.29331771398653006,0.25311364016121624,0.43565864322830106,0.15813067696820166,0.3022786975125496,0.12481656678262172,0.1284622715511639,0.32954633987083853,0.3264073699551284,0.45121340513778285,0.3231494702640293,0.48391640816194015,0.11947793935997192,0.13920307391229644,0.11762634462815257,0.17411074013341601,0.31650804437667124,0.35822887257097125,0.11823406317946752,0.4783883559382397,0.43686615066015244,0.21864499286283726,0.1308750120905872,0.1679548292876229,0.15077776550198907,0.14931351171957874,0.3074246754662936,0.19833897699736014,0.24325588661165778,0.495802133353729,0.3737256995701379,0.4795922668188005,0.15702262201324624,0.2528557899330277,0.3218927213129417,0.13070322475549523,0.10167497745118315,0.36817373351876703,0.35672780672057414,0.2643155239998447,0.2958576304128131,0.2661772002368359,0.10960201793795554,0.23414864248698497,0.17083290215891594,0.1393696756405475,0.4826881735557399,0.3397438900168662,0.39146251369464113,0.226145497306447,0.2572588517976061,0.1947695975586894,0.13878626838616992,0.17161265497663353,0.4190056181185944,0.3710183220735104,0.3187715503941908,0.2900359491467073,0.46897371346244976,0.12909397911146736,0.2122403252951664,0.23997514142828563,0.4129703248851152,0.49700584806478854,0.19626820590286123,0.4497229336548323,0.43224910417271656,0.18986295905670666,0.259733032079689
0.26386914771700765,0.49128826741062337,0.17235676055155935,0.41966318844191286,0.23367708566924397,0.3923481383104642,0.2680044017182651,0.33134390524661606,0.43304470933045247,0.42166622599355363,0.44656927341588004,0.12384693013786362,0.376820221215898,0.15599495068870517,0.2663274272073644,0.3194353660218754,0.2610957938987323,0.307844670321203,0.4986105235194477,0.1540869254851419,0.3701824181345702,0.25840038655424613,0.15320391956293153,0.16349470534972382,0.47970924249824676,0.45184059868470483,0.4628167841660088,0.4966131103309547,0.18332615600340718,0.24217573494562472,0.3676876119699467,0.29352101594425895,0.2673558133513334,0.24312449973423722,0.3375122527773809,0.3302373714560328,0.16458313362569604,0.28869593500737567,0.32138871048393997,0.3281147754925562,0.18404287716494072,0.39690855690091476,0.11007963792842786,0.24193274221726507,0.41208505941425344,0.325557168422161,0.2044649730043441,0.3779812477372191,0.32695637766242935,0.41849744378255493,0.3940100744759294,0.34404316881449387,0.29527107012432563,0.15327285026700938,0.20453320715415352,0.2676397891668341,0.3397197148025555,0.30548314208612193,0.2152738103838118,0.10258574311588423,0.2984956887603256,0.21425039542489724,0.3938433202842141,0.1095785061081934,0.3339311245223163,0.4765896950024262,0.1697637068445998,0.2886597963002382,0.1365687967268553,0.35027276490454107,0.32021267223849026,0.26294620968513294,0.30855080858949646,0.45862986338760414,0.17851772092442683,0.1090258046821389,0.44466595387964036,0.3308468329551626,0.45626338218473694,0.33877808936526904,0.424064435983881,0.2718693453420592,0.39994397251530756,0.46521658675594246,0.32884918548888253,0.17231406022495183,0.20751904601207927,0.17945783075896232,0.19874281103829317,0.22256617974041457,0.3220535147012754,0.33519665178553315,0.27059989889674446,0.3461683119283342,0.13262997024454637,0.135115294823264,0.1687317841430634,0.30723099921613795,0.18559787147932544,0.21331376139703095,0.2601251344691976
0.424746449604152,0.10554485436514405,0.35975152809464894,0.3675506124162742,0.4194623121426546,0.47310117562412535,0.10805513957971594,0.1615134822052865,0.45446851762239726,0.2834074248748062,0.3258362555733854,0.36521088148925895,0.371626641798255,0.4726961613266033,0.49877976696466786,0.3880629843723761,0.21488848368206034,0.45190096091773746,0.11968836581630465,0.19243234114979849,0.458954286985486,0.202476605775742,0.1882604238486994,0.1552501172560989,0.4436447030587666,0.3000233036764347,0.36995728122166194,0.19562655363001188,0.4032161684044866,0.4040022179848394,0.22503920996332005,0.26427305320411315,0.18387611097208034,0.49062440932916174,0.35824103082336467,0.47381755228620626,0.2213542174516533,0.4127563651987559,0.4063434575538968,0.3766622607466167,0.48625559010672015,0.25742213444252626,0.15228692943590294,0.36868354369762435,0.39172392019088254,0.3300242293835259,0.18272715725335853,0.30178237666774216,0.22487589462765178,0.27098661126667567,0.3580874303378656,0.3980858970763338,0.19288987636053725,0.26213014425878134,0.20766462839665167,0.17945264554474766,0.4133548879983354,0.46370107777479697,0.2480928742738307,0.40051156974950675,0.45879811574576446,0.4384496842120926,0.17312535541569035,0.48251675260534455,0.250670576171785,0.23569626446953454,0.12497253091111214,0.2944694616419532,0.1436054462563715,0.1994159283709704,0.22677704870691257,0.4235305293966737,0.45019546015835865,0.22098652698458787,0.4434792484978296,0.44289237494791645,0.40586038015394943,0.15867804560607263,0.37612913876029164,0.4780096258322275,0.3730161915068628,0.2326467396431336,0.3002317269723325,0.35829001734042143,0.30422816349140147,0.14798117669238794,0.22482561786080826,0.420958412221453,0.444567218438207,0.1549200130862281,0.4809547009594899,0.23152904713944375,0.36492549549228803,0.4007300583826725,0.4247784938551534,0.4782998808903721,0.22516781921152906,0.44340258182062187,0.15267476137448283,0.3820163625414371,0.39679109180559435
0.37108929648052824,0.2009258944540612,0.4492172588060813,0.167543385348158,0.12145391660833234,0.38698599624476493,0.2901902860930935,0.43963920798347045,0.2533588564233036,0.16731143540308513,0.4345768769879479,0.3195638526560287,0.17567831695614197,0.3881535994345783,0.30444545539580026,0.3417251928961279,0.2843593352826328,0.43148359352720256,0.4318250862732199,0.3837555287297545,0.14216055095858493,0.43554154476162754,0.3684051922131639,0.37880966640171987,0.24519313616154867,0.4517118224628027,0.390148640093943,0.1450361866116778,0.26311121376246505,0.4545521447840567,0.1188786806789516,0.4845666478568198,0.37166502732782514,0.35255039105735064,0.20822370259519657,0.19951671549567085,0.47682328779543826,0.2193089816936491,0.4102021186875998,0.25724871928283166,0.1557016283138816,0.10428611907814359,0.31770293480610035,0.49031152741957307,0.2476544775236818,0.24287693359721796,0.23763664713977684,0.30821753492194337,0.27626595336971743,0.45196585069080586,0.30220831668939613,0.30310313527542754,0.15534863788822265,0.49309581636415445,0.1999891563475319,0.12934562698384108,0.3652584995900835,0.3381465480627491,0.26605826159709833,0.26887689355227123,0.4140255684185725,0.17828505603985964,0.42810132757795594,0.35949884555800726,0.2675879095118098,0.28321144663354747,0.20265888287443834,0.4008457330787899,0.30514989692210714,0.22834181709993745,0.3384200463043801,0.4982937808205292,0.27410491186262154,0.4682765603114478,0.23800673596982647,0.12189308276999436,0.18169684254737156,0.26747805733107366,0.18785397143782762,0.10009081528730222,0.4660006150990109,0.43755176449237165,0.3969168925947789,0.16712583825841146,0.14814543048399442,0.12704189978895328,0.38961167550916853,0.47152318427515416,0.2722143283652148,0.14765626879841928,0.3049571282928426,0.23953276298345205,0.2499299697399991,0.3485322496622829,0.387487245304881,0.14424143954926436,0.11423609232259056,0.497732121074286,0.19309133956622074,0.12153220996338364,0.175950131638368
0.11558313853938569,0.25672435784686864,0.4209607137805297,0.23649777990308826,0.27767336275134663,0.37023470942697556,0.30355762802795205,0.4445782744085297,0.4464142700183026,0.10396427819646147,0.41121852259327973,0.28429344009666957,0.4955362165214653,0.29329283035017406,0.494758378155319,0.40182774448229464,0.19944195384532254,0.31535799171478307,0.49685425579143316,0.4430122431007695,0.13894675751648844,0.3825487987239985,0.23823183434832523,0.10279290475213926,0.26139238761079986,0.19390176868998854,0.42754770820818866,0.23493224353830622,0.43100947758152686,0.10023917553391813,0.22312766001044768,0.19646608572310478,0.1934269444274444,0.1272746479061851,0.1748497081642007,0.322219827954248,0.2165444291350978,0.26695791293165916,0.25074675213887543,0.4503619699999578,0.46211959960420623,0.29718278866234404,0.23206238012624178,0.14272028160094546,0.481361151752838,0.12409077796011898,0.21906011102731218,0.21922648046800167,0.22816051445608598,0.16571473730896372,0.4132645723694789,0.1489991447863957,0.35396266366126516,0.14953841068232698,0.12821425503718265,0.4637718014743506,0.17605150652748228,0.4285000618238818,0.31785234844285437,0.13114260784350784,0.48217927657522697,0.19878446679675701,0.4438581381410426,0.1675240023138257,0.44157715285674115,0.1052915251621176,0.3047121826277923,0.4077770317686228,0.4739182069971134,0.4636808544825949,0.42784994781905794,0.45527653986452166,0.1796878743348306,0.2136737182846915,0.2155874099684234,0.25082157240067954,0.2573282681540755,0.3178221298618702,0.16395190534657655,0.3764986655143957,0.1670266157218026,0.22412339284181904,0.30133805224246163,0.4185762246093909,0.3957876932954909,0.3582137425642089,0.16230930423206807,0.31881813824623106,0.13497860071995418,0.25094527071866035,0.2654066121159837,0.11592457577830154,0.20959523978798875,0.48225978690659577,0.48145304313187587,0.24093082170101573,0.11724004357932963,0.17163797573127262,0.2568871173734161,0.47911187918769194,0.15647962541487398
0.40540633746728494,0.14347301574987684,0.4925030309565107,0.252646599643654,0.41009381555962243,0.23703643312445274,0.3510675508635235,0.1768064338960147,0.15840840771878503,0.4752256558272525,0.46705891116177345,0.45498757608515294,0.35017338006663745,0.42330728448651134,0.12761477476454997,0.23391561675627168,0.2254812499028625,0.35425812878104534,0.24238310938825622,0.15940271265747233,0.33858683016541746,0.42575356826763266,0.2528493977839893,0.1529074860393927,0.17867527892512924,0.1949933220677536,0.2199590371978145,0.3571180282025237,0.3403781938150876,0.37843194462681573,0.24500079381260528,0.4295990607519914,0.18163506446230412,0.2876162990072616,0.42037548861657215,0.1720634590930477,0.14394524549631318,0.4534735870751959,0.23717186510367838,0.3735480499636128,0.1101394417055754,0.3760187553637798,0.22644052461878822,0.1222963414349767,0.34392510461924686,0.1963215264292693,0.254722896820752,0.13223232491460546,0.15886530043797814,0.2191908941983375,0.13590380022406287,0.46433050587452607,0.10241881727359137,0.2935440875457246,0.1492989832530206,0.22307163579117942,0.4704238239273062,0.16467782130959474,0.48633292788733307,0.1823177507957687,0.3966264433867318,0.31867090595892467,0.45379149103870364,0.3215973022012524,0.31382368766252344,0.17818320014735997,0.16649174482066348,0.4665956604462057,0.23113527954001364,0.2488329019851584,0.4039294633713554,0.23552939296912295,0.48082497865560114,0.3951711075995201,0.338971697029368,0.45235806421790103,0.1198423633397931,0.20282507687568352,0.286014533688364,0.19079141578860842,0.3975620749208608,0.46768321242149014,0.2695080479723694,0.236853040044758,0.4846202928550265,0.27794097313101634,0.2956193601797133,0.24065994893676215,0.4638193892048553,0.3275821933127403,0.40486983487265793,0.42472268734035457,0.23673961676690328,0.273477732528152,0.4393887097625059,0.2453021406703241,0.4175740533807405,0.4763969290297748,0.3492841492272028,0.39665091498075555,0.422038924816454
0.4380158595586571,0.2580213351427184,0.12050538367039927,0.26075050849469583,0.36950249191363593,0.2801401543123171,0.3995852603441594,0.24279297178746556,0.35389765644161186,0.17456792194158982,0.39974777465798284,0.3182783875252103,0.18162575541864023,0.21676446939912292,0.39944348343273295,0.2930404942646083,0.1864125761572289,0.48690847614811905,0.38605000792675515,0.4828539330159185,0.27084201814413733,0.29004013627668823,0.4591820864740077,0.31001973609815386,0.38291156476226684,0.200869150998212,0.27869058748105624,0.14937994632414206,0.18239201435078467,0.10037736610705245,0.1157060206594641,0.4909135292707717,0.19694147805470494,0.36532428380160076,0.4356398795198446,0.3202641836946257,0.16125780003358248,0.3912465749344666,0.34010056403983324,0.3925002357389501,0.4078986491428349,0.4901641470738981,0.32942531201068403,0.23665644507624073,0.3593858227600949,0.12737628369705045,0.4589589273286345,0.14775240453527871,0.23113713515432732,0.4262981522504484,0.33892495133228473,0.25745420811097686,0.2893742637500086,0.44181895728087217,0.23600175442395688,0.4478598739248686,0.1352537723906766,0.41071937488345234,0.4390190532218946,0.17272706113493552,0.2721386129488802,0.16619990986546224,0.38264165159768715,0.3141391072246627,0.3541293386833284,0.17859478678248447,0.1846983448209678,0.11659893020396256,0.2288270140782919,0.32389786453347,0.4431739655989315,0.36677097898347233,0.2741585293599006,0.4812480457576551,0.3876980802303328,0.47206608114502,0.3110351893088663,0.20356170991725586,0.1211306745458888,0.3904339405935402,0.14852119920221366,0.2211100513087869,0.31298836315355894,0.32576663511189907,0.34023327879485443,0.16650213213988024,0.2518949619286595,0.34687769084678666,0.48792754585351394,0.3910524550798755,0.46904150283758317,0.4048848233256709,0.3366867875569602,0.17680934765453782,0.36667426075700527,0.34935182638396284,0.3409876681829066,0.2959143471952963,0.31146264159571024,0.23377701084724165,0.3077250770569213
0.17902236227139132,0.4220697589441508,0.17431078187948312,0.1339865159557866,0.27449841054286295,0.3633229758024248,0.27508672997341654,0.21070165278052344,0.3232684735561763,0.23880093416488,0.4731470760506532,0.4690580558414289,0.3009487279888382,0.23115359760730342,0.3948529655826557,0.11468517739322666,0.2899076024174605,0.23452935770813343,0.46821435404102185,0.10480121090907302,0.32112595028733965,0.39626543242665047,0.2940071950096165,0.1341612120650887,0.48898455601116086,0.3072041725504392,0.34567449772760456,0.19464391308300294,0.2933992340427215,0.27165979678332874,0.1299583368007935,0.1424641414189869,0.4349890078475098,0.1959279808826361,0.17798330859945222,0.3019645805000557,0.4074988525450052,0.12477860743159518,0.3307231678553023,0.14768417713622936,0.11458442033024739,0.12109758086488696,0.43366564328337653,0.14718899345122463,0.11806054576491679,0.27515995485716493,0.43759738877681,0.2049633505957208,0.26868504701036655,0.1159690130255005,0.2796314056539504,0.3310452322548535,0.32836282150085794,0.23297067686974607,0.22621327226525423,0.14264944757463915,0.24671932825850737,0.13979786754918588,0.4066383778848207,0.4865097190992743,0.48802978266668273,0.4460284397501576,0.3403168597358477,0.380346278897552,0.21408232107216563,0.3523081680690483,0.282259819775951,0.292806935910773,0.40311062415006316,0.21276734223890068,0.22721584467780798,0.46985671645145466,0.1224897179403889,0.2942537193653362,0.46512032016314475,0.3441452031272628,0.31856282968485283,0.1998976716917421,0.23731019562577932,0.44081936632187724,0.3236872527073833,0.305896877502712,0.13983188541601158,0.10641126258204925,0.4854740754748197,0.25079446691473667,0.3412852248398017,0.131886029274914,0.3732457142892186,0.4730266834823844,0.3302661011989679,0.15044612895016424,0.33268861098939073,0.406538885241861,0.2625666146296075,0.45193509917658714,0.3594731813429458,0.45969956731568107,0.34940212449893493,0.1525151888019297,0.22387668444207565
0.18071797930098277,0.463530599086745,0.4041600269149931,0.37055934756400244,0.22038652785264867,0.17361790882008543,0.40258043519556475,0.2896631783516319,0.19031582086025167,0.34664879126611003,0.1161335408553808,0.2304681016513014,0.28742279783645386,0.15918333364376236,0.4938617910363359,0.18363894583584572,0.15214125201730622,0.18141394955475856,0.40762445326388974,0.2702022637087371,0.3261663759010152,0.1084036627945443,0.11377252342932583,0.2783302199308065,0.4266620972806494,0.45409555148302616,0.1346826270382561,0.31534524084040916,0.46529187451170817,0.25518910175915455,0.4318263325713475,0.1534782617597745,0.4741577958671195,0.4005693270125211,0.47653375711476065,0.37064689342100265,0.2453615727997708,0.47527246900988895,0.2102267105236714,0.23286900882469302,0.38032336720069615,0.4061265198101546,0.4717613935396615,0.1819209636224838,0.41919921408768956,0.39541842135878535,0.12551782250143917,0.2548892564840828,0.21310618282403945,0.22179616974161218,0.4931787518218803,0.3571109653919712,0.3870704631173999,0.4906470549260037,0.2508807129830555,0.42073606738112235,0.2738123853217982,0.4478134687259919,0.17226301652452128,0.47907447082571186,0.1875086833643519,0.23048820279237262,0.4024768936427122,0.25750205662616266,0.3432845507065787,0.2778294004277714,0.3969479748359127,0.19133250094744436,0.1233831948947508,0.2199717589892265,0.2897234659473721,0.16720802087707143,0.24191891586255548,0.2599932073174274,0.12295673747530943,0.33332289927368186,0.453737371188515,0.16069716518122099,0.3391232053606056,0.3658956819643385,0.2677338721677154,0.38043903494570797,0.26429261739640486,0.30185491519097396,0.10294121782177079,0.3766880456538756,0.36453707157788984,0.11536035093053783,0.24730004295805325,0.491612736316667,0.2682946250274467,0.30077816205273666,0.4639720632638874,0.38690475034630256,0.33282805244968944,0.4191218725364291,0.44574650658238935,0.28275522869490677,0.2900433459727342,0.2544203742607343,0.48668245600738425
0.3788665017161402,0.13328922648322894,0.4451838493252074,0.29222397633450725,0.127501562568995,0.31988690206532444,0.26686571159028083,0.45109976194504997,0.18159784144375496,0.43058584379687315,0.3230754764741811,0.12184412128538763,0.48873812053019383,0.30504609764128,0.21635074169263302,0.28776273679570324,0.44314311340699564,0.22196124975402542,0.17707055859468013,0.1516284987723526,0.21914375935608452,0.41201923481601743,0.2886505460781047,0.19099264147741601,0.16647399984389968,0.23309179060415164,0.4759697491542836,0.23721068503600976,0.4952496303818542,0.2940921823061425,0.17166556731606036,0.45645603671740376,0.2841421492539308,0.3838685374018098,0.49348463328366077,0.12007014012798961,0.13867782391502687,0.3881826965851025,0.2127300013181888,0.1737205587800396,0.1157447519278918,0.10873868479448073,0.4097942412479164,0.15377337094782,0.28708824638846037,0.3423587260717932,0.2713407202275385,0.11084266093449324,0.4134006010351635,0.1042052898166614,0.4047559577509936,0.45732179751524915,0.2731359684228689,0.31421698923911934,0.29079335704706155,0.25568344744937554,0.4549698141481441,0.4575734042679962,0.23432654585661383,0.3460279016058792,0.47076302485834565,0.48482339957654064,0.303583616168819,0.2811299221137307,0.21147772637141032,0.483548749276164,0.15712572178914697,0.33193183041909,0.21302010700745555,0.21160331613911865,0.2619874349504754,0.49951717432626186,0.12198652273592883,0.3314167272814126,0.1330288632141109,0.1618083319962076,0.2758251767091595,0.3041840525385765,0.2035169633458096,0.2265828523497665,0.13478680810237323,0.22128791353770022,0.4866233757522177,0.4778829526689927,0.23395131605479402,0.32834157451150464,0.46383815644437776,0.10247352905635868,0.42427342813503677,0.4793478211155676,0.13653029373342285,0.16457907441316844,0.4842985211085422,0.31501605745613853,0.10567865378868949,0.20305279950541166,0.2799774697075439,0.37716356440990706,0.3932641512547198,0.49816860517018247,0.21500447975350362
0.31528804074739014,0.31332941914384205,0.262258103778895,0.16766475753696808,0.4909826252735371,0.44132687466663445,0.29933321131769486,0.34129816907361193,0.19090442142386493,0.31751482815669874,0.3779880532485903,0.30606681135463554,0.4961140682339765,0.3445366624990905,0.24838948503686764,0.4088608110463353,0.16818500463265684,0.2538063254825066,0.23878358015103435,0.2727228380431109,0.41271193037149057,0.29366921286536296,0.41760578010638516,0.33059556125594636,0.23682777386302215,0.42399149747338905,0.19531586822123664,0.1897531919199182,0.3018011696219343,0.20433969838483557,0.10363481398048653,0.3593190109195207,0.3044375285889592,0.2782071257972645,0.48678740584732616,0.3284796735851655,0.44537263111575387,0.1557800944820641,0.3276825852517711,0.4471918506923612,0.3332423029119592,0.38720567125080063,0.24881742712488297,0.13697980681482666,0.2831601180508286,0.257791756335543,0.446824072951579,0.19759812094098891,0.48669369101404325,0.4832552479217985,0.19905265722857549,0.2392207821909282,0.458222296349554,0.486648888358443,0.2773756411344176,0.22839881825635913,0.3104376053006168,0.3751076825462939,0.20938980614999192,0.3945892698476291,0.12066294284585642,0.11971779710576658,0.2545150820582181,0.24138927682428823,0.2262532861468609,0.296407905067564,0.2282934329246285,0.17690316738723677,0.22378781963544037,0.489961709124094,0.26444536679793945,0.27788511074333433,0.33061799598045605,0.4933363073656907,0.1966405105743052,0.3725128442129736,0.3863938774166896,0.3429297667172264,0.13543133585465764,0.37074891033103063,0.1256378844144702,0.33845705981995877,0.3958324708886971,0.18438795624798018,0.4366488030171096,0.11214152221320171,0.43752514546332244,0.28413162025710603,0.1870351759726578,0.15351125799758722,0.481322867032949,0.1290662350324627,0.17963736797437027,0.2391289389732184,0.34809393958444823,0.31792043411043935,0.1502573969649256,0.21589119349528585,0.19550070843440964,0.18541714179613655,0.26445773459199484
0.38161258103666273,0.1869811728868944,0.24667155188119258,0.2563669707364649,0.49058261177416407,0.48186654275162755,0.42005503310083037,0.19666356832767407,0.1272149256366679,0.2267616550882499,0.20671781977353235,0.3023703200585576,0.4110911640271172,0.4433291755515433,0.4379456341642034,0.24387022448922713,0.37489373738427323,0.22513367900968803,0.1243622172940731,0.380626106241177,0.10393102102791514,0.26367303498339545,0.2317517077208303,0.377351015407541,0.4064981891041516,0.22163785438851355,0.42465080577794145,0.21756670420197352,0.2785305439946245,0.3908074108056536,0.3771680916899155,0.49494738892488,0.19006440968637275,0.3649271654158329,0.34387276331031097,0.466039381796012,0.16254485665795004,0.4007192654347732,0.3273074465075073,0.20986634791516218,0.28977396565886965,0.23351063882791911,0.33172536111538437,0.4556002443258663,0.3277219937648808,0.3526889673306336,0.30749913884588376,0.12046620257819037,0.19314342275043772,0.2968006917728331,0.2240941134978819,0.1727054391044777,0.3016531367673754,0.22912391737914015,0.2032430572693659,0.28559416697615236,0.15331370323286928,0.47109829323016295,0.4470808391676956,0.38304823429621415,0.1424855310353825,0.41035090178787725,0.4231829312436076,0.40710584708573505,0.14558635484769647,0.35756318282710586,0.4337299182997595,0.3309413604878671,0.3585629500912356,0.2833453917705225,0.3114829279536211,0.11375074334069009,0.3555852087893139,0.13257888515646368,0.27400583773608933,0.21706203906696314,0.31817118008468526,0.15336653420928284,0.3766573607893273,0.41800461477138817,0.16534177989726262,0.14172523494075287,0.15820619311494366,0.45085102475940075,0.3112757047025425,0.2869043984030011,0.14268472764094173,0.35982240270278476,0.447199836758036,0.4312743477293812,0.3504218835923205,0.13011148666066946,0.14495881087040519,0.11972359484392987,0.20299168659698774,0.15426458686415112,0.20401921610097357,0.25402322228758467,0.4771931136284543,0.3441504239126768,0.433989514273185
0.3841406002849329,0.14500125221065271,0.3943681625495795,0.2100395526236498,0.35564313879788256,0.23638478945719543,0.4990689053058637,0.20542059179871114,0.2116521883097079,0.4722689022249593,0.10985776185452907,0.37867559514927873,0.3901305562943512,0.4345514309641597,0.4897757242553902,0.490240767662661,0.12611070302658556,0.428735729101161,0.3585239734629525,0.35893685374923645,0.15133997064587792,0.3600748665782614,0.4929930322404992,0.4647274278157788,0.27565226432194023,0.11597918931443774,0.24491739600008194,0.4305561246402221,0.38059964058606643,0.28373746223758256,0.12204061406353245,0.270757891129321,0.2876099758871534,0.4714222131576544,0.35643444143286385,0.22466116666185956,0.3101273057802886,0.12642212312886403,0.4890272942598948,0.2440239607722904,0.29114694196525437,0.24211358969476904,0.3730046920464801,0.36489286333183724,0.38612892421165423,0.20725729184476835,0.2262673924656264,0.1501004924384832,0.36220398873844506,0.11591885093426102,0.33907293420938367,0.44787835394065356,0.45633285931585343,0.2796151041479847,0.2837214752852295,0.13078767320320694,0.3683060101772143,0.42850376814913826,0.19786202184188523,0.26852035265334584,0.4355357347061082,0.45084818706491525,0.19727199210569038,0.32022825381654574,0.17699726025433082,0.14075150565582262,0.46444820055678304,0.42820300169284364,0.4040139607212696,0.11950652752525617,0.43749151708410305,0.2752176303621535,0.23695804931834386,0.31859054441015056,0.13654129708942234,0.4026586197409595,0.3329740307553184,0.17463603874926703,0.17529287990761824,0.1736994606290697,0.1228009550207736,0.3351193797486739,0.4361392710354033,0.10699928559495545,0.11960185798850942,0.3291081106747783,0.42779827415442095,0.23069555622745344,0.23984575952308887,0.3385385989987104,0.2096851556496588,0.11064334643107365,0.3940914072406384,0.3502599651765813,0.33230239962226366,0.3966736515967293,0.370092335024815,0.18235279527132847,0.24099241877734046,0.15044405667145,0.15194280536715243
0.3704782985426157,0.4434400427929993,0.48509303354445565,0.3513388470197778,0.1736405293443828,0.14226013817957228,0.42514038861470316,0.3315025905439997,0.347314008405488,0.41258483550188374,0.38131089109298066,0.4337833011424387,0.1224855621839514,0.3990082546986019,0.4403411029288382,0.21445401698332575,0.35617890959730114,0.22566482553478884,0.48318842659298167,0.1133694289742015,0.331917137533182,0.16660141881980606,0.38488808207086345,0.17035611336746484,0.19415330475934303,0.29774832441830323,0.4659339799987513,0.18468574885918834,0.1576960084472414,0.4035907327416123,0.3002478129335724,0.4647140449527086,0.15864582286393691,0.35837115720921575,0.19315165846072602,0.16270417146065574,0.37337176606290823,0.33747384796349333,0.4019309833449325,0.22378503057847296,0.279188662552876,0.26218867053216743,0.4936357855866057,0.21689958269575516,0.21792689533870677,0.24181928353144297,0.32583763251612863,0.2009290977054981,0.46611597615170963,0.2062742259465054,0.45832629262407787,0.14139002545863388,0.3626250809598609,0.46279420737529753,0.16749977535929184,0.487330784039702,0.2811533441662047,0.4782860433764098,0.3707280174520188,0.22063474794942062,0.17532100996684258,0.22149401849003977,0.13720696370507002,0.1575471865373319,0.14186417613859248,0.2691774174966231,0.4182313505030346,0.15655342168653608,0.15212817326893435,0.35737157980693235,0.17887319278722652,0.13904401524359666,0.16673943128223107,0.46949255835071046,0.4285885011104763,0.24162582494203766,0.3623283069309572,0.31491026946721523,0.37084970539302564,0.3730684609851037,0.35149360602399715,0.20644054741492346,0.11560256830512726,0.2822267127960435,0.45638955387628155,0.32779890340743034,0.43295641668076323,0.49664973718449124,0.1654464816553105,0.37671105565679297,0.36971742948000985,0.4919821789433114,0.4942402935811202,0.37467144468965186,0.1974459167928777,0.4194223352522396,0.14281165368441526,0.41227972166865146,0.4640784496578786,0.2531333579073741,0.35225411799323225
0.27205709283873053,0.27510602199525136,0.22414835564324803,0.40485184818012987,0.47447062566660214,0.4763003436937845,0.16991251394997353,0.4498974598626264,0.39497257657084883,0.20113496027611572,0.12691384516860582,0.2071989067537512,0.46488329471261025,0.35327146995830894,0.3884218643591487,0.20286094044363834,0.3877552622299282,0.11124860251116951,0.25012853830920556,0.3507013394169325,0.1584386262165281,0.42920142977877396,0.19401251952476747,0.3609124451273785,0.2620788570301319,0.33841743819105885,0.14298022105156327,0.10676511996864294,0.4638257709521205,0.20785200350687313,0.4278708011121837,0.49974012018888014,0.18457250319956447,0.20606829647334224,0.36514391505386634,0.4861794538402485,0.4663257392762976,0.30115020802623393,0.4180441130106899,0.15429834123996045,0.490975273681605,0.48574129361439466,0.1654915831516684,0.21976924992124267,0.14006199900270677,0.2086870395592719,0.42638231576608265,0.25132624286610383,0.13535878685870337,0.23689020991156184,0.4925533336965121,0.3518734381036812,0.2664643785624631,0.166615405398908,0.49447071891347794,0.4283396037052515,0.21259092098036778,0.1280274782884758,0.12265022295102322,0.14815125980221355,0.33230743344576863,0.47150536848219693,0.2986973712023938,0.43717819298247884,0.2783546479439232,0.38343341830713007,0.3927490949146003,0.16958548236133547,0.24448642359032471,0.3549208626152096,0.1282786432737465,0.24461607510518266,0.313919786512477,0.49848979721785547,0.28981342504897634,0.4264227028457295,0.2728269140266471,0.41855628904788356,0.3381659206480434,0.4546381766009594,0.264377020940044,0.34172176792859155,0.35200747224753093,0.26695317672018937,0.15772481747499262,0.13742376276493423,0.10666862023985324,0.4494137056980859,0.19458996489547783,0.18460269971270724,0.3944141601704262,0.22800644523495672,0.30241787696473466,0.16500442611898253,0.4838982885847877,0.440632560006895,0.4455158491860013,0.26270949942880206,0.4049444854828691,0.15755046215591206,0.10344760103671212
0.10798917303121125,0.3346406949618242,0.2821579620991763,0.3072061395634079,0.10298525616688776,0.2690746478629703,0.3872272644803444,0.27707748078697436,0.3928876825248889,0.19320758575873392,0.4252568017926902,0.33537249618138093,0.1843052397719625,0.19468819034153317,0.3512121858278149,0.43197583728497735,0.2662511128116621,0.20332017165103689,0.44680464276424015,0.36770731670033396,0.27923419491323065,0.29516007811172074,0.18170258717455856,0.3507210520259376,0.24349700421715548,0.4982580706697397,0.2920734061047552,0.2943542424758453,0.32634071496426875,0.46670240124749873,0.4203272399439001,0.2804520279191366,0.38747970638911844,0.33449419951230464,0.2969468194804996,0.17692630911374022,0.2855745053819564,0.19832743480902987,0.4659368599406619,0.23416272539853877,0.48090560581334896,0.3132221160378845,0.35261775147046415,0.31717617779573115,0.15175224678668037,0.2503284876031764,0.1396584449110496,0.3491816176733527,0.2787496780801756,0.41119398862837475,0.18818819239974793,0.16582642337173398,0.26253289238550714,0.4706341532873525,0.38416872600496477,0.26756944991716747,0.3069088679017242,0.13368520447083934,0.4938303585504452,0.3665629218779676,0.214161627385369,0.3343233576860978,0.1437929464275976,0.48633466752303345,0.16991399515334638,0.35921212722208573,0.19818178501557218,0.3870245530594143,0.4107285468961125,0.36936789156457306,0.345799784102077,0.45698763758080474,0.13145068439590324,0.2323659063120781,0.1993149918523384,0.4952055848261686,0.2557559118667494,0.39304507969615954,0.3738900655524019,0.1848324949909511,0.19559907208462055,0.21251382542121366,0.2644509113037517,0.19373002626021074,0.10786059309873913,0.4517572227228782,0.48624393255235365,0.2366281548126272,0.23540275177018916,0.1028367251097484,0.3721002753321496,0.43017595829945154,0.1586433201440013,0.1638665397468603,0.4160332999885751,0.34651629934165784,0.11794422305108682,0.3490187961849127,0.22356708913750645,0.24749006218833838,0.4078925673187521
0.4243740770690443,0.26014265073593223,0.47886117440254194,0.2625850871808289,0.40873441409204403,0.29355090582570365,0.45901293060883364,0.46310449746007143,0.13496672314843355,0.4745973325240903,0.4302139366081663,0.4165242857250667,0.18036453587420898,0.42204768350186594,0.4400530938740147,0.21566013378166038,0.48090403134492954,0.11994405855966571,0.15996370129885587,0.31503245522060574,0.3303169884489239,0.3580600333203614,0.1067876517261866,0.4841467098488521,0.1178352370936576,0.15722478108936097,0.1056058070104228,0.3267433733176379,0.47290675356838896,0.36637886643218576,0.42906298739217097,0.10531248138343204,0.3168061193918904,0.28382519100220877,0.2995871776883172,0.1288852741340752,0.37377414442772305,0.30128816594345376,0.4060595399445056,0.2941162536246862,0.15975265449057285,0.35930278163112883,0.1689545448420665,0.44895782534192596,0.3452464956276966,0.1628815534227817,0.4849352229924827,0.3073461853341283,0.129159380748662,0.35073316176602687,0.2012795628051241,0.421477380750921,0.42712882942647623,0.4915789423418647,0.30074781240980153,0.2819827518910949,0.4013902421785923,0.15298826253677064,0.31876620551724966,0.3184990400523404,0.1357892491241549,0.26719363420276543,0.4413139194268808,0.4424614487978641,0.1396950659678724,0.13628835309913234,0.20507819080077413,0.4499064250215974,0.15156103402939958,0.38799872105097855,0.1404662478452413,0.3492551414991302,0.24242691964765795,0.4155655851863468,0.19347617953014545,0.3556807317559839,0.194273013830354,0.3854641132448615,0.44947121382429955,0.15072071965070402,0.44663827543820145,0.3374301017657192,0.1508441963468096,0.2710167421438848,0.16434411739403915,0.3801391555466278,0.4035472537671799,0.1423186081091196,0.3024559410778578,0.42585002241036685,0.47446521662039864,0.305407146696708,0.48011168944456284,0.31427558818241197,0.2576761978399632,0.43928125142115826,0.29719308418323565,0.2887610042258092,0.29612499576393136,0.4387140007478981,0.4327766166752208
0.2614079969760845,0.23331994394821,0.29677120961565173,0.32910900389484365,0.1953348842511988,0.41758203388623627,0.2945931062929692,0.23361821936798385,0.14272839718559627,0.1955380641614428,0.4797124687023935,0.22203987472781064,0.16754371574681415,0.2842691166619973,0.22283509734409948,0.11406370010847766,0.2292580869117669,0.31764344957578744,0.3206849488079868,0.2426235684707555,0.2789211025010403,0.48620716729390656,0.2509393908921247,0.2032907253039932,0.19738681762670407,0.2831058450816537,0.40380805948677767,0.1823952736753893,0.3837184508563073,0.10845992933976652,0.2675731911935784,0.4103460260811148,0.23549318230977256,0.3254948405781598,0.18199169313036434,0.3967981564504689,0.12091164130750386,0.4410170579502002,0.17927855456866726,0.4497592126833323,0.24101169652020693,0.38907342978979464,0.2276901191144754,0.46236466849385904,0.15065485020734976,0.1714079157090395,0.2972120500635209,0.13277537561525846,0.17839207388070477,0.4775065528848058,0.49059586445915493,0.2505037317321688,0.46931440840557426,0.3179298702693727,0.20789698634950682,0.3809594884322395,0.3635607226299429,0.49565012764349337,0.20601891496371333,0.36882380106469415,0.12080950201177876,0.14545841547868776,0.10156734998043732,0.49978427242386925,0.4209094788589911,0.4146892058934163,0.3038904301152719,0.22002683316217597,0.1605057137850704,0.21386989553858549,0.25038848877165565,0.4025240387921176,0.31586471556126094,0.13099345062219309,0.10721160358356491,0.14093287181362527,0.2641994854789518,0.4732771668196073,0.3549609924836886,0.420730359950206,0.2865498378018194,0.24466643327801713,0.1433601490866491,0.45037320887448196,0.4132640116111611,0.16724723903909006,0.3049042255505042,0.294949923168498,0.3500366210746114,0.4784747575965045,0.33190857670499185,0.31608690671144746,0.12012917317386558,0.12516299040720957,0.17493871653071558,0.11298830867669932,0.397341158228005,0.38933212159758523,0.15442249377265718,0.43443156031811236,0.1619144139384448
0.22047023479894354,0.199590759664546,0.2489228394292191,0.20186550635598477,0.29558037057538084,0.2629631525418742,0.4946277963117306,0.12237054005129028,0.15687255055494065,0.121130357563441,0.3503364779929503,0.12180371096548784,0.43457589495044935,0.30477545227277114,0.31080304983261353,0.32463780308487766,0.1683254825224843,0.17907612124579503,0.2275269291492019,0.33739856632874055,0.18404711037608582,0.1465326908533045,0.4880467545673729,0.10879272592384917,0.42107896213440865,0.4152140598300088,0.2188856455380384,0.15425064640292538,0.1582514586821694,0.378972646894877,0.3571226364344695,0.41309826970055474,0.47499246895964187,0.3767709453066368,0.1623406146205774,0.1973770467061643,0.4368774923492459,0.18372243033368343,0.12900892678179257,0.38131202161690025,0.2610105421960568,0.4680160210183615,0.36010202843746464,0.13616759111666432,0.47914262690146436,0.20342290545609837,0.23488499616251432,0.2609041654734168,0.1204897185617253,0.29860616889224195,0.14932739643011692,0.2603881306753407,0.24028391519683373,0.40913603337060134,0.42126820465309245,0.16136515295563522,0.24662047495169048,0.2493412644127327,0.16056417757443403,0.41938140202047625,0.3828913313341693,0.1761527145188139,0.24668876343751964,0.1423220099426057,0.35128263883721755,0.14854876981944787,0.49437366744996714,0.4122728298751449,0.25609541983359807,0.3314255729117418,0.4645367264865635,0.3216397121583304,0.16979939455918208,0.25148134223246377,0.43725794601189816,0.3576852063958472,0.3602897537335201,0.4467285942753957,0.45758922298500193,0.46791702871177454,0.13793967730126244,0.31765040078524037,0.3962038084873275,0.40277073805080554,0.34268648078800157,0.16671493407346966,0.4189682215766658,0.38804453340597833,0.13445430861961452,0.2855239298697505,0.16959095980872144,0.23499081828518875,0.10723243688227418,0.26013194736430334,0.31995076846248416,0.34783303713083474,0.3653961380514841,0.43451652524098405,0.18618516291029202,0.14819272897538718,0.44061486875917033
0.16264512595705996,0.4899040325344781,0.43701529175945486,0.30035064235583964,0.49256856996881015,0.1389506916432017,0.22122630447004066,0.3552897660162446,0.24000274738927152,0.4713490207923168,0.12625043527112703,0.31976473282438583,0.3363465069580458,0.36109124951088967,0.20226648933272579,0.2458265710079458,0.43747221186599106,0.17797710758806395,0.4307471388693448,0.325062169161097,0.4048750044776329,0.3854429465053887,0.18300459815395162,0.32752509457354917,0.44708926112203695,0.2728464947207717,0.4866363080893267,0.28088604004068723,0.1571142546671539,0.25577387203106927,0.48068096255621484,0.2278883397359417,0.4472392639468251,0.45250027267275594,0.24007460973278444,0.13330306322025287,0.3898231636635273,0.22460491960559442,0.41316944570302894,0.2770619393041732,0.2941066969370486,0.4111637626994148,0.25294533242465117,0.2772509381291658,0.25047618750784884,0.246936206110912,0.3103786307605838,0.42351977780046035,0.24470732476902635,0.3097018882150947,0.3682909301770404,0.207775778521462,0.21100912196095703,0.47336525080938197,0.3894138293324355,0.33087467048932356,0.35908802176824484,0.11171977724136735,0.34724118622467876,0.3038035492896808,0.3182998719117743,0.24376953073232685,0.13258955908517678,0.1773356934448209,0.48029788528506867,0.2634798249083736,0.2866732623323457,0.1210839159413756,0.11502649181759224,0.3868725788187031,0.3152378656484445,0.30348239368650665,0.19724981216906748,0.3979002926519689,0.16729463164339675,0.17597389746440803,0.28428486853931023,0.21451194484477637,0.19898519249325855,0.35809505782133266,0.3603886980874178,0.4298068279199717,0.2670834267891904,0.1292340364104601,0.20946655396858307,0.49200218527872674,0.3385034300930808,0.38389483392040813,0.10294313185016582,0.30728229287300834,0.11501146301272125,0.3276920848365792,0.4683083398544302,0.4873676522001632,0.31622107015556966,0.28328192210088643,0.47800683769939767,0.36944393279867804,0.1259597118153638,0.286290231066999,0.19609800738572158
0.2879217285794726,0.28218622880254474,0.33285792112589685,0.24270819613970052,0.16570817978237123,0.3014877738359825,0.4320811537383048,0.365604891227041,0.23534714637008636,0.4742092091035429,0.4648830284996729,0.18373935975363953,0.1157670340481452,0.39652348334030496,0.43104410453966135,0.48714582638054216,0.4559345576353243,0.34021390728256595,0.31202093568495237,0.11113642050503453,0.19866257873791116,0.2838459006931706,0.35140156003342715,0.32290073332736424,0.3970543958726762,0.21190677235481636,0.3259810430609893,0.13525689735631685,0.2654662094332828,0.4000643331818404,0.37736034137161767,0.4962570948688716,0.21115645039510242,0.29927571966959166,0.2318121655095987,0.2762412456236699,0.44278005194775527,0.3736836300753946,0.4529764765390327,0.1814044433327546,0.4493444471365752,0.12390490967135377,0.455439712174861,0.23162951178429117,0.2258350533656266,0.3048354306794656,0.4762760750892927,0.11911254587256215,0.24089239002829813,0.44262879547333434,0.2584217909741867,0.1796627590388268,0.2699176725325647,0.25422100059666775,0.4661664805866814,0.40477375029723883,0.3020462222976026,0.49534822668862843,0.2861110125103693,0.1232951323281101,0.20490972872599397,0.27442819208772506,0.16276104965844806,0.4790260505296172,0.40673955912710924,0.20731488017110908,0.3363218134071664,0.38857966284382883,0.47651157156271917,0.4526541396701643,0.3060768904552855,0.409861047917207,0.324857901531034,0.3210815560182161,0.14589678333527678,0.15045506320646085,0.311813446008983,0.20754461799160265,0.10841476098418745,0.38913568156008493,0.11299463867606599,0.3381107364416218,0.3156775176509258,0.48752587623112176,0.2936852557390567,0.12544057455111896,0.3206751871225847,0.4364384682464406,0.49873971371257597,0.272137269475629,0.22811949699869702,0.46266131878079964,0.17649685163044856,0.3461715660131707,0.2622857696723791,0.11643294598222212,0.2389153897222791,0.20609140900106984,0.37443646157739474,0.47951619907676724,0.2072188749514551
0.4245863756606727,0.12214392677536381,0.31524840401592524,0.12822002548395783,0.47361319645225575,0.40654051222295606,0.363179964481837,0.42955855264986575,0.3590079182280653,0.48757775886971644,0.38558317914590867,0.4698634438328987,0.3068527568042552,0.14682576519274507,0.3112710885692068,0.15074913122523734,0.33699739167056203,0.2929972242110652,0.3490301591331127,0.10401879242193264,0.17793619666214566,0.29653217276485233,0.48020142463565396,0.25344361614206334,0.2697488104214539,0.3858784356026489,0.34151710291444726,0.2195704600393333,0.26432655822697115,0.187079919542893,0.4864085836520834,0.1522537526229439,0.24873471382656778,0.11033558888800449,0.18871179677341857,0.41218845535206194,0.1804700929155518,0.13202536101158624,0.28978127193780934,0.10398769389380741,0.13390646177053328,0.42305034782519,0.40858933794384256,0.4660555281619584,0.4418061743642998,0.37327022529592724,0.12093314292026514,0.413139447194663,0.43820432433622425,0.41963285830878183,0.3033916141232105,0.19316073545979268,0.43813199027549066,0.39086512389605543,0.49230446975554065,0.16227703910237318,0.19026583322082202,0.18471925995260108,0.41701590704853475,0.17476291858004728,0.12666393192932246,0.4994243226342515,0.10992688457805966,0.43409762406354624,0.24614673662026113,0.43664618390312615,0.321848196484458,0.46065249179454404,0.4704771945658507,0.1036392725123104,0.13016487039711533,0.2001434918283422,0.3677261665454007,0.45530887860460245,0.2839767805175851,0.3427892465097062,0.17539994111822446,0.42198673355267413,0.4869312445413879,0.207439573165839,0.29793038064021854,0.13444644420254953,0.3236546625851874,0.3011133767386722,0.15777459366203106,0.27682648524723,0.23364186083462532,0.3087323501220758,0.3342617341715197,0.1033982314428838,0.4044023931798222,0.3852057167446964,0.2465145544826089,0.1211743742275273,0.4019730159140201,0.482070064191253,0.1960606384088057,0.22940984549481516,0.17352515579272598,0.33077444933793587,0.16193655785898198
0.24247757738455178,0.37880520557370523,0.3240463932037394,0.25458502573117414,0.26809984072301674,0.3248443530492918,0.10234589115486453,0.13140394738144395,0.45250322710520463,0.13115159563651632,0.38272143848420204,0.46801526564362106,0.20827344172069245,0.24819657482380572,0.32756856233788656,0.45268358785543394,0.47676223490416814,0.39582529924450727,0.13464790434187762,0.36766166221394037,0.2641214887490648,0.2882803997964246,0.11965935613807083,0.17642485573854327,0.4162054430134591,0.2815835332191439,0.22066489665245956,0.25360762958598326,0.44175980533027215,0.3995996069619828,0.20892615887243313,0.14700073608494935,0.2007992886576287,0.46830258042189354,0.3326355351399022,0.31339208349791314,0.3385574398769846,0.2464113062986061,0.42284280812780517,0.30931449972009994,0.14669916110751824,0.1516260499316252,0.31474365860104736,0.4746280872283357,0.2233408486704795,0.4478164675436873,0.4056382346315518,0.19912497716276276,0.11453629932649699,0.1407389060569531,0.3913975735389761,0.17986789521625868,0.24850836820215752,0.30067966640256993,0.39018726738006515,0.14529248930365016,0.2625465621109846,0.2940291636570782,0.3163308255886159,0.4273442565580867,0.16867127801728676,0.42313258073064897,0.3771513710786609,0.3223483256795837,0.3798111481610288,0.26480709558066257,0.15535903438724985,0.36630609610614695,0.3098689226742489,0.35574992021711027,0.23519951241139603,0.4627466309359344,0.3349479474302308,0.13416099371634954,0.2799215962817715,0.4025424218974537,0.417653824692909,0.2978388211055035,0.4578990283325205,0.20706737487771903,0.26423947889530663,0.459438764227588,0.4585026865886316,0.37428510752987243,0.4435922188488881,0.13550930678249307,0.4459979904831105,0.22824796262009073,0.17133260497128655,0.19574793453681855,0.26718740320555484,0.2004768018417869,0.22822703440659964,0.15399139442865684,0.21847070622359943,0.32891352581680044,0.27674148323642556,0.2386875044943645,0.3985808515428456,0.4574039885573272,0.4027156891609588
0.2328002808470717,0.3977768671350215,0.1607920729896205,0.15212719523651638,0.23825081481446359,0.4230809476176228,0.19853929889692076,0.12530136355947186,0.15268381408254206,0.4434979874118321,0.35351331389891505,0.20128046534799068,0.32211833013127256,0.31103184897014013,0.3621743913762645,0.19327502176864653,0.4457611948777591,0.22374742483200516,0.3776526615904948,0.10644985854888596,0.2490628519576589,0.24068392718352333,0.3173937714332058,0.1290945047108786,0.41605254949044335,0.18711232070702744,0.3708151259528041,0.4212848492976373,0.3247507824966053,0.3963532826887942,0.3647441248860023,0.24221191886080307,0.4235434156134261,0.2178805479542112,0.3284851671006069,0.3981590956566158,0.25158236392500305,0.22110704304697004,0.2837384040691291,0.42718539773966147,0.47196870525826595,0.3180333651439561,0.36458648212946076,0.4613094488955657,0.13941874056517697,0.19283143114646603,0.38356000250063305,0.42949778476491984,0.44281161133223124,0.2660428707419731,0.13573596091674675,0.27511259091984797,0.19229383608282152,0.21647858199864967,0.40890702273500235,0.13021083441035475,0.4310324869922809,0.27106763432966763,0.3384255724402381,0.1358608924942716,0.23494363134291185,0.13588036760593833,0.48461748915244385,0.4229046597305002,0.2838531017425841,0.18944101932946844,0.47338204209994095,0.23783863829078872,0.16439377267494992,0.325265755381582,0.4775096481379265,0.10153211620012903,0.1952499373015995,0.4753790561641631,0.16843438674286482,0.14529738065592795,0.32807488631992177,0.444737529317932,0.29084392707757045,0.4978257026738099,0.37166867981519713,0.1296299628841791,0.49713285267279017,0.2631576947120762,0.21496101353819302,0.32315167343115425,0.22172303672834573,0.13458300284806093,0.1005713372316707,0.27983334116810493,0.434745368890637,0.32892607425203063,0.4996829195773763,0.21473865825888,0.21218202590402213,0.1638997840935777,0.16562543530613408,0.21407463840401914,0.4171360181094109,0.4623027162545792,0.4900348678830725
0.19291586163858107,0.4525190182456367,0.23130203571093483,0.1451362178067538,0.4480099702080663,0.35444225385744743,0.1658923584324247,0.271932503005201,0.21490307795082708,0.3947178274840788,0.2813664922497072,0.49571197804255396,0.12189799290383806,0.2420061064544987,0.292760066843991,0.3012534218993279,0.22637432895425472,0.3916960996390272,0.4498988293955899,0.4754877207911452,0.4220373507198105,0.4402320789226398,0.32021812024799823,0.43035529057072586,0.2214015636591809,0.2593915048436858,0.22676520552741775,0.2869549341791702,0.21423184649545457,0.48464457690177876,0.22513785120226726,0.13921781524437593,0.31072686642016534,0.12283963137807055,0.14421726652343222,0.18775575567849853,0.28574009995285665,0.2733003729236112,0.4198767448011165,0.3957898615536454,0.27052731759628057,0.23348168303025196,0.22658751362459945,0.4095980349176036,0.1208289624885079,0.10512865980424234,0.4182177567706592,0.2908585503956197,0.1523524554214304,0.1942263738378005,0.4730015812389531,0.44380119024995923,0.3839140200895891,0.29289009213493067,0.30812945047655427,0.49009781411358344,0.4863081775537149,0.18610761831433373,0.42444182652212725,0.17889706646680673,0.18541499115358057,0.3704372136658307,0.2620004394350194,0.47261776284260815,0.13560389395840355,0.30461025632379723,0.4674086121772485,0.4616454641918021,0.1626116853662965,0.2466550800385826,0.3476485600186785,0.16375795390856088,0.4872088688182955,0.4658997314910641,0.16678007161378766,0.1484621845043942,0.13416339312330613,0.4637774656146525,0.17744952391818433,0.2665139714177419,0.2795405462608012,0.33960441768542704,0.12869413749897,0.19070344696020639,0.47259615476757044,0.46336404290742783,0.41251625896227695,0.10776049824728617,0.23080270739844086,0.3511834941371631,0.2100760847093903,0.4638346780215109,0.3535557847329768,0.12876268692657825,0.46360223553428126,0.483106663270489,0.1310849673566902,0.31294409394452594,0.22134571288566818,0.25713563059256095,0.17186048718213676
0.33122884080496506,0.4831917412995562,0.3012290401086436,0.13316583255779246,0.3480005333909634,0.23608919778050283,0.4423700758365191,0.27387125932658807,0.17713584357689827,0.176442249076458,0.4075056722884641,0.20623503932294396,0.40689335766368917,0.18235492430663977,0.22867454748052377,0.2861947889758798,0.47727833987738033,0.47269256990152986,0.18274875016891512,0.24328761649722913,0.15975975538150894,0.30399403172539885,0.2842330202778667,0.46030406498029297,0.47200215111642907,0.25342695640291685,0.29669517720759575,0.45849449965845324,0.4226831230980246,0.10146252453785971,0.22802382567343302,0.26870969677445034,0.1918865134732927,0.1798286463583755,0.11511380263827187,0.35734789002790424,0.20500411619326628,0.12093887137252524,0.19239172421122547,0.4207655811344506,0.44059567265861865,0.29322649807732104,0.2664282681634745,0.4911414774007127,0.18022586383522798,0.18614371314184341,0.2167468708145599,0.16910292731243493,0.2517462392816746,0.4643336907959016,0.3461391362514297,0.26477861944490544,0.47376431782848594,0.11938569299032893,0.18411047116074455,0.3263554420407036,0.3462210492772717,0.11582300262504526,0.2612155031628529,0.3596615859323491,0.3792282185613607,0.3552559610065077,0.22822528974436984,0.13740804943916382,0.27084497856773365,0.1515017749472222,0.4790494634082668,0.2900683464090513,0.22690366974274703,0.40652162844756,0.29917943703290556,0.22401360960498004,0.42478709695632066,0.4468608604004488,0.36920326651547086,0.11878576896306692,0.3265291520666128,0.4053179647989127,0.15460120483343287,0.19146830055384134,0.4529980420272546,0.10804868874122962,0.40109085513039044,0.2895093170057692,0.2787088635358428,0.10283861299795488,0.42775929238659716,0.2439299602546266,0.31630625252021716,0.3709202745342638,0.38105183057516634,0.482392023530429,0.31253598129464366,0.25988782038977104,0.48148145059668324,0.35684409401020845,0.21926014251062226,0.15058569816142847,0.43702180058607254,0.24487264111766063,0.36418788854577244
0.28832656774635923,0.17957191191801536,0.34067464344818604,0.12427322758027293,0.26533698394847693,0.3186459758654684,0.2744187896474316,0.39946887010039633,0.43116998181812505,0.4084972296132713,0.11552517912472085,0.1776515081783889,0.31464300370550974,0.4739288161775205,0.43398271002084676,0.4370138033407207,0.22128327750386997,0.27177915883148107,0.288282378926375,0.16294863333996418,0.11242725209778254,0.47876115978420675,0.1962850342654027,0.19597956148945253,0.13335162150750382,0.47140310077751146,0.3318948459759088,0.3668147428501416,0.464630754905221,0.2382480675603158,0.34860292445523366,0.11551978189155498,0.17470901129245175,0.43249832203597705,0.40670734253533436,0.24025707658285878,0.250724251109685,0.3134217734214318,0.10009640187405383,0.19649773441521115,0.1832927234432858,0.20019317869990538,0.42236233701337655,0.21186954261857727,0.17660852882005929,0.3017053843172126,0.44625801454909275,0.19653988153499996,0.1314144971171195,0.24256189433986589,0.39906072982599117,0.3202762178779178,0.426717347829739,0.48383685904369356,0.41706499070064684,0.34152123153750136,0.2973366352209522,0.11602763453930667,0.49372879152561655,0.253392449030017,0.16089128556674673,0.3666835421585827,0.21371531563818374,0.33431130837241907,0.3347071631378365,0.2782919283611477,0.4344474462180171,0.2059868246221772,0.27945303664709364,0.31507685143638864,0.3654498883069198,0.4135887402022358,0.25792291315130245,0.3584187776386384,0.16024438122740767,0.4730592402169914,0.2532235225684014,0.39180856879057535,0.10813643275287106,0.18207485716192282,0.2948330177294312,0.45130098709293864,0.3109020599802709,0.47194819291755163,0.29351875863311855,0.29617963869438,0.14789871540021277,0.421062497660888,0.198786164986825,0.459844995748926,0.46432968813215847,0.47732404474965995,0.308092195641236,0.37083751391345776,0.41140635202466547,0.15240584746018626,0.3403828779989989,0.11371916052132468,0.2990264333554904,0.16193707264809099,0.17316917038483387
0.24601902667704062,0.2729748666866012,0.3492689698128749,0.1297713673754063,0.3014767044949779,0.17305005210124047,0.3295900700126968,0.35496184490447347,0.32268370262114154,0.39531820419132313,0.23424369769636055,0.40604263665325235,0.2731068326832775,0.2936737993290387,0.3592408509044286,0.10734335359968959,0.3615976885680994,0.34743405962884616,0.22393884670131198,0.1343177139597958,0.13637417996521647,0.46928949879409143,0.37571172849033485,0.15084104550829616,0.24268926772356256,0.3369931975606386,0.43422868203625953,0.11746437148520342,0.19465325258800356,0.455899596118152,0.1036662200735266,0.18055964111755496,0.48360967038918645,0.34536073860886846,0.2046685466550026,0.12679643775833904,0.11127653617888887,0.19789803185477092,0.4525943278355642,0.26636546171900377,0.3881333476663972,0.46731401415198315,0.2632161846411266,0.17651094841495885,0.3068471723427678,0.46323347482394184,0.42174976565508027,0.12633193734526152,0.3770291200310327,0.3287590089835815,0.4629852705385702,0.1489925667401189,0.31361444528186266,0.45178507740475693,0.2640095146966972,0.29279796709314687,0.12818427106678332,0.21125745617956435,0.22980265966757896,0.4780489794979548,0.21306694421646363,0.2843474941078608,0.3685217694257119,0.16487334896315098,0.29457695485674984,0.3954156157903631,0.4467420852108265,0.3505037098649707,0.3676214061267792,0.1505133890338276,0.4783105988985389,0.15302963099379296,0.40986917487271934,0.20592652871132755,0.4734372574805007,0.38798381574779184,0.40152548519134756,0.18762366922395335,0.2772159906540643,0.34712527783571456,0.4079894472826404,0.14158375036495585,0.48494612658181135,0.45608826822182247,0.20813943619823375,0.42910409721293286,0.30732956921592935,0.2847225926248075,0.22577364232456218,0.332387434652637,0.39195564708143915,0.2643731619851033,0.35168767720331684,0.37972516846212157,0.3844487268061144,0.12078643925247211,0.44389912227402684,0.2833013259060192,0.2049664326784858,0.19670580299187265,0.2932056451375802
0.4547326157875837,0.2513390326730588,0.3998902987134173,0.13872749239488746,0.2904226808604247,0.49667445615709427,0.40817512111693477,0.1842113953762452,0.3005765894791643,0.19344990545942664,0.2638243709050037,0.41203360949398593,0.40848992611616153,0.19124015116095405,0.4688893272619441,0.3370272731059307,0.2519697163848058,0.30077423231234424,0.3420285013750975,0.3239562127383142,0.29456201421447126,0.30197312163576007,0.17056476417115446,0.4250931617218717,0.3167041279764061,0.15243194468188126,0.4064628406331112,0.4729775913509403,0.4789227596947848,0.24760709296446912,0.15420674942430163,0.3073598506532261,0.14504369173968829,0.4735949674050469,0.1734318509420584,0.20110634398046565,0.2626546107539882,0.25326578742365036,0.4178651569591556,0.28252672822038494,0.16830730400133476,0.20688395819442965,0.3036453540750088,0.15898156697045396,0.3446622702584057,0.32629892262045834,0.38588092655290307,0.4750818461517471,0.46490182444046224,0.4784302472275326,0.1978862388094804,0.15262612265574185,0.2209106801985794,0.4580340691065259,0.48882138984939527,0.44372998042819045,0.14400708845101745,0.4789711992239173,0.26934321094031444,0.10372411630494148,0.27695749629927746,0.11842766787018705,0.31755116846444703,0.23542161097482053,0.2893739734376195,0.34526814429724684,0.4475204383271282,0.3647606305887715,0.27361954739127226,0.4277711414681461,0.46223285502925293,0.1479039865728789,0.31277319102111656,0.21380478389697766,0.11882447915077897,0.36741867804559414,0.4451083109836903,0.16516106179095763,0.4249654630495602,0.4413582934147767,0.4657361770665934,0.206114035634421,0.46158122607595575,0.2282651018945729,0.3209352053822011,0.12020298833291286,0.11755243534749744,0.38814928509288116,0.2777919911911164,0.20251695014768703,0.1761653984099641,0.3679813963436872,0.10016061761013595,0.4223564676787417,0.13169984245197153,0.1765958459632478,0.25449455811963584,0.2939434958864414,0.24199804632557675,0.22828486599371756,0.4855664048292754
0.3566318724973577,0.1093731821469553,0.2720703633777253,0.45000347989758815,0.2205824745642672,0.1378225379097553,0.4033539086359671,0.34240553277443253,0.32812500313060156,0.12143062384296317,0.15619960391820695,0.3490197584852455,0.18312953658353434,0.3016280318993697,0.3179526744117574,0.21340287610837577,0.47937006221659717,0.43698564273423013,0.3889494030531194,0.13119754656376365,0.14245200772360778,0.2971125383459823,0.16428533967639428,0.4913061854117896,0.16340809361096378,0.29498713418558964,0.24564842273660217,0.35575456858163923,0.15161456355576997,0.2721265712169564,0.20988201312285748,0.4551006098686753,0.11623428485387804,0.4654909976025837,0.43319765542120015,0.2190282865763262,0.4157162618708419,0.11248542413549903,0.48674622011735746,0.3106379770359158,0.2213124104261781,0.24503328503787083,0.12656214138419897,0.49573980561681574,0.11571677806027698,0.3619628492591437,0.27709437108258334,0.479566487275486,0.19839989612271808,0.31283472957520453,0.2929424834331012,0.38114657762004056,0.12720409278096823,0.17751565200934194,0.18582592803713993,0.39526030193667594,0.17565547853069605,0.32939670555639067,0.1860975282003815,0.44464998003359135,0.4768741817958554,0.3073971899768962,0.24092355368367133,0.19362311000699967,0.11991240060921751,0.20740003047899816,0.3616943119781272,0.31344677252368436,0.47761651131237104,0.2585109049966803,0.37754533693135783,0.29572909899004857,0.30503048636968466,0.207109725841647,0.28198031073679986,0.2883139988050829,0.38265700869957364,0.47625599967444554,0.23172851099300174,0.11688018743251938,0.2985180502002559,0.31778453285966746,0.16737622045276612,0.40418584251042666,0.4939716433765967,0.4783098868033844,0.1788424155294609,0.4501452959603043,0.38179745456467395,0.28153862552276465,0.31624439772989166,0.4398400699929833,0.2920539758553493,0.24928294764205075,0.2972989972103943,0.3316519216140197,0.17563106151133956,0.46036309210679627,0.3696747795318456,0.35330756693499554,0.13979849047225526
0.34166957526903674,0.14838426489539694,0.13147907007815962,0.3109243582569573,0.261114213618598,0.33552410806248933,0.13568886722289544,0.2723932251389034,0.1699146860180632,0.49484003436964663,0.32446008497406975,0.3749747443763469,0.23016731227304313,0.13789556591173768,0.49034834511341463,0.2145036141532733,0.26952327406942966,0.35994556868103,0.10987891907444453,0.4241036522069148,0.31463127601144814,0.21128687482752886,0.12464319411698771,0.16499936618977656,0.4580135435413748,0.3744096895743564,0.19996068865475594,0.12624030597801184,0.3762461249546546,0.328963090387106,0.261807809783294,0.24544457967602554,0.18672571037164332,0.3678445026150071,0.4882672111175482,0.17028609833473035,0.33884664800620135,0.2696740222983905,0.27867548869786596,0.20165891205112577,0.4300539502645676,0.2941022416588964,0.31736234087930565,0.2219043651189303,0.1727233862667799,0.13436415528112822,0.38564765636996634,0.17849371267514225,0.37603014167551907,0.2561505784187815,0.2663099203958606,0.2876709984371087,0.2470834032510173,0.14024799088903606,0.22385272400113831,0.3654937442775754,0.3663137605875484,0.21448972289599777,0.28404105062307516,0.177378891204775,0.18414883261193432,0.10921883536264297,0.4586986199630979,0.1842826660299625,0.19101355077458534,0.21184057305805273,0.1509632286781716,0.35570515327254515,0.13005718127103463,0.1536809705305401,0.3579026906360372,0.23586424819257712,0.3831791306804756,0.32296989786805685,0.20240846922460523,0.3603311801957313,0.14650947211715226,0.31456415323201214,0.27485924201801387,0.2071494331269763,0.3416019990958,0.44853343693611303,0.4995618799052307,0.3431051074973698,0.2618823497316681,0.19008284008648066,0.20283843575804472,0.2917819912599063,0.24691108051228372,0.46552580904997776,0.2473181870622838,0.2493778364581742,0.2534138049735908,0.43464808414706324,0.3603153283387608,0.34566754012755707,0.2336572089535449,0.42716167073297584,0.11534554454228046,0.4483188689352453,0.3050999599175719
0.25930009394536513,0.2988669122870743,0.36696621221353243,0.10510617060715895,0.4486207425832991,0.27869581012455713,0.2371866078800313,0.15529822625362286,0.2757861497433769,0.2985291085137516,0.2614586777973911,0.37146403753075885,0.26835861150369045,0.4845670311386293,0.33971100712943675,0.4229911742607636,0.14374236124379156,0.2589165171783623,0.2347390805788611,0.3277929552546367,0.4444454080245702,0.1313352871048027,0.12902991921788431,0.4401270832630396,0.185140034415343,0.36750130177992546,0.3171512529443221,0.4331574379548918,0.1500355639345614,0.15191318628904452,0.32272734411132303,0.47855146134334836,0.2659991033483017,0.230776840101878,0.34267572927915435,0.4721794402180125,0.43477113313784954,0.49819344429328793,0.10902743328095084,0.1451432578851049,0.3437871053466488,0.42823057573353995,0.21409773692270662,0.1956844352136875,0.4147903197524804,0.12255274154129264,0.24775305903303405,0.3023236890369319,0.3241394697401294,0.3914460627171108,0.2419382893722633,0.34507373786984286,0.3341501691163825,0.31904644026149886,0.35619331725688486,0.20377966842723053,0.1338595014338516,0.1477086688158974,0.18983295306156045,0.3000791742091141,0.43617710021840805,0.3805173368353537,0.4156162416808189,0.24039024957043656,0.26186149665942005,0.2574727543962452,0.1767492737618006,0.12448666325742881,0.33636643713089076,0.49568667336823447,0.16673188198010513,0.1186739279597095,0.4118126727295732,0.2010344026738897,0.43185752214117135,0.38157466681380614,0.4782694148203218,0.2635708943026688,0.3647879357802537,0.2859419123253083,0.35223547892341744,0.27983956240309493,0.17545289856962995,0.30315896640135237,0.31143368057497695,0.4242415393040645,0.39420828231743255,0.3655166495765777,0.14535483822102901,0.388246516265486,0.30012206254180596,0.4576398144424637,0.4679483736522171,0.12206263624071419,0.42825662414179155,0.11507895616906826,0.24686785027800906,0.31691999024843165,0.159240319450851,0.3985255250276307,0.10334188166885544
0.16743961937361473,0.3323187319413903,0.38575502481491697,0.46665724107756645,0.38219866077384956,0.3687117081019464,0.2577364585402657,0.10051377021072057,0.1480637034942488,0.3138218179024157,0.37005195433776794,0.266979313558585,0.39227160461135613,0.3087449181328715,0.1296704782377249,0.17680650038717954,0.43599928929757714,0.3899650986497758,0.457904794804998,0.14702289964837464,0.49608901384602955,0.18376268557997344,0.10471195051465682,0.49896917562142173,0.21242955417804527,0.36720778100502394,0.17067292567052209,0.3320914128796567,0.46161399458182373,0.22807246697137545,0.3681015904177437,0.1751614355193666,0.3499181594874901,0.23458014072700406,0.18448330343518068,0.22527282028145407,0.17153642740311975,0.46076644313515314,0.25887475452685155,0.19811172198974694,0.27936313640637317,0.22821446672259824,0.39776770152533036,0.48848796475419776,0.2752134626790588,0.4444133599888962,0.3263452294238478,0.1628942660376934,0.3762490968325366,0.30537379885032806,0.3602426093008414,0.455874965028666,0.27617382826241843,0.46047104928694227,0.40026760571266196,0.2954419703511939,0.34128885426318545,0.2302324530076046,0.4934389198955097,0.36694046522015844,0.11753874099865197,0.2306487622992035,0.34932577350362304,0.12253331111969593,0.10955367652765712,0.280009695811121,0.23307607187706803,0.2753194432132664,0.20507732395200207,0.16588709877719238,0.37565734279213514,0.3058284465071202,0.18006168449974674,0.22783577050399934,0.33672316306533034,0.12889173930899114,0.15898120370647184,0.12929824164295606,0.42492693308564755,0.40096369328480375,0.4013251727517029,0.3865301373904112,0.3677541694679477,0.29079676615127004,0.356911265402846,0.11534462191518986,0.3485857690627139,0.41115108221475094,0.3001433441537561,0.24300533137089478,0.21097069392039167,0.35712082006483303,0.3771204794519635,0.44838703994501705,0.2369336329843963,0.4079089229542342,0.32454232967573515,0.45313459627123165,0.3111248433182483,0.3070519313591869,0.3311508325763637
0.39972614205697377,0.4858761915313844,0.12942534168630626,0.12137384095640687,0.4750201349629354,0.31195025020728245,0.3459612058267745,0.29296944063789154,0.13746298104298982,0.4072357513674666,0.39888985803543475,0.2246813285971248,0.22249569809136016,0.4351365523622074,0.12894290309653067,0.4524420593426264,0.2026646759583658,0.33719389910219755,0.4743976716007111,0.3712490006146586,0.2657719249868147,0.37581368356216605,0.23759185452654807,0.21090336653967445,0.4986733111738719,0.40031609247191513,0.35788799095272705,0.24211585728772753,0.11966433166201927,0.11242275041406224,0.32167250217951954,0.40481308841562047,0.31495167617754205,0.43631402877564585,0.11337061323728866,0.24670083057037606,0.19482815646967122,0.27890918726284886,0.128950557277649,0.48165265662842904,0.1893021604277444,0.4689231101934339,0.2703572620146727,0.4942096533020872,0.3216233533840843,0.47233314567032303,0.10213959547768914,0.3992955224723601,0.46122026124100624,0.15588822679158165,0.1384503406928606,0.26982904287438225,0.4734715624531741,0.3169546240761755,0.31098258548869284,0.15645044731972876,0.10031580443728752,0.42405603629818456,0.1350298251944953,0.35353992749412966,0.46584658180607663,0.1834607652633724,0.36610913449476434,0.1314794306830038,0.3415020575350452,0.16557268838128109,0.39438142420607125,0.2204925179175633,0.28535640352185854,0.3397722168110487,0.16850936426649582,0.39665512744704834,0.22105613625472584,0.36494874396510146,0.16331322027974948,0.3752470636825401,0.1512752291241847,0.2701425985079935,0.19888242949555074,0.399350099771273,0.20481400180274983,0.45268692255815857,0.45672808456264513,0.17857652608911434,0.34553837800308973,0.13508705668798573,0.2566148398406517,0.3853286918005089,0.36376929873996655,0.3498802677626432,0.21301634546497744,0.2512099797737608,0.1411784578801145,0.3876091281734404,0.30155551871650943,0.3835062529382619,0.19957740991874912,0.2297752914540265,0.23368613490404588,0.11029696389888649,0.23641914913224943
0.4213218294072134,0.4589193982998955,0.307287326254371,0.2822006780876881,0.11232984747974811,0.4516817350341531,0.10520408537034909,0.4779000320840847,0.2956864994752363,0.23677379742989066,0.46968737393706406,0.1097563972440387,0.3325699579476349,0.319573009799735,0.18772816048455285,0.2715549725400842,0.36090560237750813,0.39085247875277107,0.10028674348263192,0.4747413720364061,0.16581014895712498,0.1934321736889437,0.2053893782775393,0.11512805462081413,0.14922084943612998,0.49453996917766485,0.22608669495091444,0.14612043613561976,0.14279650446984934,0.3877839870679888,0.4418274656130564,0.20278091980338797,0.10836380493409399,0.18923600737814233,0.12260627631870294,0.1413579746520166,0.272603247939057,0.19196734834465304,0.30637835141016934,0.20139750130287615,0.4762149204411791,0.4623775871705058,0.32672244200418643,0.24176959679495447,0.25245875281389424,0.2647409132577988,0.39103172885397763,0.28065559820753516,0.442691978602359,0.47763791437214587,0.23437846135157356,0.32427779255027206,0.1380226147330258,0.1801876191065436,0.26538630668406404,0.18248108636071156,0.450624196315487,0.16331450242363924,0.2822643286212368,0.34227969618395027,0.37674556326433783,0.2532277478906027,0.4476396274898914,0.32732766043117023,0.27580311217902076,0.12689625362081466,0.285875787378066,0.4282943363262921,0.3458164072885262,0.4328649814916473,0.29760466823972226,0.14738468203779276,0.10545593833435243,0.2212878186874365,0.37919618859911697,0.4161039615766775,0.21830113384813177,0.29826156835329887,0.26844756177363266,0.26420911374057116,0.1925394852800602,0.15454844201178336,0.17867542329248526,0.12213295486533844,0.17925229672943083,0.10368035905015179,0.3509033602543913,0.22655016295507316,0.48925788457076347,0.17748682031051916,0.23833142812383756,0.2431364634566133,0.10338059842498422,0.43568318121578364,0.11279778405772989,0.47607193389169655,0.4568297404374483,0.31420876643438544,0.31743822996451687,0.3615111691824625,0.25482000477395483
0.3588889133591422,0.11790735547539476,0.12161905093989063,0.2828921678478178,0.319848920442414,0.4551270561343276,0.14186425356315852,0.42905917087755574,0.18401893491682786,0.2576334594040127,0.22664097393096516,0.26006210914615957,0.16019819922903422,0.301428029761422,0.4206570359325469,0.2766136041515588,0.29624543035927964,0.4395070341125257,0.38242324585521237,0.2961817634079139,0.20307825927567189,0.4539706987379867,0.3308081606762233,0.18845904404427738,0.20764790105520414,0.42125323557449834,0.11765822483498219,0.49683687481152805,0.15214067188591673,0.41842741015877494,0.2579101267086732,0.29688647331498674,0.4522602309858311,0.2651644758356853,0.31499750146929384,0.11971986496366799,0.10093898954698127,0.19791994920069036,0.3722332371675069,0.14850595734365468,0.14550478352181978,0.2643842432143613,0.3591348154432906,0.38482879689917227,0.17138026963934994,0.13183525894881698,0.47615881357821765,0.2042665530248407,0.4413385990434896,0.4453965801851273,0.40900903670501776,0.16753344266102804,0.4287205837016802,0.4077002236966347,0.3386891960424868,0.2348808140675811,0.20500344170661766,0.1487556848321436,0.3039028267603486,0.3341043502039386,0.2437355962063149,0.2901436270723474,0.24540578294770668,0.3564024229282805,0.46050368311862533,0.16556810481877796,0.25256352396124937,0.15634744158034453,0.3499775081631328,0.3915482037954383,0.4727650930389824,0.21154877050438597,0.48008448234617207,0.12530506872826994,0.34120554534583525,0.122853087737332,0.4575096751047779,0.31192362282802166,0.36773934030511846,0.43262957036418104,0.16012424899358751,0.11543662477525354,0.4515524583651409,0.225973290983573,0.1515915631708661,0.28738449483483464,0.3393224302784075,0.11238824136900405,0.2099582633028351,0.11311994971075841,0.2681341556781996,0.45804001162649777,0.49306096459742765,0.35481902140145105,0.16465507751383673,0.4623397559997223,0.3064991292800242,0.16149972484116726,0.4686906677806646,0.4029876202892412,0.3926821090892606
0.3836722815177619,0.18013592843857695,0.18440267668301044,0.375317199370902,0.18788910004415876,0.27546867872121955,0.4128007302375766,0.4135810072391364,0.2813047090103439,0.416875975310098,0.43544871847922273,0.3619103005137041,0.19137034092336808,0.20960471215421903,0.22593646216349417,0.14672164309358082,0.20926384814797805,0.18380768972501285,0.2821314999234409,0.463375019148906,0.14179212670158325,0.3881071695789583,0.3749132017652511,0.13830167946534308,0.46902896196232,0.3273888808627279,0.24549020845427372,0.40261543339812267,0.20294618336065362,0.3774039348185282,0.1158844830288989,0.43576321504370885,0.2792683388085274,0.35467716574317676,0.18849512792267348,0.3708294850633792,0.40889611035731066,0.28928527475375954,0.34709076962471774,0.28253036952895944,0.4576365477031382,0.2991476722057277,0.4367234836115276,0.4205408233080995,0.26420192853934266,0.19203379674299004,0.2624328530239084,0.4304869503100881,0.19105301432775695,0.30977453834309976,0.422438699184299,0.24139099005135153,0.356883854801079,0.19825262961952583,0.143711778147264,0.4177536900371426,0.13958744936348275,0.20855255803183384,0.4420437687989761,0.2385877148314669,0.4892181398056644,0.49189373390954394,0.20731040818142268,0.11639128889995619,0.38202531368215165,0.2803946010593375,0.14030113758383053,0.3830091275912172,0.1124699636447685,0.4480786761968969,0.1554610116453215,0.15092475149869,0.1702689191874338,0.4841065433968267,0.3772677441015384,0.42054861418545475,0.2590539942931012,0.23452509100198224,0.19379360271326798,0.2922592113249636,0.3207314934136674,0.35270993746110213,0.2028474015994778,0.4794616323611963,0.16790339928285436,0.48626126990656493,0.10594244900300152,0.2924502767267383,0.23334713524662512,0.2796493655721003,0.3282658315923156,0.27423566320508364,0.265938740120638,0.39308936616532264,0.37435051003458586,0.43330851281433913,0.19998359249579822,0.34381140390162546,0.33407791415714155,0.2478951243490755,0.2944230167610724
0.2255128573222915,0.1567377590467941,0.18552048426509316,0.14220545856048045,0.37322783007604965,0.3642909572436607,0.48024254863194915,0.39187136545889656,0.12081833550245258,0.45369806957158165,0.4450700651782903,0.2773281283090795,0.33434522021116864,0.49043133298900754,0.31292174553926655,0.462128731350436,0.1332155031240746,0.17642074748347314,0.2763019773765272,0.3339027233349219,0.42649114074512007,0.49530484605727476,0.2555405985896466,0.11896625445603398,0.4204686013181299,0.34175228763312326,0.17941714354728067,0.2979313826485681,0.39692409821348973,0.40816471482745753,0.2998473647995048,0.22208581205154365,0.48949703281539747,0.3653450443825972,0.2632950077385195,0.21218528968186098,0.3924411932014249,0.19687337823750709,0.16868399558947528,0.31193355558482816,0.21599495705765676,0.35156205796944606,0.1471754699496934,0.3619764418269287,0.2133186111990809,0.1000971737738051,0.15077442306967057,0.47344615113403765,0.4469418556461432,0.19344361281449474,0.41134876181819646,0.3434286372695897,0.4883618845799478,0.24944226381362367,0.3725842450068685,0.12541428896956744,0.2584989387265624,0.48552706447527216,0.31559234978004824,0.21515180133393785,0.14810838525144276,0.38141133607261224,0.3579424173718907,0.24957548544150987,0.48037654074633374,0.10888112519514014,0.22148954065273033,0.46842779451983263,0.22837417532777615,0.20090113354206818,0.31368816397249893,0.4295206999682152,0.14125870435134444,0.4772082838582945,0.41802915247246564,0.1725001022206208,0.3848031844792651,0.2539834890550229,0.26091787123052745,0.41331603697554653,0.48511392319229285,0.15066234913887758,0.2682520947515278,0.2923766432337214,0.25052472678199905,0.24527564948649003,0.12090746702463862,0.3742154482250494,0.2744857668480182,0.17791752105757072,0.42641340092082736,0.4210242992606512,0.2945566512355575,0.21938026445910422,0.355237090318581,0.21526085431096123,0.19440317212948482,0.3922058616105307,0.11613009588838029,0.1379073884138376,0.10271526960943592
0.16117727459017048,0.1275960034841838,0.4983209471119675,0.21552398798163586,0.15970720506769892,0.19639850319836719,0.4744502286160539,0.30806408920975825,0.24592723852314277,0.44935658316368776,0.257996108219613,0.23400342798307833,0.18291300901989424,0.2511187295637646,0.2266737424067704,0.37092158371925643,0.21583308186829087,0.33087989856902456,0.1263568660127891,0.17651566267860574,0.2629621086445395,0.47477970156347815,0.2509007942862782,0.3656296484799336,0.20203488896855926,0.1508134303892927,0.12341464003202006,0.22216539941710056,0.1630644107187632,0.16960417920644968,0.40430372335478004,0.10633522837794969,0.3231240502941738,0.25178455223738594,0.30261999996341893,0.32513209488584116,0.2253470777829113,0.21804354407371412,0.39336073973396235,0.44851079524846293,0.17703265298341117,0.1390475042140596,0.4591183225568104,0.23995818545895947,0.3205269562651257,0.2438172578080014,0.15032093453842055,0.33573265797909124,0.3100563407078519,0.1811974236764789,0.2807476178609112,0.41877900160625836,0.33617044124315654,0.13876693082679795,0.31920859889165404,0.38109531971583477,0.41708136231230053,0.3516470314537067,0.1610632658163135,0.3840693066360643,0.37093673843260655,0.10977075317625329,0.26469906703609725,0.23318009878494933,0.3677648257014574,0.1864543249243683,0.3363487691897034,0.46528238472566896,0.4191209488834431,0.4685830944866122,0.491402386773076,0.10426805080246511,0.349096510550991,0.2651357591035626,0.4439417961340487,0.2007258808036527,0.49241179564603044,0.3454831878174989,0.4174149608915324,0.13423982112910735,0.17338315390354603,0.4033614692136813,0.10879460881572944,0.4267511943575132,0.10557960747676459,0.36284753562450933,0.24603756809272237,0.34459794108767966,0.3784125627956455,0.23699008767452168,0.14318497924433424,0.12785834709930627,0.3355744090250191,0.3082621414936446,0.396880403648453,0.30389420400157485,0.26897831601235167,0.25923487129449235,0.110578761039067,0.23422288067866287,0.49040806300979767
0.4494222304908355,0.2317512268136871,0.33511816202654887,0.4389186982141976,0.2765097347000275,0.10718314550006039,0.12980418472745603,0.30415708853948265,0.48777575027035136,0.3772838168875471,0.12836647657542782,0.17574435031674512,0.40852925728674006,0.4365759039824979,0.3470778344754364,0.35776926785192664,0.11133498015335386,0.4314121038326034,0.41531008326833185,0.20361405764133889,0.38347068798620276,0.18594184256999924,0.1161320644206052,0.18045461703615093,0.1714515507017198,0.23509919869393892,0.26737979887018326,0.30341555659908315,0.29070155020333127,0.20826984238611576,0.11166826742962979,0.3420406488948603,0.2582979319389418,0.21946886295501988,0.44677641713220495,0.398697323119264,0.44310621934897687,0.2979931178849844,0.152372500850711,0.37848857444850903,0.18242951197487012,0.27649186763668676,0.1260003155795554,0.430123360969193,0.15037625641900024,0.46123900281972385,0.4456922409046229,0.2858331057756984,0.39774728172159624,0.34777802952726133,0.42123025693509797,0.27272204031436487,0.41432339369774007,0.2849827268260592,0.4763863151371176,0.294548840330059,0.28504770877349184,0.41402874462540507,0.4286310767043352,0.3217956457284683,0.17191912539803017,0.2871032923830318,0.48722900116387136,0.40119447721567403,0.4244650415516529,0.11313019952769605,0.287143785053664,0.3586484534630222,0.43201307345122986,0.1197094614331086,0.4409755542567493,0.3193603746967647,0.17892558823042398,0.22690208657988,0.2127718207006243,0.3123436137153903,0.12067427196445274,0.1634144633999694,0.425077217350313,0.15304159629872444,0.1933585077832508,0.28134824224166294,0.30684835524533216,0.4054441918456635,0.27893297066647516,0.41594584841421556,0.347338522818183,0.145239895769529,0.16253257535713544,0.2748134901799083,0.25875575723561584,0.3974177078549178,0.33229485591894076,0.2552532324008997,0.16830411338015427,0.19073484093019807,0.3302004073876236,0.269375521959917,0.30597100354426887,0.16827097412089348,0.3651625009378263
0.4410154963423868,0.20317580271476024,0.29660569033273065,0.4902109316083607,0.23329669622029106,0.3380185379695045,0.13607828008009776,0.3424060009917773,0.13585270932184718,0.48369417412952886,0.38626506082892453,0.41526391525428263,0.3816417443086547,0.33589161443058635,0.2799651124342022,0.44334935190442504,0.4827342670172252,0.29961446916163254,0.4726140196621048,0.333333163995407,0.3153536747585733,0.2817930931821427,0.18371510461204796,0.10148786432722368,0.19660249074242453,0.30388926864142607,0.25198398090390106,0.2793940912010535,0.4922592878256199,0.24010894826773105,0.28087317574404314,0.15340622054112785,0.11918309297479507,0.41016380583699785,0.3282732700287915,0.404281922417558,0.15994511955462065,0.3287315084730764,0.20145698973655024,0.19122472676000798,0.10461040562119411,0.15213628942762877,0.22370724459987815,0.14675150423637562,0.49434337616437507,0.22345305940958027,0.15212957868093127,0.17963292513118312,0.3350812913365906,0.1256174095459154,0.4449736520564628,0.48459987169485896,0.19869896826695235,0.2800381074363437,0.10885378041179883,0.35628408989088867,0.2655704232210355,0.2080233864406223,0.1827348442466434,0.3616092310635042,0.2664868124129258,0.1718637156119648,0.37564363259472966,0.3260289132146775,0.4434688219717985,0.14699035955059717,0.4142666407777825,0.3694067147269037,0.14600437473123914,0.37792829194868827,0.2766189155519322,0.4779939142223373,0.15664454024715974,0.35713335632629517,0.2527920181851784,0.4827258682363511,0.2319899581161106,0.4848743637967201,0.4605943404402997,0.20815329412426253,0.4214167107305711,0.4982416807214024,0.20106520086851296,0.27471086772932785,0.3080722946267039,0.21797245432154574,0.10610593585841191,0.18805169767901067,0.2127747537367034,0.27743988052727486,0.16844099136536075,0.4493017426766691,0.38196445309253446,0.13408019102386481,0.36003698045597254,0.36146259056224816,0.48248846945745105,0.10120834854246451,0.19917297992232288,0.4711165917501262,0.4728535661593133
0.38823456774825493,0.406305328419016,0.13659318317185887,0.3055503339112935,0.19263319651559976,0.17248721744544693,0.4241213196493331,0.154015254672219,0.2874606547985541,0.47543129583441324,0.17433282222613702,0.4911973694952939,0.4977151943044237,0.32224686187296114,0.16805709607086317,0.22644195517635826,0.26979713307061404,0.2237296897432892,0.21225423195060633,0.488891883686543,0.16134593096629826,0.3933311634867449,0.10016411577566996,0.33847306776095076,0.466377201581621,0.2151736376372876,0.1742103901030877,0.36067191795137077,0.3850405629193573,0.37521220758079254,0.22772675200854964,0.20088096086373236,0.48236751998481775,0.46931980330797185,0.28292664395712813,0.4384775464617494,0.2809293910537184,0.26975560722900416,0.16270517903971787,0.27056242259678914,0.3149667754399228,0.10900173097147459,0.2776452020701626,0.4125424873580802,0.37201842254970796,0.35406279554557407,0.463822171374881,0.10721280393009201,0.32281903447689364,0.41493953936388284,0.3165341530805069,0.22955822103215168,0.15450022603679114,0.45502522872647655,0.2883049569550412,0.4512460787942806,0.3343408489732673,0.3696768466460003,0.42170446175138,0.3636622178400538,0.2592219362715751,0.3054533535714604,0.42121820987035197,0.2494601185491937,0.2552485827073988,0.13827604642320046,0.4658337740886991,0.13641452597817671,0.3592836709794224,0.2652777915211191,0.262247756102177,0.3718207346290736,0.1268374930519515,0.33748231318057387,0.40881271438894196,0.43128510315463775,0.16821215575751014,0.45896762003126945,0.36245843673897693,0.4527419203282731,0.2941122868440793,0.3168133380388808,0.46761531081146845,0.45996381734186875,0.2792643493476008,0.2097650526542727,0.25726817382570566,0.2551057314118999,0.2147467499931176,0.20743184173318663,0.4444251745918878,0.1279447682738647,0.37104447283983766,0.16912802058258092,0.2378023573576253,0.12461721365393474,0.20798945474218483,0.4073684284468969,0.4540061298189034,0.18861086076094682,0.28541913570356875
0.28812961917488256,0.4494301223038937,0.4051196211503222,0.3052308873472199,0.3682988801887094,0.43894202156374673,0.10381558161021798,0.26115601242001946,0.46289726691083144,0.3961252123375806,0.31713654973362987,0.3118578108140534,0.23910803904177513,0.3082082134566058,0.36215327978538137,0.26734521537151723,0.3856612585568696,0.44449289090415434,0.16187393927394447,0.2806188091269698,0.26320803651403246,0.3749859216198913,0.19994698610317174,0.35610036598091055,0.4509956966925952,0.2672526399174491,0.46440627999168804,0.4972654955733914,0.14243681997918084,0.19322127519394347,0.4801519005928373,0.48333107459255475,0.13908291015470342,0.10599940015085468,0.1644400093025689,0.4984051133528994,0.17199984664427476,0.3010190426888093,0.43936709057220447,0.10816064427528255,0.3417955929033838,0.21081017954784975,0.4449339665758927,0.2133844597056317,0.3747022881127636,0.3696878529789588,0.188597419543856,0.11391967994734005,0.26369982951415893,0.21567726078634789,0.4235910998454835,0.4201456753821381,0.2828095808770502,0.3426048901292876,0.34170380639477005,0.4308632593710494,0.270000965649279,0.21017867191620365,0.206013967256219,0.31447691171288167,0.27965928109288507,0.2760483083939745,0.1364549356358829,0.38744149627607827,0.1854946751927643,0.17878145208348856,0.2651033281109574,0.19111133664712057,0.33354330692320616,0.2485853357337886,0.27956468903711607,0.31486772864161156,0.18141420899272195,0.16230064914621192,0.45216876114944193,0.27348948113256843,0.26483744385301566,0.11424486010913659,0.2991905210349573,0.32166788864440005,0.3235363483818666,0.3828124677291538,0.17099273399640472,0.20088925369224753,0.4242921860921651,0.4788682467373576,0.15437309894692827,0.2990598218020873,0.18567050109583474,0.12402926734199299,0.23020133525045416,0.15747505007368512,0.3839732293736985,0.3134901654685778,0.15753378839612436,0.10369663536220575,0.42326281960968515,0.170477762465699,0.3424866568883064,0.23476876523069823,0.33419437532601426
0.2262614507929296,0.13477582427690168,0.18918000342310146,0.17522342659163026,0.27120774097585754,0.3633135133704629,0.20552242997854303,0.10482797412024719,0.30757494570590277,0.3423037957435888,0.4851481976007239,0.33578832123729874,0.2884690237512567,0.3293606503590816,0.4711602519448108,0.43135125824065856,0.22919149334552322,0.1949017454628549,0.20505344494642946,0.3017684158860852,0.3976197804914311,0.30128768287318486,0.12711855833124505,0.3894322801759924,0.42238805146838154,0.21579914604788786,0.3656502957133402,0.2706367604217573,0.45564774229097715,0.4380902232642959,0.3101727993238569,0.37660221832543783,0.45333988040884166,0.29828680403131025,0.2253002961955288,0.4014664551638325,0.1880265019138767,0.25541245920241684,0.44629089484271744,0.389768936107726,0.26152440209899974,0.18589780096334296,0.24238735633289463,0.2136416596909732,0.17043571517754158,0.39733316542626274,0.20082795474006862,0.28166698806710555,0.25434377873444364,0.4928309514542524,0.25643689765928823,0.13199299311870194,0.13593030102883363,0.33630148854122593,0.3397454206953062,0.26750359619306197,0.2727374769248119,0.12157303313634849,0.3066186041557049,0.3018957901521407,0.15981972742277784,0.14153575444437105,0.14942899623979622,0.14041129859650342,0.34388327821470394,0.17859306096116745,0.2005720608749854,0.16942885766057592,0.4831341217794013,0.4418469852607342,0.19219793494060836,0.2310265175688504,0.1839571369219989,0.2967503837843295,0.10784421298970144,0.3685472035587183,0.30926325992705667,0.45945557132044135,0.16575707373136567,0.4216436984244527,0.4167844057866863,0.15087247568675477,0.25942368965765106,0.16806105645780678,0.20188820018301956,0.20529846993221776,0.3224945576103091,0.2645643727041862,0.47909312160252215,0.15054805677880206,0.48947685394007956,0.1922554560857056,0.40914957455274126,0.23558797046912858,0.15723255816692558,0.443155674098496,0.2235443596945853,0.36354216169073694,0.32657747403465065,0.28870252375634975,0.29832778905941565
0.39289516563691507,0.13510916564937625,0.3672722647831621,0.45832484055943146,0.12311527880794566,0.1562613356934667,0.3866527746808126,0.27491265929784703,0.26141944832547537,0.15478665381769435,0.30270801628711524,0.1506181244785509,0.2906481825242162,0.4054461195846627,0.2033057431548654,0.2923144672718909,0.4968063877587343,0.37466016934161495,0.43654270852207944,0.2659390426242183,0.40714436925034214,0.11620366917652875,0.149164473016898,0.18122823716802486,0.26078076984608783,0.43829795133030525,0.23850642031517222,0.3618484774061852,0.3837257179213934,0.3344729416353366,0.2428967872680545,0.3308213366854177,0.2369062371158985,0.13354949542080485,0.4971215912744058,0.15087298145300437,0.12893935353442296,0.45141229968286234,0.22073386435715805,0.360118789629403,0.23160229186489315,0.2565817083177885,0.20484518880671862,0.2372176023172041,0.26428016023461726,0.3881664276369372,0.3046144776939167,0.47742608686279076,0.11675215753551021,0.30122732905281124,0.33368991553268723,0.46807879442970957,0.11966340944857104,0.32939983397408645,0.44145197141118286,0.19677109124769465,0.45051693940957505,0.10761736370971674,0.39298185165349186,0.4732452884674613,0.36287906465602493,0.2756116975921792,0.11795240658908722,0.4680455253290515,0.28811848907662996,0.1115986977343792,0.37592842853150477,0.2927349014305033,0.14973812697696431,0.18570872372410385,0.12579627218233852,0.3297174158834294,0.3488117917008037,0.30229691934217773,0.42684085320104603,0.4444035285232054,0.3462497586732507,0.10510259188297222,0.3780918622990943,0.26719968676814065,0.3262229932905548,0.35963224080755374,0.24009464573083072,0.46683940206871777,0.1535899466999125,0.368604722912415,0.10174383198263218,0.46986044216207234,0.14500165329523662,0.13795369205902985,0.2332030532208977,0.24942651441563224,0.18572002892915146,0.3340486643708499,0.27716563921678544,0.11367023561643497,0.22786082490212026,0.4241731654292682,0.3758806139447475,0.38994834143195223,0.3792467696334094
0.22438920855321332,0.13986556883071036,0.20898687361323842,0.43271412007406374,0.49218831911322847,0.2975388058966245,0.1038801419692169,0.15601792485369162,0.22883223012650633,0.3314341394371799,0.1300374583221256,0.4773429194839527,0.2460334693137603,0.4650336871699292,0.4122087211028087,0.40217490900623243,0.3426878319128928,0.35071352682073786,0.35520129408649925,0.3514885548102329,0.3214912925593445,0.4945656073931556,0.3929162269702785,0.41077855535700847,0.44898512603346974,0.18625590509033968,0.1335216636380243,0.2931577746394395,0.3056322782477093,0.43167271197996715,0.2775134317129343,0.3283412102177251,0.31082837540538333,0.11528111350295643,0.34608595863876557,0.4312173143097009,0.16300021923032154,0.3377326935706383,0.33744421777856576,0.16567398562254348,0.1493854294922944,0.4920207771905939,0.257487667861215,0.19096869148941173,0.16852981778174997,0.36704068543329404,0.34377811893091154,0.35742084919496697,0.1352024110045809,0.4574138333993748,0.25570655872361936,0.22534776257214317,0.2849445788990957,0.2560264262990513,0.44543080125565837,0.4717043900791569,0.2213812865798425,0.4455743229839819,0.41260925181322683,0.47232306893790477,0.19830012487435514,0.33078366004839166,0.20981783389617786,0.42963779619374975,0.10212967622842571,0.32592766515455845,0.2356813725087672,0.2290734828311281,0.35796252954596686,0.44059377972559755,0.34367815655733047,0.44126919145868904,0.205838844752412,0.3078007419059925,0.2802146156268304,0.10465795980123849,0.32272485725629607,0.36460972965846994,0.33676576176762807,0.3945119595133686,0.3285358113812309,0.1267001019403028,0.14657820963388457,0.338589831017581,0.20999167678945607,0.13185805161390635,0.27184109737941875,0.3217290392334622,0.23149839533984262,0.38817348089031123,0.3575082432404979,0.2331273444366688,0.4019490115634242,0.35947801701321425,0.35497815148716083,0.3213710803148272,0.10455586723542112,0.3786028733907557,0.2504167164436626,0.4770438840634622,0.4271939084308821
0.3350777878125249,0.20087279272770778,0.18148695731106665,0.23615393507101967,0.2906271774320074,0.21842620401557886,0.30597179815699316,0.1661481702052744,0.4910851251302,0.14316982198599756,0.4727776558617488,0.465431204561078,0.31014419272779925,0.38996410873443377,0.27441931918903517,0.35201383101697525,0.23623037496844748,0.22046360791417816,0.3312919144678055,0.2992518696735922,0.3318145476599924,0.2146642325148092,0.2467831327267981,0.13355918425156374,0.1209105489088823,0.20138285186920651,0.12969874373221832,0.14150988345389628,0.4251713621575749,0.11554947880667572,0.3635771175738971,0.20902309952616022,0.4486182722832506,0.2939969138309998,0.2222305837311303,0.3070555742757738,0.2527832076181076,0.3257204258679321,0.1458131473305393,0.49879620112502043,0.27022235107868703,0.23929225588294747,0.384083939326506,0.245559762598133,0.4333097220115031,0.2817082897441701,0.387823365306174,0.14298128657675463,0.4384476742220448,0.39428719471124396,0.1846867113847863,0.15811440389831466,0.22651693949024976,0.49042823441276173,0.20273262982682347,0.28245088357865333,0.11200809028693454,0.258891011826493,0.32852800617324107,0.481249845003186,0.3066944179760258,0.42764293047107516,0.3188510570275602,0.11631400537420725,0.22600331007590962,0.3302198031324413,0.48023758637244973,0.44365214390049335,0.19134224567153907,0.18804393200766542,0.18046918684556032,0.4689995585210013,0.44106646124068827,0.4099533729011795,0.2570940456896911,0.30175228171950674,0.2857326979180611,0.20135924302374908,0.3020112184595068,0.1121986191411018,0.15272414939898368,0.4546358384675786,0.40067190681256937,0.26914736362363484,0.3068601449135509,0.247999554383991,0.39631194686426896,0.4136748716928319,0.4053140760812637,0.38904468993377983,0.18180173547711834,0.23518799169619153,0.28793817399347,0.23231719657106226,0.40197608006333163,0.2317414096999819,0.15529283471413488,0.25961618081932164,0.4919657731129522,0.19035256517343035,0.34486346357729164
0.2731892199358825,0.12840982705973067,0.29515064239922384,0.380865731459325,0.3052879903311275,0.4488424254986324,0.21557480666303308,0.13449966852158599,0.47462624466320247,0.2512785398112876,0.33056222058145335,0.4168012504520784,0.22972546555023224,0.3864658152710445,0.15416753992713123,0.21651749888220212,0.15788425445460796,0.42449222336054315,0.18905969409071416,0.3869614221620842,0.47731935889826105,0.31110888362755085,0.3160116769042751,0.2844134272391248,0.23035605735745712,0.29026201236996685,0.34112301290670377,0.49439662886826374,0.4751058237272897,0.4448611833172488,0.45565221428194336,0.2871396733168172,0.36297773087098595,0.45802668917448564,0.25718030599654124,0.48470499133818756,0.2663144248276732,0.3404330661572863,0.3839218853089488,0.4802368052303754,0.19784650962090644,0.39845239129545695,0.30832623445763285,0.20742285624825643,0.41064273591855627,0.3208889120695386,0.36438952825987037,0.2291604274311604,0.29250958073104205,0.34694170039522687,0.2619643257079376,0.17934901593908054,0.4846561969261216,0.30458701601704696,0.39356814811508023,0.26441887742242326,0.24205270561028655,0.26286571938685,0.2636786575142599,0.3176720463767815,0.31738794799254527,0.29886152635314867,0.15391431396697525,0.29843019140021243,0.1676415601682606,0.15045431451830607,0.4730582869364671,0.3419800052590817,0.36379602324983373,0.2607174681333455,0.4635923567659457,0.3551721958318662,0.40766794780943505,0.24742498761108556,0.48400475232765017,0.4281845160633261,0.4415793852058175,0.16887770697030172,0.2083852831484878,0.21425063987343085,0.2083636892987485,0.4421632648417152,0.11275391808343685,0.13043999559230973,0.2095659482519615,0.17994918985977748,0.19274384555313936,0.41917727570132,0.32525063755681877,0.1023082645171872,0.2717291062816781,0.2631539707401436,0.14557810777781743,0.3704567154405829,0.3808388753517965,0.3883572876208391,0.39138837822343686,0.10002113077291873,0.4815683215386889,0.4256835068218653,0.4615926786357142
0.10625731812297366,0.47354351831429575,0.4239154114752419,0.43488765718347944,0.13731495388878742,0.39551121156743907,0.4839666758568364,0.3714189365672643,0.3282245618498426,0.47825187109959877,0.2771748486937744,0.33971742652419146,0.2905353173977465,0.47313848854411966,0.13043389070620293,0.30044788033013925,0.3747809765541753,0.4167626153688948,0.3332074589776546,0.4635670976485816,0.47679657875354875,0.1257276892774334,0.26094821581654976,0.10938360868846178,0.23176666294977719,0.31474728718824085,0.4643179722039795,0.43862172898616114,0.1509998906687943,0.1372121498963583,0.33570693550266684,0.31284718898351305,0.20655105657200956,0.45978123382153413,0.4709465637846214,0.26104457533606507,0.4561210228454081,0.25357955770518903,0.3947267327318801,0.2903768870190897,0.1490332626028732,0.4711736804948087,0.2816386373510147,0.3937948161289615,0.24686952577251686,0.10755235143049387,0.14021214347673439,0.29848779179596974,0.375985742850545,0.23389413063171163,0.3781953836710602,0.3794542357727825,0.38157436293113234,0.29700874160820334,0.46595446004860164,0.29567860719224626,0.2801060773986553,0.1797523276042508,0.22306203494253463,0.11693379700732134,0.3534141174464681,0.19941429757083717,0.22166210179418605,0.40832580866572854,0.23088847326458156,0.1968783568052569,0.16762309965348232,0.4099433608727824,0.15188250319601077,0.2815015041001414,0.30277204643087774,0.37495596507428586,0.3533133929331982,0.42428826917806994,0.11790057357049527,0.2185762899117589,0.2120536475101519,0.1584067622368433,0.21567130154257727,0.2239061256571614,0.30875378477099136,0.3654817915705024,0.2524402054447257,0.3877880925253525,0.234466135431832,0.21611347092590416,0.3164752223428098,0.10948654412231625,0.13191564945360015,0.26718781743461084,0.4771650845567026,0.38860471193736945,0.13525062780022312,0.43852720511234955,0.3929203082432724,0.3443786102810613,0.42811718424367096,0.26164393909718286,0.18860042034154112,0.30480935564350375,0.3195367022373895
0.3153305488039648,0.32602951659204216,0.4794819672956724,0.46089824923849254,0.4502868146235758,0.4205667243634509,0.4773712429061142,0.1393978566717613,0.20604930457829582,0.298022378261834,0.4386137972493621,0.302066284609093,0.39921389573663546,0.1555839620995665,0.20096552519062408,0.392710438015069,0.16589360355508964,0.24054237386197072,0.2059465031254286,0.23994467768899141,0.38332961963118817,0.2471388724571204,0.3221053290431761,0.13997275082176386,0.4220070772938511,0.24795545025924995,0.35941366361333704,0.3901558406647331,0.18386436884468016,0.45386999398134,0.3464897006427812,0.27149005670059256,0.1729340734312878,0.4769203751604827,0.4020272816526501,0.18320982509329956,0.2350843098896898,0.4238697032352293,0.37827106528613563,0.4063137170862897,0.276480440885173,0.38659050505686676,0.25459748914556546,0.1845051667752786,0.35307081393654405,0.4904055702395177,0.22424038855813186,0.2843878368850159,0.36960054842794143,0.31660251284899515,0.43737111828361974,0.40469708258780634,0.12331888154494282,0.49936849356950963,0.4009609814877869,0.44556132651764535,0.3604790848381386,0.4425140512187049,0.14495318997148376,0.23909513422372625,0.4505683774417971,0.18066208450675691,0.1312968394320091,0.4152475759780876,0.4341944622573185,0.16506088727596024,0.44173839311308616,0.3747071182388678,0.30803307328663354,0.43210007711255405,0.26769969972758634,0.1775975824893589,0.21394107064424547,0.3020656073173259,0.3125323170692703,0.42223233057649345,0.4165410894609338,0.33254662288182996,0.41231419334619057,0.1767093833174684,0.12002581083731774,0.44945352905388003,0.13022179750510784,0.19867537189759893,0.37812757984975387,0.26377917505092363,0.45052558796620357,0.21919191786490783,0.10474853866774372,0.22026225622429765,0.3312300196739327,0.25037535016131734,0.31394910230350215,0.4506392475340075,0.46499402169214743,0.20638962586164486,0.2848561893079603,0.31965760609658045,0.4796449827552989,0.49944692766575394,0.19416289953661067
0.3907919485383262,0.2512124248932781,0.1032432787544853,0.10370100897436095,0.2842264030249023,0.29533396520173383,0.10902787862937707,0.374770966709721,0.21760135543798126,0.3239572406143798,0.22036762926616751,0.16685372594772288,0.2628694954395501,0.19290934591620032,0.3139203907676672,0.179531412114592,0.30336239065785087,0.16295140594754703,0.36838988379431403,0.40157507377656965,0.14415769369997353,0.28712096481493565,0.12834868026194945,0.33927297821680097,0.20576171917185815,0.3110497827354831,0.3069844037537165,0.4697417384775202,0.31963328902748916,0.3331993918873263,0.26066125030575216,0.47963184127312675,0.41087436377584385,0.21416211612113664,0.43768383431049285,0.27295854407403597,0.4314668574134376,0.42915522731740086,0.17554807470514178,0.38045645255343075,0.21625718772261246,0.2189970679970673,0.2185392307522323,0.39022729902397935,0.19193041671701444,0.10036233409843609,0.3860947413930532,0.16847389753405012,0.14179295812313386,0.19500644823762406,0.2519602089290816,0.29036253098928033,0.11782801628505234,0.4882293330509442,0.3864252213678233,0.22927762612973446,0.22747890291415895,0.27941701974738375,0.35049792910521316,0.15854922663558713,0.17557192550598094,0.44377383313342034,0.20250196955562905,0.252077999190071,0.44850874038004684,0.3652591317599291,0.23668475173667536,0.37347981828984833,0.10787328615256549,0.3942570640045461,0.29480641620649584,0.4252728589137845,0.48185506080258733,0.4703154197978273,0.46370601738213635,0.30486798237355484,0.24405684565557523,0.28601412989226915,0.3759584013253443,0.4535991107484747,0.18279452120004783,0.46727726338468123,0.42607209278795566,0.49154240607129385,0.4521007093126749,0.21197493187676267,0.1423823645376191,0.14489642879663545,0.21648932743131044,0.3456734895938157,0.42172813043886903,0.45970012279262595,0.3495013537476931,0.1022525250992215,0.17452671060741343,0.1398904815413472,0.24532979022760404,0.30054039745349836,0.11735887143142434,0.23939119031826214,0.17167186985012906
0.3588280665035496,0.285708947729736,0.2981270587735635,0.27107671521338444,0.48240788419462677,0.1858940500486253,0.30666570393754977,0.39440694734613435,0.322737765253825,0.47160835428672043,0.2511873422565137,0.2854703223092712,0.1354089260858914,0.3435996444207714,0.21528478737924242,0.16412361580622753,0.31781251716180325,0.31292410535196424,0.13034865648961902,0.37928618139778913,0.34950887626034116,0.17560691309859888,0.28777394486161756,0.38812916659142405,0.31177429621651065,0.2581956304734281,0.22893538323237747,0.34415754665762144,0.47564347932409623,0.36869793619099334,0.1298983614545262,0.28427398939285353,0.45632965260425107,0.13778497032043477,0.4955502848550174,0.47962775745816855,0.13130979229195036,0.473365328179822,0.2452530361037849,0.4378836668303451,0.2673533350853086,0.27634204508100635,0.353697236391017,0.40979096771039336,0.11351566037929946,0.3372623982108537,0.17469319763894842,0.23837980714528118,0.2391874664620866,0.2876241360884615,0.23365456475046936,0.14294444738026713,0.15825149541018058,0.11337519422443908,0.28809963413150175,0.48177907794119545,0.14627008945924663,0.4785057972012329,0.3933446058928375,0.3549995211736653,0.3581111021294252,0.4306910593585128,0.14276794575192855,0.30190172942621674,0.37883645530430343,0.33472817802942545,0.43311162840931783,0.1289086836045406,0.3762804157996664,0.3136110921538871,0.25166434559197737,0.23610999289361234,0.34833305310967716,0.456398149857706,0.2984703704404461,0.4298892656307681,0.260862552737587,0.14095778511727064,0.12460229458345543,0.12053374852947103,0.252060056783068,0.23489510033433683,0.3871748094490278,0.3971286006339464,0.12034158753349594,0.18844930515560598,0.20970474006355988,0.3190447936571238,0.1578060895627801,0.15357648776000016,0.47751555568318327,0.4216811629191124,0.1722619608364681,0.2626271231621964,0.24224879970302624,0.4164016296261629,0.30408516659124885,0.15113989479738682,0.3955968252624976,0.2587551912899676,0.20516969905285884
0.25019944880828804,0.29910262544275856,0.23724620656680379,0.19676230903670314,0.2594008115215921,0.1076691642999593,0.40899913843852553,0.16837795742703432,0.1175618454522549,0.36147947716203166,0.4095744515294689,0.4255316526371373,0.29740367306424,0.18214727387599414,0.3948910708999307,0.37988523086173487,0.19850829364126932,0.46136310234511724,0.1417485832331316,0.4930752958365303,0.44409912439098587,0.3751594581916301,0.4754999553119331,0.38892446732948316,0.17618279881201837,0.2768624552451247,0.12860120973265415,0.2558629689152462,0.39664120789488344,0.25457734037232693,0.23211767018725366,0.3381422890041248,0.448881811599558,0.11903327701844497,0.2541881738798942,0.16329629672610507,0.37814170029274785,0.14228982417245395,0.3659231034320979,0.21447234831916295,0.1795667254948899,0.47454102312999413,0.10740983069838235,0.27511090875582755,0.10865079698471752,0.2934372192417316,0.3004189511177673,0.22866498855789882,0.15286471101000948,0.25055501509379013,0.3689051759730264,0.4129583234577837,0.31230024095525694,0.3359337577759023,0.1802465484498611,0.21493213329105978,0.16475824402094336,0.19971814000184454,0.18995471209021272,0.30777951455649505,0.3250755023162918,0.47797896832860187,0.17822825884060922,0.35667028406459844,0.4269037075950092,0.324096585513221,0.2020014610004303,0.2050200920080001,0.11570122122839997,0.2221776906193927,0.3978414716013521,0.11900710288284416,0.18771811300193228,0.38249299941271275,0.41306062512915065,0.28212736402477134,0.37922973539145954,0.2551808674619568,0.163965298009651,0.2592597974091626,0.3319871280812572,0.4792213127411561,0.12750038083547094,0.3029576375379842,0.23156791128428977,0.30332467771067784,0.10959017895061268,0.22521014188063254,0.427947259010802,0.32157669354185503,0.280232997126447,0.21421002868613584,0.21921700911654238,0.2532405734362338,0.43422828398582414,0.48688528272330733,0.27546215254014983,0.25734113549910476,0.43862031032794513,0.27076212825452145,0.3208072689182605
0.19237666583949778,0.3974010143116301,0.3127953273083127,0.4236138200961367,0.4122930920114679,0.18600190730801144,0.38625422022310496,0.4200217631805486,0.23844289631295804,0.1690436451609098,0.10105286223183528,0.28036146123725925,0.24097309261553665,0.3219639335301636,0.17521643703551432,0.4438662190665901,0.20310208625124387,0.19057184203506,0.29228562259374236,0.2995404094977097,0.18603409151403716,0.20874429069036632,0.167882095662098,0.3873840713292668,0.4080356125016328,0.28493139898371306,0.38563480907400705,0.3943741567749782,0.15531021107112344,0.48647120993381476,0.42841277883857243,0.1817933844783294,0.17446601429842812,0.1502644582318331,0.15535142501676735,0.39926471961147847,0.28786170278064943,0.4131736690959469,0.39850195774008224,0.3418450854020887,0.37454664263147186,0.10734228975165672,0.2247110587220088,0.35512887170376406,0.10373798139449769,0.11319077747303737,0.44075519298815335,0.37360994467682873,0.2061478932481376,0.3751851360474836,0.41698266765570535,0.22271771324404052,0.11441495099967498,0.4731116498750938,0.23807193531825221,0.14259270531388257,0.29674274855725896,0.40738711826565355,0.18865892584702368,0.20779602005334535,0.19708599471943328,0.4966692211326713,0.17896149349221702,0.33020808678644964,0.4701058566627857,0.1587586275511117,0.48834167914708015,0.4789908937582499,0.45382879482330507,0.18582260853200092,0.35362202240439333,0.40435658918449613,0.4944111712785719,0.17216952883254816,0.40641035980771856,0.2355204679708452,0.17025058622720093,0.268550776485542,0.4175343648594466,0.28593992148162084,0.31500924008121944,0.4980637640800485,0.2596437198229704,0.34616030188369595,0.24609768064614876,0.25711425853148195,0.37825630137816324,0.4751547904379534,0.3169435801969286,0.407359971579512,0.13568262352678553,0.1844632149727708,0.300852656367813,0.10800468945150993,0.20114199150502354,0.30696051592998647,0.10598447930252029,0.2058185144904167,0.3056123277903478,0.3292596991924983,0.4703006772221222
0.3581382493002432,0.2658943210119975,0.4721404708532272,0.4139531933551177,0.18000356844509904,0.15233694453952792,0.37032465429709316,0.32395326623079357,0.41586944551710225,0.39552202003147463,0.350084613543006,0.4945528686515569,0.31343589204416344,0.14524230260068793,0.4313094259263953,0.2007413449382836,0.4109208592575674,0.4828428384000206,0.37871820558573654,0.33841206437992044,0.2841544702700163,0.24576394639816132,0.2412019003887345,0.3545490822838363,0.40050924677509836,0.37140682779376577,0.1793640404774251,0.2975948720573965,0.41665602887322517,0.2902816312756225,0.31464931189419754,0.4084544192683289,0.36450612250603664,0.26373796835295704,0.45816508447768756,0.16502682746539143,0.4982065794361299,0.1475410313904949,0.10597998844169557,0.45600756045950586,0.19798140334638245,0.3918798509786884,0.4244061499728278,0.44359455641284673,0.49663769426566673,0.21761588401599963,0.38409733677090363,0.1461599433123313,0.26272371654273974,0.4391886773250362,0.24706321842364334,0.33643815221424567,0.3015093774898536,0.358380612444818,0.489157755755078,0.12229421060056085,0.3295846070006519,0.44521151170011397,0.292553084699371,0.13141087437662913,0.32421574096670835,0.23282955632952818,0.16197671413517437,0.4396138053133892,0.3086398051964486,0.4733105649516267,0.4224066018412277,0.3771887175094669,0.10201020134612478,0.27112938265529996,0.17899451266081293,0.4643191644195471,0.16983359387054411,0.21442402066371422,0.3067347070937997,0.2053454475992317,0.1839458709116485,0.339639730041101,0.13557180910200956,0.12326710348836989,0.24889811807442858,0.38826578180314497,0.3219227033095792,0.26915058738671155,0.326300625689833,0.24618059386130944,0.4744585341728452,0.12196195636430973,0.3693565916119341,0.4565130659311002,0.4215538834941014,0.17361641392857868,0.21837053959211536,0.38681917548284195,0.13370822367230623,0.42474467993303366,0.3875627778419162,0.391842659694137,0.14009654810703656,0.3871042179264924,0.371927250087988
0.43236899632874026,0.1166383825025878,0.10924426738711689,0.2492028399514243,0.15951531353966117,0.3233537910280888,0.4669395606026996,0.25659189213360634,0.43798015090904163,0.1000963498071466,0.1674058573836737,0.11216941586163426,0.23125887220602748,0.4632758382786012,0.13878084943959512,0.3425639106975201,0.2805983756477777,0.475387284946325,0.14900765701483754,0.1848111402008916,0.11181678744459732,0.27357409985254955,0.21113315982586173,0.44796237355612833,0.34197632527910204,0.3456362951902807,0.312764278752521,0.1367401348916804,0.2780074734901421,0.49980207588340664,0.43409171633840593,0.45738362166684643,0.42929054369859976,0.14121667737239307,0.19097930162591986,0.10124866054256386,0.2214040499512446,0.14344296093859704,0.2891173381206332,0.3708509954295608,0.44980211801523085,0.3996868660363593,0.4754342383114021,0.12155931615751553,0.10487193416661658,0.36453524553448513,0.2157409640888985,0.20140040644230928,0.23235483507751772,0.20791842315694567,0.3045745625206349,0.27605937888965304,0.3049714205506625,0.36908544460017445,0.25485220358845934,0.20052307485686272,0.1664802147234982,0.23978964781305023,0.3967225900984689,0.4026819640445879,0.3667621546736841,0.19361127012274984,0.33523449834187913,0.3282758646307392,0.2937064792438902,0.3199915945535457,0.29671625304946725,0.3261825464296433,0.38620238184845157,0.1438512777613759,0.3998503008596095,0.1543544600510377,0.1266511993641499,0.49043187448858705,0.4827967075481766,0.12417461797622563,0.2773013765899849,0.1744979753199099,0.29413795885376726,0.43207089719983494,0.4802447098971562,0.35370106138061497,0.24156226688472682,0.3413302262578394,0.22480052244338014,0.4639294563328241,0.4481601852423348,0.3232927001118644,0.22991956615214423,0.21735587023319136,0.11336719788202379,0.42632834041011813,0.28015328521560323,0.23005317136010578,0.28844414199910157,0.4274951961818608,0.1498456830830085,0.44306239529673097,0.4590035340433416,0.4786831660135553,0.25899519696905116
0.18685616161506877,0.24945632738667942,0.2331648384925613,0.170461565001144,0.3429066680405952,0.29064966420345156,0.44628039692960153,0.1128438321928233,0.3575471710220506,0.40517955140462447,0.4037946276753228,0.4544295868382101,0.3916134971317976,0.47112402465907854,0.2330626399283566,0.30128376670061724,0.10563186531315627,0.10278303492131649,0.19605064818060797,0.1403228788556341,0.20408454717430147,0.17081731781135895,0.1114080099354593,0.46372165856241976,0.10328925255555661,0.39443285773483416,0.16085915476780663,0.46489184879984,0.4571183758359544,0.3615604585477029,0.36889365992024203,0.10213565678787542,0.4939486264454408,0.45113304143032573,0.4580424902920368,0.3636978148203488,0.2379147714618146,0.4574594596361924,0.21660677126047695,0.32508461733688115,0.13989238893755296,0.4687822520531001,0.15630818310848535,0.18995872229216293,0.323253663251286,0.40563720008519266,0.3477405223745196,0.19285356512006246,0.10037721701099614,0.4028602321229757,0.4940829303644375,0.4239652481224362,0.28408264726264615,0.4615069045596426,0.26393906924734,0.30997363369738706,0.29085190695827334,0.27904954906621,0.4100763077175623,0.3107075629077968,0.22668684881008644,0.20326326706339135,0.11509892678697337,0.3332780647532184,0.1919845661604137,0.15925356880655325,0.36153198553107113,0.37248370312861956,0.40086195690306636,0.3014307585354366,0.45762184208155465,0.47453710135929117,0.42294837591699574,0.35423739280327493,0.22148838143647548,0.4931779686480885,0.20965446687677536,0.18106276879617245,0.2768616455146331,0.1227362282849554,0.4913977858687163,0.33537342256656993,0.32278083666567015,0.36231851195988796,0.29880945911088264,0.11282540683781664,0.3449245155361587,0.3864695507825723,0.26669962424962124,0.40291822882847717,0.19080051973536827,0.18851063642647362,0.16456679507502958,0.24879790391566475,0.43880481415563344,0.4311648248596257,0.2531296831854015,0.3356474943920946,0.38832652658996625,0.1964827098512092,0.16725643435789883
0.4888383972849244,0.34702292528384737,0.49256628873346553,0.23510239485289164,0.3812126799896526,0.1890414546164951,0.20448006850956518,0.30476084850784957,0.2278472502032285,0.16704862553623379,0.20515228079573042,0.11429935778634587,0.3817694485909947,0.2968466628343447,0.13769722656181027,0.16867759725139647,0.14101381524505763,0.34503712331035064,0.13768414544499752,0.4017129332140864,0.10820436772815648,0.19975031519835684,0.45626667035676294,0.3874125272488984,0.1291873331702751,0.4284504417940719,0.2972140486160819,0.4387132108675317,0.34029590978015734,0.37273321281314353,0.49740062415828323,0.19293421836960728,0.34957822990455534,0.2841285560229594,0.11578078116907659,0.10578825660114602,0.14769143112714347,0.35963669621541927,0.3268652351653569,0.32137182446549095,0.11274270501130404,0.2877211985440028,0.46984912713701144,0.25903674772425866,0.34996898791538256,0.41192747024925747,0.41357011165675506,0.30771203295810856,0.4431807781609346,0.2565512373454988,0.45547728591391934,0.19609086655821814,0.21208656279622842,0.12124824967960045,0.4182327346169131,0.26682209449308225,0.19164664556455963,0.1927161110466319,0.46055997649169333,0.4335666401844148,0.32141235414287334,0.34644432016628846,0.2897302282201164,0.25666661715152356,0.46619075248733266,0.15024508140812085,0.2673787158864912,0.23782476319515014,0.29926028810045935,0.28305274981807005,0.3075558126604326,0.15596759089079765,0.30525660060531085,0.19696752555488437,0.17373253959527651,0.1259336875144765,0.40506102350245643,0.27097676834262396,0.3506574733247033,0.3910373373218974,0.3717266661254214,0.2882002876358729,0.25515941158069194,0.2503839638562655,0.35601951877202254,0.29791774197674936,0.4396528991954043,0.4498807937306849,0.1682241512026074,0.15449346061829028,0.35216037041439985,0.22049029922491178,0.10742828750603955,0.455457067745182,0.19076030689752332,0.4717122606743237,0.3869737803513015,0.4050613959645938,0.18058459831726417,0.19367777024672517,0.30850710152962635
