0.1777590780040566,0.08370483751180002,-0.03128047228618763,-0.029414079909178048,0.16747367117731904,0.03056187737415672,0.0825516839612167,-0.03318591019473169,-0.11052289409411437,0.08942371679776745,0.04312950885655514,0.0005371521699117365,0.04960837599778553,-0.11668576557430654,0.11757548261278256,0.17926512200812234,0.1564412576670811,-0.07142570187719316,-0.037597690687169644,0.12336091991902448,0.038046852329841535,0.019165777470659673,0.1706567870133781,0.014409984390820307,0.0059754718349239455,-0.18319256349345614,-0.17223321656394497,-0.19703187684773993,0.16529769031345348,-0.03664533599291975,-0.012575449546634976,0.1381547790369848,0.04369852415031117,0.04380063855623245,-0.08138622825807502,0.1335633495698077,-0.1336680095842025,-0.17874016313082086,-0.12335865699258708,-0.09290511249017414,-0.08707557685831731,0.06820543944750701,-0.1128701650685426,0.07066332179799384,-0.1635471307064801,-0.1411190155608364,0.0035285793963980017,0.16875832103065708,0.1438270355244456,0.18750137697712127,0.06019162611126838,0.07032594656643681,0.05000919957259681,0.049127569143278926,-0.14115186197296614,0.017495582465571452,-0.0455728266193097,-0.022985113689082626,0.009440229223694946,-0.14864153127909938,-0.056204906459152076,-0.17462017564935858,0.19186725216895967,-0.15258878847194957,-0.09659010458201821,0.1565171706813589,-0.006915981504343277,-0.1457451193917479,-0.046307784784260425,-0.1536528023234457,-0.1199136011661993,-0.179188061220062,-0.02470900218036004,0.12265444869010395,0.03438767147995819,0.0425381221938447,-0.11976638796670387,-0.0624424626990534,0.13809684153633278,-0.1648575262693942,0.14317226146741352,-0.006523989494085752,0.13485897253004692,-0.07279743224223986,-0.06446281936679168,0.10064194732925713,0.11399846935688807,-0.1081421288039413,0.18914852992876224,-0.16620395830206844,-0.17259881475914765,0.03820168611444111,0.08909630710864858,0.18435445168998954,-0.038021687680455385,-0.18988343640414676,0.041158535778562794,-0.08412159176049126,-0.026821151521839115,-0.004612207100025911,-0.1741949557047865
-0.0056072861743588776,-0.029472133278274082,0.08501770611463727,0.05826636448493783,-0.12591371273977559,-0.11754443271584121,-0.0995975284902507,-0.12841982388112907,0.06288527986738685,0.19777207168010824,0.06084333620637461,0.04267261847651649,-0.03602882665957102,-0.07496789645609572,0.16442950276259166,0.1876007496568612,-0.00128952976490887,-0.08391980179737701,0.10804888306790711,-0.14701728365324862,0.10623529505747265,0.1275793497245355,-0.15003842214913307,0.1907445875186255,0.19420491615539137,0.1746877917309405,-0.001586076237494266,-0.10157034308926863,0.03280371235276519,-0.03202646461142572,-0.11762054211312117,-0.030529436152860967,0.06555593427103623,-0.1716346756856036,-0.06663279942159339,-0.19288204399486994,0.09979820218467028,0.0562765070466803,-0.17493114611921368,0.18589502384078715,-0.19095137714915975,0.03598425859043544,0.11054698471962232,0.11515852521788922,-0.1862859457627185,0.16256605305617572,0.1673806687708489,0.024556149261749066,-0.00716672044514155,-0.18205301477496008,0.024781657003947466,-0.036248367291907696,0.10912256296346245,-0.03844657324556486,0.07343233332988391,-0.15943674150498768,-0.14681909169361324,-0.14411592374033666,-0.1817898000801026,0.01653154370792151,0.11758709041745441,0.04416448147746643,0.0299819542211425,0.07224957136109456,-0.0641418707711941,-0.05521837134070845,-0.074291960711631,0.0848435731414302,-0.13534386573169027,-0.19478988787483026,0.038478578688996956,0.1769525458936822,0.04376316679852188,0.11316866117635804,0.06911628378641205,-0.001025338590793512,0.08735696071353838,0.12964164954208873,-0.1101073423313208,-0.0655478078067418,-0.11050970699868645,-0.019130817763823582,0.15402582036666707,-0.061917159665867055,-0.05021324434777866,0.14414689386877272,0.006149732297870081,0.014179599858973768,0.14432048133288516,-0.0037893051898107155,0.07262301385175812,-0.1657421336503757,-0.12854731474924588,-0.03824951971350177,-0.002064372872050052,0.1862934804944918,0.188260653219116,0.14047883499150465,-0.0737604658857702,0.1856113163329759,0.07573634587048506
-0.042823948873039835,0.08066996679390653,-0.1933909080853894,-0.14153812709031457,0.13187428462254708,0.05822945474926844,-0.05432211948324639,0.00026665608908751914,0.1620568598583068,0.05263124379163464,-0.0407402864262679,-0.151869337040986,-0.08250127934977561,0.19133609311863337,-0.025054774859289003,-0.011264214462055666,-0.0005607870411938332,0.15364160917928443,0.041571313754123956,0.07747081458076888,-0.0442345829803584,-0.18836495256441027,0.17238916569713775,0.17965107236656258,0.17966122133922047,0.17747483465868663,0.1260967764278244,0.07383842004653074,0.13780396730691424,0.04021849560041449,-0.14625215444319056,-0.043512733983431584,0.18851796478917499,-0.05954487456173749,0.1471311654925478,-0.1627154116900522,-0.06632646304981216,-0.05961867010904817,-0.17935898275640794,-0.15236226792529803,-0.12273391555129161,0.1351262363240452,-0.17463920402407745,-0.08051963946224512,-0.195929998964293,0.0782510981612099,0.04812123601735191,0.05799290482125674,-0.05024688611415251,-0.11669287149297239,0.08812808531441335,0.12444714909627808,-0.1445594007607193,-0.0052682288250314735,-0.100513727208455,-0.13275725551754652,0.09373012539799963,0.015238774189134802,-0.1135258670485329,-0.07599999551538197,0.18666146853109694,0.13947182588342266,0.15197869714925133,-0.015995161167716793,0.04952290556835001,-0.04929290391823535,-0.1689152097244438,-0.039572275737287,0.0375923012828579,-0.08514229169274744,0.1391802298909663,-0.13955993633016056,-0.05314836422523203,-0.15003843787031884,-0.03806714640590986,-0.18413547801029184,-0.09098024197534182,-0.03970589795452653,-0.008733854689323362,0.01747854339005675,-0.09000354808403244,0.009216533845948949,0.0036018486248239334,-0.07352877964951662,0.1320801322625913,0.018256450637426036,-0.067092112501382,0.17893540483231057,0.13804496522846443,0.19303512462072037,0.07689354985816832,-0.04871083779758126,-0.08765573332839507,0.0653271374697924,0.19232663299812147,0.05068603204153954,0.1526459763959353,-0.06835862758089256,-0.03721848701029776,0.16251009583574133,0.10274668078312754
0.19256412814716234,0.10990568389289679,-0.0205937171127073,0.012427207928945222,0.16020619698525468,0.020658694439219166,-0.09784105033422193,-0.02575207489202022,0.006526395539647151,-0.1613120665795482,0.09750506970115608,-0.15625842665801082,-0.03803291465247774,0.12184897661616184,-0.012971855354681233,0.13680620788740322,-0.063247471177554,0.1830545175993742,-0.11621262727790578,-0.18469434200427948,0.14897061719616744,0.1008810863801633,-0.10720646517305088,0.19389664285466957,0.0009120517074111267,0.18042617605766542,0.002011508554799729,-0.011250165291483594,-0.02034458514221399,-0.06604988954681992,0.01348059887062067,-0.018978135220572845,-0.18530124935057835,-0.095825906630599,-0.11475087995777665,0.14697424092842665,0.03954799089073657,0.10547324017989096,0.18273041509971222,0.05761570901056401,0.19304399656189775,-0.07529437933914816,-0.12549312707484245,-0.03867604480283543,-0.011680234025676806,0.15814461714103406,0.023976175614670525,-0.0831276002327932,0.09705371314700834,0.0023327748556283834,-0.13514722188993195,0.03072791503650088,0.1645578147229136,0.13704904699032805,0.03472398905413243,-0.04916673044600475,-0.16520849957431555,-0.012140430667350488,0.10083177501183166,-0.05589051210679577,-0.10582126977933425,0.17255188770838137,0.128622280183197,0.055310247768057874,-0.14528666243179225,-0.1420364638375308,-0.15871216341768843,0.04651866675709729,-0.15377488141066561,0.13705087954505324,0.19718600072772885,-0.05346072611653391,-0.018532061213161033,0.08466687079427149,0.17486120253030635,0.15763750942255406,-0.17696326850006058,-0.132371278977294,0.10183887942311692,0.07555724321297891,-0.1467125623839507,0.0008258328006270632,0.11232585243411825,-0.11248772709492255,0.14851505429386652,-0.1788112900718528,0.11287803402722957,0.04632755991594811,-0.07392026133826035,0.08837301933676456,0.1129463180604639,0.1735595885215877,-0.05289013113829455,0.074406694391982,0.04104651077387636,0.010082427782835385,0.1561665896620152,-0.19873307434463988,-0.08715535755856095,0.015310895817932046,-0.12868269534537907
0.16314661349310333,0.059038047045206155,-0.008846802147204041,0.12588070362666182,-0.019645523413958477,0.023461204772003807,-0.1988996017784316,-0.0537197879219706,-0.1444838110596121,0.07587547226491642,-0.008389216409706496,-0.07929697709990768,-0.012867064251303045,-0.11614804481946153,0.17003465299445625,-0.1784109469796348,0.14616681411844817,0.0045435154933403665,0.047578598455526894,-0.07895775163651848,0.18667904671772856,-0.08725961659220408,0.035551198856121735,0.19736668204285157,0.15243775855337832,0.014531930114442426,0.19614980918688485,0.08054794469304583,-0.11651983354327627,-0.03776151582567744,-0.06620266639537961,-0.06239451669152435,0.10418257574394651,0.033705170909117455,-0.1847629153641886,0.1509793934603904,-0.08128154380793418,0.1988299507652575,0.18167629213391429,0.1762122866727861,0.12445104162558945,-0.11175466732658297,0.013053097611512798,-0.11027894927001017,-0.09612981776442031,0.04438070777451095,-0.18366658185877466,0.18778342672828308,0.1674692690311858,-0.047692971136912066,0.006168979202765212,-0.013552232292896399,0.15287991144698793,0.07544075052644439,-0.08875550103025742,-0.021263498213881238,-0.028413609725294497,0.18373406731356745,-0.12987563579414413,-0.1641694650822284,0.15224753286467613,0.15867439580234838,0.1486956351648659,0.004390766250222555,0.06389777130778418,0.025345219024393545,-0.17222086957823965,0.03833395876028897,-0.19455434109755965,-0.07000503617716555,0.1729170303492668,-0.07838189214567698,0.17593065705769917,-0.09994641714030231,-0.07417510381538703,0.051362998575421426,0.10465078911571796,0.0005551072019536196,0.15284627487766217,-0.1839038313557523,0.16887793545374824,-0.1214768800418368,0.1536954980338624,-0.0396547282054478,0.13310282234841508,0.06866621992147803,-0.12962334700869516,0.16721902795257937,-0.10179304380461614,-0.10234395252200038,0.12567155865495222,-0.1576506977709916,-0.11118563745181587,0.001471029368424942,0.13219081147464973,-0.14100641010509302,0.019067293804938545,0.08449623672117579,0.14423808988638054,0.17422622408088784,0.11385596578757301
0.06113135928880076,-0.026551965874893668,-0.15515593832463215,0.08389487701020848,0.19709492179019478,0.09470423789283994,-0.1933155625049095,-0.001496008783264502,0.04585865299316155,0.07586968044113723,0.08789033424028342,0.023243376486609624,-0.1106558669063039,0.17688026459061867,0.07866658706546475,-0.10526398525223622,-0.07107126709189085,0.16877106825214788,0.1549940746829343,-0.037941424656764144,-0.18467711120341962,-0.18060105244242475,-0.08643268363264439,0.05164888773559978,0.033677854133824736,0.053531114777577105,0.08691318877284265,-0.19238709856290465,-0.15796576193102285,-0.05620661926911494,-0.1380560009913673,-0.16987198298217834,0.056385758398932784,0.12613459099643964,0.10105066297371301,0.1268159114436717,0.06634261762315086,0.09413812872568089,-0.09128849031667947,0.19720321451366574,-0.12673373820244516,-0.11420245024424701,-0.08443126727366126,0.19013297204263158,0.19531543574156246,0.11795749988259902,0.05162303942385349,0.008025030073845363,0.1882483382747383,0.07824912114329902,0.17789205133041208,-0.07337968020895044,-0.06649008309217375,0.14188983764737423,-0.14005803176588227,0.17837114451843034,0.0029897418653629937,0.17056555143347912,-0.06528288450967476,0.08638356165575878,-0.006849951210924132,0.050721452098189235,0.0017489972556608835,0.18684624694854457,0.07684215912556691,-0.09947241254947384,0.16387076876203382,-0.08238810473795827,-0.0513579602796575,-0.15915052079191466,0.15998660791847635,-0.08555519070885481,-0.09643295282744707,0.1681050391979816,0.12221074496201334,-0.14356843139225026,0.10772980156147227,0.16521323922151632,-0.16859551271570244,0.13008599796182924,0.01896802074922238,0.06767897975152026,-0.0028582644380252265,0.07912123396211146,-0.18636085533329871,0.10508268928931347,-0.18666252085641666,-0.017880060901062617,-0.13961400274788205,0.12942971094052286,-0.07453563632973256,-0.018362582158267,-0.028499703480675376,0.1090007862738826,-0.0075422560816097994,0.11558333400413845,-0.1705966892789299,-0.12336241283880196,0.020613699858544277,0.17883532990107803,-0.17009686131128787
-0.18276631353725428,-0.13737973002885773,0.05646125154406262,-0.040402833331901145,0.1302209517670745,-0.1712267394074537,-0.12143436527411958,-0.07998943781404173,0.050692034675514086,0.07406907612061892,-0.15031868241449048,0.1775218835966958,-0.06358234592391634,0.08526750520011322,0.009683087579079513,-0.11089675458115736,0.13849132924616442,0.12729521127677196,-0.04157125843332396,0.03544303427754217,-0.09686972162562411,0.07594065149852058,-0.07638927495182744,0.13763149375289396,-0.11304595828909028,-0.19407863087261434,-0.09259678321283263,-0.12357900541620533,0.0033145758899696953,-0.11851868333736948,0.1052759482877979,-0.10345174479839843,0.0827872719650623,0.031388369205489625,0.19449994258875375,0.19996039080369266,0.147810433326932,0.10399334771950047,-0.0454174343997705,0.10131069085252142,0.1826702148317963,-0.19064896984182234,0.015165880079095528,-0.11280067824462617,0.023150526347540168,-0.013421164096443533,0.03030743262091376,0.020384888567489684,0.1840428156674248,0.020874443573894425,0.13849283524994693,-0.07207188527966141,-0.024759724483580436,-0.01183460958207605,-0.08850878266584812,-0.04808389540881791,0.0394052317867101,0.03207510532181296,0.05457413782939219,-0.05927283383194357,-0.07366740193877716,0.04464715310166523,-0.14685530062899002,-0.09878738258714402,-0.18314890521880192,-0.17095565896156795,-0.10264668829575646,-0.1921882878812324,-0.1018357631650154,0.06199052922481041,-0.1755571686124268,-0.025305328882143596,0.1652435147678198,0.11651393157016038,-0.07782499908205712,0.16992219167665884,-0.06814140130091006,-0.170993801464975,0.19762238270724541,0.1480090108756687,-0.013626886679563077,0.06655060967696158,0.06849123114266809,-0.12220710770781587,-0.11998054673854708,-0.012167718659269688,0.16462925605507922,-0.1960024900565717,0.1130022543797437,-0.17698928651413837,-0.008711154046752878,0.05514913322939058,0.07470370683298594,-0.17660829455363547,-0.0325585530464127,0.03353490420092986,-0.17358178507759725,-0.1459621773618761,0.06545959580161542,0.008655278636260672,-0.1352685354926838
0.014095734765893375,0.16507694937776635,-0.19376496608985444,0.05705350939434184,-0.17053982615786323,-0.19742022281411967,-0.13973820453574648,-0.03083734725843229,0.12093759959278122,-0.08728580135817654,0.050269284955503424,-0.03553734481787735,-0.10626728321359682,0.005698845713143441,0.1189857961490493,0.1329969480224577,0.13860781275089468,-0.06457687497800824,0.11738242588630121,-0.11512861795643686,0.09537004049715331,0.17935377050904666,-0.19450246612361713,-0.0238544275284808,0.05910839536560186,0.08071030819502123,-0.12956489669231913,0.18887331009543712,0.04610614718838918,-0.1342637595086929,-0.19179099531499388,0.11330567951591036,-0.1681181042218164,-0.1435796315719054,0.02993201074227625,0.0414022013798479,0.07475484743695937,-0.042594394934551694,0.10955946758672919,0.1897434398463555,-0.0915620227680468,0.08121144661517837,0.17138746095806273,0.07451470504681706,0.0724437994577038,-0.11049097236591737,0.014052080127877176,0.025009137441832058,0.08005182498238111,0.19872857995847304,-0.18654247098249518,-0.1739069354930053,-0.1688199722276325,0.0971916537955827,-0.145458481955697,0.04898074979613809,-0.07013244884261663,-0.017072017515715604,-0.11373473607303444,0.14644262452181683,0.03446012966521056,0.17782530543290104,0.029838499881731817,-0.15043678776122135,-0.13165182646460982,0.1956295905471389,0.09022607893234713,-0.18028849998836416,0.08151240201386589,-0.03513078127615535,-0.0771166452707238,-0.1383756825077863,0.13596158182262624,-0.17446344840435973,-0.08406581504814388,-0.07744684246971825,-0.13563788641459987,0.0032739533147481126,-0.19531894927564297,-0.07960979383583636,0.1734517776132256,-0.07578817226319773,-0.055816245157299355,-0.010733980706371382,0.0246773499405899,0.12348345792829762,-0.12387151073759295,0.14869855087702288,0.10301974285755577,0.08906013386462208,-0.16527817051414592,-0.19134372401016614,0.037605080363233595,0.1452535850092645,0.033776585656254354,-0.11470605382178767,-0.16379204082031473,0.07983858112709397,0.08870811092712383,-0.13098731972515654,-0.1887238738013855
-0.03668659471072119,0.03308748085320884,0.08240096382687645,0.12397800366116113,0.04421497092269294,-0.155647756560606,0.07303266885696591,0.19367065715795284,0.16223383383896156,0.1486675637078051,-0.07913193865666367,0.10031527058160028,0.14044137838605825,0.07133048185250523,-0.0997752973728078,0.18153358874998332,-0.019672235416529654,-0.14807777653364826,-0.1560888419770432,0.05900759491961832,-0.02491614143330434,-0.16220644992841457,0.09614582886243783,0.1197300669034479,0.09016625231458053,-0.11909564892639485,0.07591018239842773,-0.19571087884224597,-0.07795514412863631,-0.0404713874369825,0.13409877955420063,-0.0438422507722383,-0.1954922215242407,-0.05906143526879623,-0.0004303606562851281,0.1796019146691094,0.1764137215158179,-0.12765038471143536,-0.1259413833042194,-0.1346474174141798,0.11556877296564133,-0.19759118385263746,-0.14912912072324908,0.015183852657639607,-0.1009751732452938,-0.1630574167042952,-0.05604879506646629,-0.0903169579759021,0.004441722605713794,0.19169343753207835,-0.15027814527403263,-0.050909318066362286,0.1727940071489899,0.15074921739752906,-0.04229158608628775,0.07958130580789458,-0.16485719456746178,0.08501642221744604,0.1891430917938966,0.014995261133676635,-0.0006039091862342916,-0.12507255211923587,0.05351527956291674,0.03617491231156594,0.0607732237903002,-0.1895666853261113,0.01948939533962943,0.03797393739894922,-0.11698794583487913,-0.1166668570045856,-0.08951273259562008,0.08468863669089505,0.04250642541294866,0.13830505844712188,-0.08173657126276074,0.16482722395532734,0.09748246479334333,-0.04199533199452121,-0.16189517374981766,-0.097206535005007,0.18270728688594012,-0.07585464964636826,-0.06803961594037422,-0.1241644275609132,0.12274024045550619,-0.08974230790308907,-0.06789670065245776,-0.03426075662734934,-0.026508688090156107,-0.035463683833991316,0.0014974781498914569,0.12580515184656132,0.12771401629680884,0.11932525350533879,-0.15955006435340502,0.11987152130992568,-0.1518992906053693,-0.15011049197909682,0.1791451086539843,0.12775913788221654,0.02096418674720346
0.14998808179114487,0.19574585702074515,0.04425682665271102,0.045159374792607204,0.10177081166397123,-0.1071444190538669,-0.13315005539248026,0.103832300006029,-0.06203808200235908,-0.14597185747762642,-0.07404890963290009,-0.05654525285016984,0.1860910638022763,0.07918388443516927,0.012342526959893574,0.18754925547304196,0.1612558961896723,0.0048003426456638965,0.16227185415079232,-0.038278136774937355,-0.10783173385735015,-0.10692872927116595,0.06492620977685071,0.0004281282829108335,0.06358033880217867,0.07443038570486793,-0.19107085084091296,-0.17838416306083907,0.013071090636499971,-0.12358580889596925,0.05301350752177586,0.020874295668259213,0.03430414334835649,-0.07901784806759574,0.05593740251115864,0.1317970545940092,0.19922850143689486,0.13537775446888572,0.022999503871978966,-0.12262816332801739,0.07257835044792837,0.17506151422319127,-0.11525338410707904,-0.09760175178936917,-0.14039658263533955,0.09468865745056065,-0.037375398630536294,-0.1749217444454464,0.1499799965961121,0.02306876188102666,-0.06756228319985769,-0.06240680957556122,-0.0838995119236373,-0.01780793104294326,-0.06518332460474202,0.019178521628243766,0.10940690090851768,0.06978451337774938,-0.08221724289835315,0.011496404615911698,0.13605046396490034,-0.1727175061029098,-0.1686810932052381,0.022468027219901376,0.05564605135592127,-0.11543479368963837,0.0980880506766072,0.05850535081629099,0.16931570729451456,-0.13241831925658532,0.1005497061432043,-0.1665427637666932,0.026116963807159,0.020758055799658337,-0.04464598214130375,0.1378284590674269,-0.19825174208559512,0.008071760759408297,-0.11313858006592503,0.09739944764657316,-0.18277302947756113,0.13262187527263108,0.1352368906827806,0.13314640496140118,-0.13897258930693207,0.05216260742441797,-0.19425305632664416,0.13918503651567993,0.0891900774034482,0.012461492359701065,0.09223657323864687,-0.16227036133929112,0.011462332870742525,-0.08348940327342183,0.1890477852891892,0.14284718024956072,0.09331027833359073,0.1734990540998928,-0.06126267817381051,0.1603519595952725,-0.06990470715731587
0.09311868787646121,0.09456676471057962,-0.19266004941836262,-0.05557612068872195,-0.19222693103660085,0.19883680704409945,-0.1511212952683048,0.017124358259243744,0.11622249550505492,-0.11949455909564302,-0.00597893276181094,0.04297150436846034,-0.13591809824178186,0.1114221839646154,-0.08026541712425389,-0.11559076946446388,0.02331549857496676,-0.03587454894282485,0.16811437785456712,0.15202507927926162,-0.006659734644446719,-0.05629449010976098,-0.06979280734749391,-0.09297455076739705,0.01781914148499092,0.12199144189381744,-0.0756973567185769,-0.12396236412476741,-0.009806477526685287,-0.1723862332809334,0.08051160245188271,0.007343306520773446,-0.0014500768108583473,-0.07982184817999101,0.16186937501269466,-0.16380548326017894,0.14792960355481255,-0.04931791903363095,0.15224940639000895,0.09150458333295342,-0.1583317093351847,0.13261451460374146,0.07287073347980205,-0.18707923483386063,-0.14651892715613202,0.05425122233427804,0.06504020115211395,0.09866057313503801,0.08809816030999273,0.06380798186798198,0.10649556069856903,0.030034282356949132,-0.09568344579021804,0.16495064549228727,-0.19271438762720883,-0.05337531205140392,0.09154811723886536,-0.02913758354013027,-0.1900662370079943,-0.17360763875351473,0.05945494765531545,0.18594583976211987,0.020745454333799568,0.002703127209507633,-0.0726699147774931,-0.09732373045357474,-0.19160600729748611,-0.09081805294381154,-0.02035582365389904,-0.12082008678041994,-0.16506080460742834,0.08709114690184105,0.15784810762722684,0.17470882787483427,0.04719949139879573,-0.17889016696028728,0.09634505198470938,-0.15596187789524546,0.06789924707512957,0.11174633429915032,0.0903458843305891,0.18075352230445224,0.09525851378695588,0.07728391119272338,-0.09530273112675905,0.16990747457436067,-0.12818245168233325,0.16195864458925058,-0.07493498266163587,-0.14793456244893252,0.13067321090846828,-0.19900181855966836,0.1328353270723323,-0.09507526318160964,0.15388850910224855,0.07659167289663166,0.06647333314023601,-0.05387217473406267,-0.1762388104436916,0.13202923928223093,-0.13163848192938882
-0.05109654324209911,0.040141874203632716,-0.007098504575751313,-0.12053574593147279,-0.14375345724708644,-0.15070149109988376,0.14520315259968036,-0.18737618037546655,0.1908057038399577,-0.12058852384583436,-0.15587108124836876,0.03078866191071805,-0.16800561682372137,0.04098130526543797,0.14025065792544528,-0.18084079141303008,0.11994744181141764,-0.042209023607152535,-0.136203746467516,-0.1295614078930164,0.1675058174776905,-0.15575769922373423,0.14671311484626282,0.017697848393445847,-0.18437752847342437,-0.014209541713064683,0.12697980579052026,0.09048111505564016,-0.004487032926112855,0.14401995187848682,-0.15185409528790814,0.16397642135694757,0.13857648339333956,0.08331073026289443,0.12715509685149973,0.0175262027370664,0.07006497163906678,0.024239228283111564,-0.05782858779682029,0.027544318944471013,-0.09701386698722972,-0.023888331663685897,-0.08768983709590272,-0.1508448842154444,-0.07125525744403755,0.14079488727390826,-0.047567691743077706,0.09920145958754761,-0.1299208583047355,-0.030232336332943366,-0.1540575722659294,-0.14455157465300414,0.04697455195602768,0.042992726979604434,-0.11465123705805512,-0.010230722284480548,0.14532246679117916,-0.13031939652940686,-0.19231578677059408,0.060798056265428946,-0.17860071676452602,0.19197609542897837,0.043848113519552395,-0.011841458862411086,-0.028002983990277286,0.029228263406772564,-0.16375022531191405,0.1720076235277983,0.050256827420751105,-0.1264086009556365,0.025032421505865127,-0.14669739766679535,-0.19297891297667516,0.052206794085599195,0.05939333674805114,0.0334786331213662,-0.1266067182559908,0.04137194339790681,-0.1773956236301921,0.04369534222876892,0.02160680764304751,0.06210193233563982,0.15819024230095752,0.14014324209581464,0.19226167662501553,0.19049641317463,0.10892787734950105,0.18256784887109123,0.1469135543556448,0.09103297995798915,-0.16984629814249794,-0.1803800446920449,0.1350398270023081,-0.00413765685132067,0.12584267374996838,-0.07483269173791227,-0.04094005667079487,0.08007468840477278,0.16613069477283732,-0.16489541020844564,0.14459125785384253
0.11720508995174611,-0.07378429170805814,-0.057913354347376184,-0.18141540911123616,-0.19370375555331282,-0.009197549456908372,-0.1617841418010758,-0.12239927423391479,0.13870687981066543,0.02841135650018098,0.05345297490644535,-0.125008267667232,0.13146472178176782,0.147191908975899,0.009331037485217353,0.16502310875146392,0.13793144998183265,0.09252967066977524,0.09363036627745147,-0.1578426104196547,-0.0916655849217337,-0.1732611120729296,-0.19652751630947654,-0.13667618744643595,0.15219487305877605,-0.1040503763855794,0.18806158503668868,0.038916399824482445,-0.10509660494612386,-0.0011476786063148725,-0.11236207091995386,0.19358942327294953,0.13890599356198557,-0.18950448448706836,0.17911041258698845,0.08842604292115491,-0.16704749919148867,0.0682550985305782,0.05877067918627421,-0.11248450167696662,0.10337868000303024,-0.16517411867481316,-0.004221927507500889,-0.19603071713476483,0.18749499555789856,0.10062545271076373,-0.1364591695361376,-0.06333038401948682,-0.13577504887672948,0.10664698565172587,-0.17644146982891395,0.13616266222548568,0.17687853553429195,0.07065117712251995,-0.11481381999942633,-0.055963961674579704,-0.009104050076427506,0.04184990888090151,0.06746523592467496,0.021685886127553122,-0.05947443167125771,0.15636691222596122,-0.16744317679281673,-0.013497578302601981,0.11022593538699227,-0.17565093388343966,0.0821340867245205,0.12788464910133002,0.06433251941082091,-0.1948252430898576,-0.1279451891471175,-0.06315476844321971,-0.10652398574478164,0.18506085609097095,0.06063756564551748,-0.08121161705937188,0.17187899946617824,0.09623767979047476,-0.08615711526918322,-0.048447372239217856,-0.1202284566784173,0.18842959930632874,0.006918598356029287,0.15842267499919388,-0.06140009159326093,0.14433664123899032,-0.17844526062913443,0.1928361270097152,0.16481374681332106,-0.05471882208933804,0.10988886612583099,0.10090317058953041,0.16050191884117265,-0.07709800754847557,-0.013791997874340212,0.14599984504242125,0.1114317816540864,-0.042613312503888334,0.13829009316484886,-0.1812183843070394,0.11281852118519609
-0.11729365622651976,-0.08555163687048513,-0.0027140625617625425,-0.02010619957201043,0.008228042747952358,0.017910238268809525,-0.06738892358740123,-0.12990899479318802,0.10739249171492243,-0.040009540365143176,0.002336344983623617,0.05787868734044721,0.1638551689226624,0.083021132456088,-0.18181630976384622,0.13542414535920705,0.19574200605100767,-0.011005989851447129,0.18783613458184029,0.018931496937259762,-0.016153601651220095,-0.06743809410901799,0.06302195033333552,-0.10807183178998217,-0.15802631259423827,-0.18910515896631439,-0.0830479549138945,-0.0416916671331847,0.020830678512499118,-0.08290006992519744,0.19362382895416447,-0.08330193270353298,-0.023609844621436504,-0.15868953378723988,-0.09574939466516974,-0.18066714408440357,0.023803453374931227,0.1004258732529727,-0.12171607426557284,-0.05283562487357171,-0.19335350930913578,0.13580882228888486,0.11198540997266782,-0.17469838765028306,-0.054052956271835484,0.18211464553979817,-0.043189177568409176,0.010483470689606422,-0.05790285559585792,0.038452555251304726,0.19126275025472889,0.19900100139247884,0.10988599120447645,-0.03827556079182429,-0.0022271196684046646,-0.057307468755077834,0.19422985196173848,0.08310412233016151,-0.020427421826595488,-0.19515389195615906,0.008193365756219345,0.19357128068064716,0.009224363589220769,-0.12702932580435455,-0.19116250115809008,-0.058118496750316384,0.1672912222786428,0.19862164327035242,0.17814718992480105,0.09176799730170271,0.023257091376262112,0.03627445855290082,0.01559680363678434,0.08281972196919535,-0.032450709321859034,0.06768160198230622,-0.1513551540171196,-0.09372187737540649,0.1344012155234518,0.16149957229735645,0.01560329502411989,-0.18734575311482704,0.17078942831670724,0.08082570321091459,-0.03438883049785568,0.039351577279798544,-0.028090066223453558,-0.013864309307179606,0.15472394626376068,-0.13556630123315538,-0.1585323458071053,-0.19890850219479372,-0.07439984975514932,-0.14103449340622906,-0.11200580194475554,-0.19550440693384924,-0.10912183412491872,-0.06691536722705044,-0.1873730014360475,0.04316164971885908,0.027520139553503187
-0.16118568859603,0.03800391100736039,0.1994615674435511,0.1777875811246163,-0.1989316026529347,0.11815132453214389,-0.05855788950540561,-0.17453945186614905,-0.08160671451351678,-0.0713053934748151,0.00929769572362274,0.06443350690754185,0.09962224488336319,-0.10163878297469334,-0.07129177190060121,-0.07664731725610592,-0.054905252751649425,0.19986252358253548,0.11117732113097034,0.18999618610747881,0.0772444238188229,-0.03749171934108628,-0.044102326549210036,-0.00456754200998194,-0.03325208665422505,0.13133049843709832,-0.01399919478932285,-0.08175425591566161,0.10994410747866074,0.14176816375255785,-0.03182841754381943,0.06712342876221278,-0.1764781864446781,0.011785940788586663,-0.1820075449017968,-0.18832366380221277,0.04516994020909562,-0.07866584704200515,0.09701486498218614,0.1584330242530369,-0.14424353050785974,0.08980913543156954,0.00580799931533732,-0.15515229993492047,0.06063704259228986,0.043786721242589144,0.006256746960313031,0.17058848182386321,0.008431878441606588,0.19620604618008503,0.0036915255392444,-0.15365918467945297,-0.011811499569987838,-0.1270684949779715,0.038853394086970916,0.07725287007744047,-0.012625888517162537,-0.1609188129267407,-0.012543440566578828,-0.16741831410623986,0.07285038220261358,0.11614728994603501,0.18495213089081564,-0.14047915714861745,0.012968134213321658,0.027014947014167456,0.16899061351239192,0.05091065623860569,-0.14179614174187158,-0.025459470414724322,0.06190501140250021,0.08011377282771892,0.14522959943622943,-0.12779715206224113,0.1806168587021994,-0.1763442351937631,0.19350485382756083,0.14310683714656341,0.0641091131048685,0.09399820010576865,-0.17092319763248143,-0.18340805484221906,-0.1592936813794538,-0.1650560741343449,0.01895249338777405,-0.11382240515528436,0.1440822548826906,-0.021700550772771138,0.07820419058330996,0.06114923718806392,-0.07205878442811597,-0.10273297058970839,-0.06301748588134592,0.11866334953993501,0.034510739367847376,-0.09858453499232987,0.1271385772241721,-0.17809624555587733,0.07967334999611814,-0.02435967770027564,0.0925161544263553
0.1709845120973707,0.10001363917876155,-0.023213857875447053,-0.1396097273944477,0.12254039032217351,-0.015717789231451368,-0.1698750706171481,0.08762215911074639,-0.08325921363336414,-0.1804447081979259,0.1611004059896311,-0.0067595631624359775,-0.08761557873079139,0.08655462315396462,0.1543609510730255,-0.19987716998649782,0.07514087401686148,0.10680467760736856,-0.11602902908820281,-0.004150467435930227,-0.16428564043282567,0.09869995300613904,0.13898240742534101,-0.15672533707013578,0.12658410137313386,0.10862806819381343,-0.06123467185164108,0.07611581197343331,-0.1999807504422753,0.17271906178639945,0.020153294123349152,0.04813554562479977,0.06586376541563943,0.024547606887346696,0.14270555501578525,0.04388073286061758,0.16310399649618906,0.03293264889360356,-0.13155103120777337,0.16542502233572115,0.07265099934391073,0.07969559777422247,0.1941927002286407,-0.16992137831616835,-0.028562957161931468,-0.10436184280535393,0.05217058588546286,0.12272467349922878,0.1865242835569651,-0.018161557218111968,0.11448729225704168,0.16682063681615183,0.0733301730143539,-0.10290697902009152,0.04314166044311657,0.18798081912687464,0.19502153154462615,0.05694392948671123,0.1547951031487957,-0.11986025446055888,-0.1015685580191133,0.18115504515394387,-0.14590584980207685,-0.12355742476260843,-0.03178056035197932,0.03583371510134015,0.04152688758730866,-0.08320959653377424,0.16824555918013928,0.1660399630431451,-0.04317277877905101,-0.026283292227881144,0.0809988467295647,0.0651983585595603,-0.04708119401561506,-0.03430229939159862,-0.06078442263138442,-0.10584599721867685,-0.016744654830344124,0.07457365276101618,0.09678668212571717,0.11154945930238508,-0.05010719461875143,0.10585439771398947,-0.1973934737232499,-0.009180024913247126,0.11756176005307634,0.0520178882565413,-0.01037475033819693,0.05785680264253967,0.16277840125946558,0.02655272024408295,0.11991447658404247,0.19229709009007906,0.08222728083022668,0.029330305555625408,-0.1850056211498639,-0.050208840698164975,0.02617709340604732,0.118882628682413,-0.0247580841409695
0.1840233103059094,-0.09128249895053005,0.0978268780841266,-0.03238743316634901,-0.005604602173637646,0.12100081354617614,-0.0815138953393178,-0.16127517736194275,0.008102233845370843,0.011517844721499498,0.11886710889014951,0.1873276824928407,-0.17787972546866065,0.03667578949724354,0.07251141212591994,0.1943205402994087,0.17703608571076462,0.084980305884791,0.008715764497786355,-0.1353904310802955,-0.04632937791823305,0.034048930022861745,0.09008015863830149,0.0541598229916449,0.08564912073109648,-0.028338998179240932,0.09105091622840361,-0.14250349759211234,-0.13496547529475458,-0.1348671416682149,0.15634598281431045,-0.16958637467654622,0.12060334909339038,-0.10657164078130515,-0.01262802380189973,0.1663826381862712,0.0343748918750027,-0.11595292550705656,-0.08636397587247716,0.1681786495583143,-0.02914242995600866,0.03479419320271576,-0.016027121349844492,-0.04862476478062017,-0.11068834922703924,0.07447660019384084,0.08729681050884819,-0.09004596335704021,0.11560433722193214,0.14181408012067181,0.16827003849585215,-0.13551503443265203,-0.07843052655469346,0.14414133900147824,-0.12058391886884241,-0.19861261630260185,0.1483309241006538,-0.06942022329945227,-0.03420098994442,-0.021466389711744804,0.13930984026689142,-0.06484314216261586,0.1569119543425927,0.0467756552192192,0.010914689613473694,-0.06975419714901504,-0.10251532148752568,0.049623377110939476,-0.021242335977369547,0.16420640397280256,-0.003344513554380091,0.004717966680476471,-0.03331068754559968,0.11570519879651403,-0.03006432075629184,-0.09226320010009803,0.14481234971740392,0.038731288546096115,0.036604087907600696,0.04432888286557063,0.08753589928226668,-0.07477280427497326,-0.18646225166679886,0.12423726435080384,-0.14843797844734505,0.08872789488421767,-0.1670738806850685,-0.049876863188603154,-0.1747895720673847,0.008885471851089843,0.06125430911263002,-0.1314267435287247,-0.05134895262463918,0.17209579641722145,-0.023044353157017305,0.12101742759062267,0.17087389802408365,0.1897383299909146,0.15932880787654774,-0.07303786833641235,0.1850291544644772
0.12495809669841879,0.13487023345579513,-0.1939308063312661,0.18169554532731746,0.11123608953949632,0.10718699860316,-0.16739010762856552,-0.10697258357066751,0.18490466605515965,0.0002708299221905186,-0.04085679270509757,0.13597632685876548,-0.1650638343544223,-0.033223193491576264,-0.04971969023116657,-0.0600594451878429,-0.07692310253877076,-0.11597001728396879,-0.13083567880379113,0.056162446767869634,0.16775793648347137,0.003540658099952576,-0.0808101790613423,-0.13633592091110946,0.1320573460210377,0.1885968225892855,-0.06033783941285928,-0.08361982977914845,0.04059718118997652,0.11013159238137032,-0.017838878580134276,0.05202925994437968,0.08661962720931676,0.1842369151424717,-0.13398506779196664,0.19895299753014778,-0.04313733790350849,0.08928005709062148,0.02896575118919889,-0.005332553196463946,0.07923014749263457,-0.04169845991056195,-0.14955600746527745,-0.0044426467515041035,0.008766348272927438,-0.11923913864002432,0.17424774253146286,-0.1090097413414835,-0.036308962366360914,-0.1380281252621107,0.014318658474777646,-0.07694495675996414,-0.004290992009566397,-0.11015323341671923,-0.17848994882051372,0.11169066043290216,0.056434513583863366,-0.06370425771559485,-0.18100231012707113,0.14623002507884836,-0.1320819980257283,0.1722968873125712,-0.008561848561616625,-0.06384531603660651,0.09670379075638558,0.1507357624300743,-0.05171457454171571,-0.03706249913192511,-0.026736712261121065,0.16892922459146764,0.07702559660573305,-0.1009415531817378,-0.12600012099920824,-0.10785293463007357,-0.09457444432579304,-0.1079266034663994,0.06340257887695844,-0.15362659573699747,-0.045056604116815724,0.05002142918814656,-0.08365601042282766,-0.1738902461193368,-0.1672704308616127,-0.14961328947812547,0.13433720994726212,0.06314540224198789,-0.1741910355609421,-0.04357244833943205,-0.08856593086117376,0.031216044651520086,0.009122379868925362,-0.00755039065211402,-0.07419505185095474,-0.14488009118240372,0.09695055314905521,0.1519427075370618,0.17766036369312693,-0.17655241175456782,0.09596348463555315,0.09060138376278498,0.1788438456582357
-0.09883416220089383,0.09687161531806254,-0.17814948449340617,0.052498288304647645,-0.05966087037912812,0.10756377581899007,0.14532171457415738,-0.05407158311299351,0.010234437079720216,-0.15303837505456006,-0.03323721391060935,-0.055679842696332305,-0.12675061608619292,0.15779144990671035,-0.1407648647839359,0.05429574301207485,0.15605705739195508,0.16478743194529027,0.11729587993622737,-0.12954354645032934,0.12697256368554788,-0.08937407503375017,0.1689592109730036,0.08363467256953983,0.11410702440355464,-0.16598701859922513,0.033106045377417764,0.12845685075947183,0.14463614110899975,-0.1885473181065434,0.1756636930220477,-0.18266450667900813,0.04580747186993994,0.07735501104612486,-0.1570618835328361,-0.18079525375632294,0.11396486178029169,-0.04613175008102641,-0.15715499387395054,0.10506712655505684,0.13966522805744824,0.03495447630352294,-0.13550527662614176,-0.1939110114034037,0.08032099252077757,0.020055869930126702,0.06031885668803183,0.1252738680798383,-0.02630888920281116,-0.15019381246655183,0.17599331415633057,0.01810485089874292,0.04611764763541609,0.17336457182070047,0.17263346252410522,0.028837842691269433,-0.08095543011142957,0.1988454536050957,0.07232683598141437,-0.03662532924317738,0.023934721141435883,-0.033666379892788145,0.15532206091865897,-0.007000250053701557,0.1294113503924989,0.1360705191292016,0.1297329350940994,0.08887544499026978,0.14195108672303275,-0.04510816815081231,-0.15413471754321587,0.13698168174900582,-0.000732633725061882,-0.14904958698885962,-0.15387499112719683,-0.1363030423960429,0.10038930386684236,0.08434266938651247,-0.1184725279260467,0.13876936724391808,-0.08748208178870205,0.117194233325979,-0.004477636906023236,0.09261947301542645,-0.047444934770573655,-0.06114376116208961,0.13654383958373295,-0.18587909819437215,0.18989477890300294,0.059271823306149385,-0.027006644720223155,0.0512218124601701,-0.1509036214164069,0.005620982117419043,0.1940382093359191,-0.10589222486131727,0.08891123961453978,-0.026011449667319747,0.060983259395181455,-0.11804510852328982,-0.011814006952959033
0.19203708554371007,-0.12188513959359618,0.054578011139502836,0.03023909950671816,0.026020634516161323,0.04604931586064684,0.0008951894752912415,-0.1932276998969368,0.16003872458524715,0.13079153099361235,-0.13033292763155147,-0.034690729048452384,0.10821959227742717,0.1920249261549138,0.18045481857671458,0.15974367987046967,-0.13665044108034413,0.16579004240360196,0.15137796518043178,-0.04922003553344417,-0.04219096218549517,-0.016036431217935687,0.06247025238656678,-0.0956657536067937,-0.19082062822402213,-0.1435081901611031,-0.023953636969290537,-0.08719897222951928,0.10580662441445277,-0.15732397178029145,0.1669860902219215,0.15813087197756442,0.1635027267733153,0.09584399944133065,-0.15720001140656029,-0.024744971452173303,-0.1474378512778145,0.19507967710443308,-0.0667846306405307,0.03413221675602482,0.1117572216976887,0.1682464336902582,0.10221909033654403,0.06980151150649505,-0.01360728718473947,0.04216005350020963,-0.1623344764588681,0.15356901678450502,0.017510923535954154,-0.18394597982602293,0.16796085026395902,-0.0042792104652525365,0.14743565662440072,0.1427551816821428,0.12630063498284594,-0.17543879228185758,-0.10117334183031645,0.15021914898617234,0.15959642242083755,-0.01677245505247757,-0.0239834129383191,-0.1299437464455401,0.18736431547646054,-0.11474460985638274,-0.12362528625969378,0.06429158805966972,-0.10286227879982093,0.17550864440575592,-0.19563720187288208,-0.1976986950706795,0.0019507205742398115,-0.004775016034611224,-0.1346543912396358,-0.002192174811886216,-0.035335557932005435,0.1561318101369475,-0.1962984319132146,0.1905079220131809,0.04975710571833697,-0.13926262174188975,-0.18129599447553352,0.015242263423692753,-0.10604393361127196,-0.0795337851994963,-0.10194713406619456,0.06006892542900433,0.02141158484645342,-0.16881023059127542,0.010610613270070152,0.11647590622531995,-0.16752216367187028,0.155895590492168,0.031322659779091655,0.18024978770812666,-0.14074351291104975,0.19742599974132607,0.057709146387870724,0.026997679792425122,0.006111849644834161,-0.1905382507606749,0.17585567661983126
0.057597789141679345,-0.16334940620028351,-0.19161913188219004,-0.17968654430529948,0.04375830537289627,0.045606165957834094,-0.00013308328742356323,-0.07729367173881939,0.012697092645856556,0.006520728350503158,-0.19223377604937375,-0.08701230786900079,-0.17872586341314023,0.16006190057906217,0.09008926511405418,0.19844606807716492,-0.07913149467788486,0.15139433910276412,0.0412217071729927,-0.018749837238558026,-0.11097075548454596,0.09535686611445715,0.16165629956172,-0.1058766407698517,-0.12984386601055498,0.07848876600194676,0.19078926509020766,0.09998204044163123,-0.08616770438094044,-0.03201783034088573,-0.04627294581665131,0.14083800721881817,0.10854831154888955,0.03559017390460806,-0.09001635584123871,0.17519541108882247,0.06132608990765864,0.18819065857671297,0.0320468132168123,0.12847710334544565,0.12524215175781073,-0.06506848926656317,0.1856082891828913,-0.19122341296097442,0.10748436350696572,0.18622283430561754,-0.06443671868651088,0.059244235116388766,0.02488929993768424,0.10460292387060949,0.14647116865802096,0.04121782771981919,0.12636183455258276,-0.07508576964429792,-0.10856517651807325,-0.027732924186863933,0.07109463983231329,-0.12510122042451055,0.0721408768607566,-0.042362540571173085,0.11823010955705276,-0.1852656731586787,0.06719305513175777,0.059928934659987054,0.17637419045012576,0.08534702142562817,0.11852075856931249,0.16183640634126734,0.07002076731679513,-0.08393854601601017,0.14790951983340883,0.09903124779039002,-0.03022495839964262,0.08421166905998484,0.14707555087245683,0.1902608525565086,0.18094060158362213,-0.06986886929434341,-0.0313225145127273,-0.1561853580090515,-0.10098228519278162,0.15296848339478014,-0.05566002948825641,0.04822106343795243,0.06638624732281329,0.1127317100573248,-0.12687998790174762,-0.07807474615422581,-0.02066546341672776,-0.0540635755046906,0.19316209314387595,0.13397632128548498,-0.008125298151805571,0.15170745043458717,-0.060938820966681295,0.11433132955610587,-0.11052976075741855,0.10892881809054639,-0.01741863872170865,-0.15700027160310306,-0.0906950181777671
-0.03909015039057415,0.09971716466577485,-0.17080691410761967,0.06381879803705581,0.08640545637313746,0.06156854797030059,0.10426785526702226,-0.1287325535908647,0.03484134202521494,0.17645797888155196,0.044313707921815076,0.044534538781181215,0.09457585684530756,-0.0667183071496564,0.08019036052861622,0.16649353332528605,-0.1956418107898628,0.14804521644354612,-0.11255266749645637,-0.017630690519849918,0.14093912038105522,0.12956485098265164,0.15677099125042238,0.17616671705301046,-0.021137217291296556,0.06254552432040278,-0.04380862378955733,-0.05971331300313368,-0.027361835760932207,0.09723045391307039,0.000576298856621138,0.12562386977933682,0.09808739087846235,-0.19180861555024029,0.05209526284246463,-0.025371550676563576,-0.017348404339543377,0.12734922154795786,0.019043194433870703,0.15424872938357886,0.08512223695667614,0.021136003505621115,0.10181519046044152,-0.18466037962983708,-0.18916653806871692,-0.1666602692316592,-0.02497386994114295,-0.10581994174922277,0.19370451776631387,0.01691605560454676,0.06496629843246338,-0.08847194550132134,-0.0712812365649565,-0.06581523434353764,0.07949428206012021,-0.010517516924276604,0.007073461012029769,0.03680119286373812,0.1075246624952868,-0.16385210059500877,0.11074956488752868,0.02529402755007193,0.06763817794210286,-0.06897929406369521,-0.03624526527342034,-0.1075336721384319,0.19171999896696212,-0.0011988109958733228,0.19843076631863915,-0.004085608775493466,-0.11209949424637307,0.002980958694742686,-0.1841617712803689,0.1619079205687805,0.12742010047777647,0.09032820827771387,0.04393068617698401,0.03193369346814526,0.19869128563178517,-0.08880102639202483,0.11187374614623119,0.03256190808546297,0.19035221750355408,0.13112127331930096,0.1994100451958371,0.03532999778497853,-0.11818241698202599,0.0014748142778935325,0.08444445362022984,0.10974415447263525,-0.19979600439362258,0.002010835400917621,-0.10590616801174138,0.14996473330191534,-0.1388378223799086,0.06658249982993336,-0.09357512387003007,-0.0573831427142911,0.17622370430273793,-0.10382074983676821,-0.16199889527082775
-0.1722860394223097,0.001846044039784861,0.05668459291371519,-0.06908254257164512,0.07610389671723233,-0.1755865125707049,0.14293385796915076,0.12662688389569515,0.19419850855683424,0.1746019923607382,-0.05752113443242876,-0.040289846393769146,0.09838593899130382,-0.14636689121800672,-0.07439411590206607,-0.1525836252097407,-0.018045420370867454,0.020801711954127056,-0.11553581201489904,-0.18934732523435802,0.08774233270020926,-0.1919979342295326,0.18936104357134248,-0.11135709730304183,0.06556003684651646,-0.026099309504004353,-0.17613045586515713,-0.011126557346213012,0.006704253718719855,0.14187328323714737,0.09293962785915916,-0.16827901009864546,-0.11633492662709398,-0.07524492631402091,-0.15343692541407222,-0.017240371634203777,0.19372367634501425,0.005845116495104635,0.09675286732926774,0.07317511907973845,0.1399645740368552,-0.11371060381375622,0.10153050467721131,0.1525420961222998,-0.1313960708079029,-0.0612791120847985,0.1880407057326246,0.11231513839191698,-0.08696366698498706,0.025576707857794784,-0.0382695508602085,-0.004013929469148053,-0.057933523443716606,-0.08826759258786376,0.0699052165565675,0.11141672603444702,0.14958284909893793,-0.13786801307272478,0.12914220945809624,-0.09807967020917459,-0.029065444035979743,0.16057747433969866,-0.018198559606959208,-0.12117458638227352,-0.13605253790515287,-0.010806493339146461,0.10506896959062167,0.1988820575897205,0.11496345137236075,0.15080478357714144,0.0991329443739552,0.15817404030244242,-0.16948258267443472,0.17197263959265818,-0.041437538509737554,0.16864568931217788,-0.1697068650162098,0.08609718284845436,0.09427549946808178,0.1987643557191091,0.10754210827592553,-0.04697051767375732,0.02289942064741815,-0.05337962473336391,-0.12159254187805675,-0.1005990689990906,-0.11119578629027163,0.019526132065285168,0.16246425381275736,0.16509065043535903,-0.1780944889896698,-0.1680402396192426,-0.1019523771310626,-0.09797621901221004,-0.16204432990429957,-0.044614663530623794,0.03509015707651489,0.031264880239785464,0.01737187250343708,-0.06453123004500114,0.08258227412663227
0.13059357639242858,-0.06149029340903664,-0.16578585628021522,-0.0814678995632574,-0.1450525381700389,-0.013056509109127645,-0.13762593947356871,-0.014862096936809094,-0.1115988430701409,0.09549244218496117,-0.18897270366566177,0.02189852153277022,-0.13220469003197732,-0.1996032542121492,0.14768003522592282,0.06861111512562706,-0.16042287117979065,0.06562894707354222,0.044658933095039405,-0.010657325182718669,-0.032296760629754395,0.15482790516629397,-0.1019407920410195,-0.04067597719464669,-0.06835383484206911,0.10848041161465344,0.1665861224930158,0.1399126794960922,0.11908157211990739,0.19471597822803316,0.07885782016415405,0.10042151648541353,0.19312101588200759,-0.19720368584033038,0.05361935057454603,0.09558861278131581,0.167130821502878,0.15353772167373714,0.1367842724935177,0.17831650877668154,0.014951675165483014,-0.1972319617660693,-0.1955782405211962,0.017855622247143238,-0.025891104454423497,-0.019501978653820584,-0.039838105115985206,0.1670903236364943,-0.056331859532084055,0.1424907767052333,0.16114591751665636,-0.00019929200041807205,-0.02122478505396469,0.10440824168617874,0.08318860305595294,-0.06858595336151763,-0.1589807496301414,-0.09405903992700787,-0.14758859767508042,-0.08210708968932345,-0.09527137376768038,0.055084569554685436,0.18179841138191188,0.07429749293219345,0.17065976322582788,0.11365290344337736,0.0911510488284693,-0.03437522391466344,-0.07008219885465256,0.13851094898916771,0.16215729317160216,-0.01924700253962719,-0.19637476072534224,0.11701242356258817,-0.08597246381108335,-0.1960448539932317,0.12199542359044885,0.006965675526759252,0.07408429853538767,0.16587592845779103,0.016469532055242153,0.0012776290315862915,-0.0837351514606946,-0.07792246622401895,0.11861682641185833,-0.020388301765625172,-0.13458951655675183,-0.16218849439980176,-0.01083195325528824,-0.01401799055290781,0.061383311282158404,-0.011573008901943738,-0.1426097183463141,0.0031211539194054283,0.1627157615544101,-0.13622343535191506,0.07590185639109959,0.037543705986210624,0.0994342906847211,-0.1397598906289629,0.17664213476239782
0.04838657110686345,0.13882845507645475,-0.10135729452790576,0.09576515575918465,0.1124122817335676,-0.04102589104516974,-0.04641861884663118,0.06311850601029972,-0.1626369272959136,0.09424966008700358,-0.18284529606423564,-0.12376387955166962,0.06565750289654687,-0.16067053316321447,0.188736836590716,0.1473584837847603,0.05052093296269461,0.12762298226773994,0.15503201943582717,-0.09620974017127262,0.13976463517972781,-0.12208248654495929,-0.03466309434047385,0.023303852499439726,0.08555638522961295,-0.18794347291098878,-0.08379623488872441,0.04340763928415611,-0.057052528340352515,0.1100100222517974,0.06066086446028651,-0.1062394185105057,-0.14162840816306677,0.051618797434820174,-0.01981306891809692,-0.13241718355947257,-0.06945031787264908,-0.07878130067256538,-0.15674721106424996,0.01876360770609123,0.10545945356502168,0.03018675554119482,0.13051654597494095,-0.1489725811138275,-0.025755256871110438,0.04376604146323965,0.07040062437676292,0.07831452256937077,0.09158617083915244,0.06057192487840668,-0.16230876442365294,0.07812227104091857,0.08991306270975502,0.19739197373345085,0.07734497468045037,0.07473215830061958,0.005925316072788789,0.14716916343404557,0.19873390478446334,0.11161794807897285,0.04500015114312336,-0.16841806922737274,0.09069565269185104,0.08342462743278017,0.11022725912377268,-0.15017784464020428,0.06149300005045738,-0.08171043801933014,0.10410849736113348,-0.10385041838741352,0.0735914707281643,-0.08200282120640812,-0.19640228287302755,0.05334316478923817,-0.15469236673643105,0.06371658911528566,0.17024377934277501,0.18769837368443615,-0.10563076506895497,0.12370129106026195,-0.058578689251023885,0.16018282909919296,0.11499582745174952,-0.17043131334169456,-0.03714520244908909,-0.06507286959613037,0.11407240828931081,-0.03588571573873636,0.07383535906123351,0.040974102236176174,0.19025548763905353,0.175113982720646,-0.02892019410451252,0.08943128465645972,0.13178403759248875,0.1595543015448581,-0.17274629448940654,-0.07916848029060129,-0.07190798361259129,-0.026221619512048544,-0.13229409971383238
-0.0015176480199967646,0.06528573091938245,-0.0010544319133129199,0.06631723807904633,-0.1734233472728399,0.1503949326829641,0.1756276768404274,0.047162969647459446,0.1525563994547588,-0.14742159334071503,0.11897956803052406,-0.15234072261096243,-0.03679590740098532,-0.07047258617669,0.034236730088181705,-0.07939418590418659,0.05492545186685305,-0.05304508433921687,0.14431615241218582,0.05355353608784463,-0.11388068107142156,-0.06554823118876518,0.13896835505066235,-0.045408100005016605,0.01431962622625807,0.05957677438093312,-0.06087614016563331,-0.0824085476967727,-0.009898038956788563,-0.11404761116288437,-0.08631576523237464,-0.17516860638718557,-0.07841188961159783,-0.07171836265457229,0.18473326651652788,0.03589153018635205,0.11495297016632228,-0.18184909888787104,-0.15738532255665125,0.12581478434503696,0.049419819767054285,-0.12360718778391884,-0.03808183765530471,0.015468999992649113,0.1374439316549767,-0.17583520332220234,0.03868891574694494,0.08681436863467357,0.1911567431641838,0.12286403131687379,-0.08950907457389064,0.08383167755130605,0.10531115397079088,0.09189419996735804,0.12805762718074803,0.16149199048545504,-0.16062805240426392,-0.15809445692755247,0.11855999550825841,-0.09905100939141165,-0.17658343121996883,-0.03950832760775769,0.12795076473043127,-0.14937399047440786,0.06873678872178701,-0.19855365529137292,-0.15610502111502003,-0.05965986169260526,-0.1665590875902344,0.13836066697484517,0.14562820125818754,0.1022282812398097,-0.10300814744175302,0.009298830095991917,-0.12632458979065145,-0.08748861997075569,0.006402116869516444,0.09400552338431911,-0.16213824784254435,-0.08132132094876554,0.1706485394287689,-0.028350672887244743,0.17554786956372576,0.19656021662085427,0.010663930444566372,-0.08478239608605978,0.11631072342903165,-0.13627570578999404,-0.09918125613117179,0.1139519637997129,-0.026541630107188047,-0.1193848252049333,0.06045029798092977,0.09310474455267315,-0.14997150421977237,-0.08920789601002635,-0.11148929785110671,-0.04805814849501916,0.10537795823042578,0.0854832409097297,0.06500956415348158
-0.19748578165256353,-0.14314267464784425,-0.11068098035917329,-0.09121766158446017,-0.14142938334044,-0.035873779410444145,-0.16992776599438963,0.10000887615511228,0.11508831491844201,0.029706675840359242,-0.16411804918321288,0.15603326781870325,0.18625433148324583,-0.11905457587128426,0.08185592777628792,0.13677545225699433,0.015937409017080906,-0.07067076018930046,-0.00857651396785894,0.004907500313780788,-0.039745182324788825,0.1719369974534825,0.0975532443770008,-0.10347934309801442,0.0342228749279474,0.075475660372467,-0.1439374313191479,-0.05662970304794049,0.16221931264156642,0.02686924007408059,-0.11320090157587326,-0.1508860807523397,0.00729075738995108,0.01907428921165763,-0.06623421945815508,0.05216641136764738,-0.17252612551224453,-0.14194412269354376,0.018509528404503678,-0.17527372246221842,0.15236350599644027,-0.1431414518173933,0.06956794963381457,-0.0435186233142299,-0.040084900983100635,0.10595581144445754,-0.0002151463308344148,0.09026218545754655,0.0020764915011076968,0.037162136562105375,0.10428585114786565,0.04292349716851013,0.04624604375551544,0.11568783657103782,0.1796347263277493,-0.049313538425865305,0.030846862890380494,-0.16549073690658178,-0.05647844777245323,-0.03518030964424562,0.13409492672962042,0.005356960850270737,0.0924265493193831,-0.19239703998973146,-0.01420293214867377,0.1605270660654337,-0.11027443627768596,-0.18739112587715484,-0.026636506514609415,0.08177272825903814,-0.01821459726341218,-0.016008674595493655,0.06792201649532781,-0.09824447668678041,0.10075591665679101,-0.13875458763770665,-0.04169975788560493,0.06240324338836717,0.13134760289207909,0.1166124284660221,0.08867423972307914,-0.05636144658544359,-0.15107827348251046,-0.11326631292280376,0.145933525830594,0.14293254805306382,0.18062434101560632,-0.16960453924178337,0.014723634110982431,0.059473217961693414,0.08426295082674262,0.057545294004172076,0.1080045559609128,-0.05621136948426339,-0.12822689114580715,-0.1181666511398246,-0.19520852421193427,-0.059871251157511074,-0.1633023796480091,-0.07140452288392365,0.05128403086649913
0.15779122223472797,0.1358421803962066,-0.09893031521696925,-0.14636674312078124,-0.12277109048130748,0.1883946607614428,0.019789791874196327,-0.12699911079977005,0.13629846187472605,-0.04192350227497804,0.15968886078989092,-0.0957291492662054,-0.042711296478305544,0.00197910511603383,0.15704613363561265,0.14750297264202233,0.02974202812155116,-0.11128979608764374,-0.03865721130484995,0.19025322614620216,0.04310928955096083,0.11243910204967866,-0.020054121855432122,0.012802910186722555,-0.028418355106982374,0.08116839922478719,0.140588405554751,0.0029454172898254194,-0.0076530165455097054,-0.06388541316064122,-0.1291613222823665,0.17569908915004356,-0.073568112528198,0.1202765854297142,0.08613880851498967,0.11636704011125165,0.17470725334884096,0.049348304088358885,0.15918013735281783,-0.13292107083508253,0.050685030382715046,0.10891024516584508,-0.09134354770233039,0.09630152051678598,0.11139073164649477,0.1324751824065779,-0.07484683496162689,0.07264263606732368,-0.07829868663609517,0.09561615499938214,-0.01481053394171511,0.039017749810887986,-0.03366400742777245,-0.13520682922807029,-0.12878818815785453,-0.1689724370951462,0.04722907188866471,0.1394553591812237,-0.19166526949516763,-0.17350419916465862,-0.01701320307883586,0.09508829446727574,-0.1369169421152195,-0.09133947218032246,-0.10719751948727714,-0.04037951253153835,-0.11000052919297154,-0.0589605285820988,0.09141703946477764,0.044403699381675654,-0.16752731784332286,0.055098266498287085,-0.009169131376314615,0.1738262298828555,-0.08427827315837871,0.090466567879664,0.09234432921782798,-0.11139968759632507,0.16128944998837447,-0.0035267198281587753,0.07155334675572095,-0.1416577764465982,-0.09687843320321231,0.03444284717488913,-0.07238909265066021,-0.0001228325716106371,-0.05039792025068432,0.05622151865761921,-0.005141854887676434,-0.19815602561073276,0.0598723351781536,-0.031151377179927303,-0.06332066380391085,-0.16234129908671058,-0.11185212377340342,-0.11049108336765863,0.1741477997618916,-0.026994810101381272,-0.183173661113932,-0.14447332710267166,-0.1683869297068352
0.03554775608288452,-0.12535140337326933,-0.0005769438872896271,-0.05197517485200978,0.12155055085767974,-0.0718041450938551,-0.01669380704127668,0.08851421943913029,-0.02665951722774426,0.11728621440527565,0.06467374249466595,-0.03578835442131362,0.0015927702745450745,0.1868813823368774,0.06464459860335692,0.16199809038892993,-0.12849659861157425,-0.006705537501939224,0.16346466793802022,-0.07095517542343296,0.18706567925856832,-0.16116900381053703,0.16106846811001474,-0.021915151173656527,-0.17050233394353576,0.15180863703443498,-0.09922391503635462,-0.19109994980190992,-0.1456771577723231,0.06364589675990462,0.19112459565527795,-0.1554151441665933,-0.015220780750095197,-0.127745379620987,0.09801461364063685,-0.15277644009527436,-0.10406330060764418,-0.12143761294037146,0.021007912146791152,0.1492736368002529,0.004436080462567438,-0.1767026188914115,0.0253555722387325,0.11900839972720373,-0.14713752107827094,-0.17091551426216334,-0.12487688897697238,0.09843452912865097,0.03667216781280064,0.01623786158469956,-0.10020804214729268,-0.06710536190125624,0.1863540051773369,-0.10374990930824574,0.16065816930203541,0.03221260178309465,-0.15068141345150088,-0.0130750487379728,0.17941948694435034,-0.03257376074505655,0.14535462591574494,-0.09742852213931692,0.028368860720149186,0.13754082328078948,0.1682753764678782,-0.005670653139479731,0.05587524085817164,-0.19880794768706764,-0.09871067699464416,-0.0885151585012217,-0.1626027953382277,-0.08812199465720934,-0.07155118677674435,0.18750641582727734,0.06744095222433505,-0.029597968233462307,0.19522178427820375,-0.13870707190615553,-0.009579522427806186,0.05882488281961973,-0.1777677462063692,0.08679954323324751,-0.16005305883120405,-0.14388707656012922,-0.13612419501516637,0.17155593066220715,0.07329421805526709,0.06217100044124163,0.02219739858599684,-0.08287760052195887,0.04835588183974057,-0.03594011204454409,-0.14183353996295406,0.07583891613109323,-0.14816713282803093,-0.12373256759153071,0.1270797247390424,0.0640468384500616,0.052396461685456974,-0.03271888626291036,-0.04148779270425154
0.07610504367416049,0.09600221544361831,0.004085280945724218,0.18770769773941048,0.1822798235675488,-0.035028203994896534,0.12824890171326148,0.017307136639366144,0.0047023550228698086,-0.17801437544853926,0.029589884187324056,0.16023117222526584,0.11205353967803683,0.11452685787970485,-0.1360283845694643,-0.056620221146574556,-0.10671803333990569,-0.07363388701774562,0.03181573739749016,-0.054086474651900834,0.024279126985706417,-0.024599500690169196,-0.08535377662010896,-0.16183862631793655,0.15673538293791306,-0.19545065359814054,-0.19933900474321153,0.13071909590541841,0.19872437613031602,0.09084113108546249,-0.19389046477484612,-0.10932390933259467,0.1887290801047845,0.12344170086953393,0.026719937521884424,-0.10525571622385642,-0.1942519176293004,-0.1916554109450364,0.04479234541209065,-0.19126724945903076,0.1974520567701491,-0.12664646660250478,0.08428294474771092,-0.13797611143503463,0.01603736843908582,-0.16775548461351297,0.10671136981329726,0.03396843788993187,-0.165533322639434,0.13943447568000222,0.018807445910680787,0.1686369240053272,0.16664934947124505,0.16820311579463298,-0.16888591991981283,-0.15161689529819064,0.19508232388647917,-0.004959671440517621,-0.10471437886834095,0.10786579539946323,-0.0942859115150072,0.09088627520745696,0.13491431113990443,0.11370535091811224,-0.09038087672082584,-0.03935257036830517,-0.034699598706689455,-0.003490832758211271,-0.1330508593839456,-0.019011979834263032,0.004313196206191888,0.012683598632420967,0.1279601719937833,0.0069337993917980845,-0.10768643099452993,0.06525149529767488,0.11892565763465007,-0.07225133342469531,0.05812237160704209,-0.14122480162159495,-0.06322947816877439,0.16368957181985366,0.1645232652650283,0.03012983149722545,0.08094058434604268,0.14160616608237658,0.18342127412505066,-0.0040454238840922085,0.02463029465041372,-0.03374337334086791,-0.1712072251774285,-0.030878611020472624,0.11625093575323087,0.12195419919661149,0.15695084583731989,-0.17941331792961238,0.010861835832253558,-0.1570302048251695,-0.11970312673370267,0.16008660095224259,-0.0012834966281216609
0.10341796835864547,-0.1742463576285277,-0.033269398430059216,0.06969611226573508,-0.14663740748871468,-0.06967284835772675,-0.1741808779904467,0.060535976347804166,0.18835650362324746,0.13081819645713189,0.18984924672302628,0.1382419180393586,0.14207832247879149,0.030870878148537034,0.007300924565283973,-0.037498293428868956,0.12723795801835197,-0.12717295508879017,-0.17751003367032273,0.17915752907387,-0.1984887259186092,0.19073172875034072,0.0915413479495063,-0.06860043212086894,0.0791279372345241,0.12715006287405095,-0.10185517760542565,0.10835827331183279,0.12174785000329608,-0.10025814794986183,-0.1832294582488066,-0.11835108617676093,-0.11974143644424223,-0.17390381832980673,0.09040295386207836,-0.04801003021663672,0.15375446698154333,-0.09913155773392562,-0.018707133960029043,0.055606971570705155,0.1509859798687112,0.009848440647749923,-0.05059014887504687,0.14680603138880355,-0.07590143012495579,-0.16823052014696943,-0.021983156995904002,0.1140373225991968,-0.18768766729859077,0.03435289799583682,0.03778561941089445,0.17141670537095266,-0.08541407314199129,-0.08846535471572153,-0.02380653946412875,-0.05723403941139393,0.09453834507573072,0.05670083085261984,0.10356841516250653,0.12801671647947566,0.1691924530936591,-0.027625307286140932,0.1938789557886198,-0.11373567463853891,0.08574606477893143,0.013603726922875703,0.12676023787395335,-0.009291791757429613,0.1135754541449725,0.17206748585907122,0.09291770645603492,0.11043771448732975,-0.17312982749365757,-0.11801693510708776,0.18972149620143747,0.07727480151495775,0.024579606924401837,-0.05320945064141999,-0.18224439951723284,-0.05234563681434601,-0.000434850684169652,-0.11541619624524531,-0.130745283490467,0.0033666205430067375,0.034361694251017566,-0.10403283245819006,0.0349557897824852,0.16013598554971797,-0.010730696791458494,0.14295606783487258,0.1709085778133274,-0.16304238842516572,-0.16167536813728123,-0.009582326844959438,0.03524097772708107,-0.029646614213988315,-0.06941969183299879,0.05639764645046236,-0.1991673950600319,0.187229312345497,-0.10716836472479115
0.16683950743320286,-0.15639410218619762,-0.10476512718217097,-0.10605051956499985,0.19846116168025846,-0.19815978170964624,0.05585528372139831,0.14787463242434112,0.0689094616098947,-0.054906472713222326,0.18332374508117394,0.15740830183561644,-0.0264180319001929,0.029331397044465385,0.18700767512209632,0.19302414477058805,-0.020070689712819112,0.13894001125723543,-0.07920790921842547,-0.05127485082773414,-0.1340712468039095,-0.11632616288930789,0.06274932090374358,0.004312647202832365,-0.10754725574975886,-0.03883615345533897,-0.0507266160545273,0.1949440818141337,0.14142633488455175,-0.04481346664647029,0.16556663155841322,-0.06294584334873154,0.06716060509394378,0.186659998672845,-0.043888454404579086,0.0719539860419735,-0.08163047557494672,-0.09347507376081016,0.02966266657262079,0.19170583921328727,-0.018746460511932017,0.17505478812663228,0.16574540809790467,-0.0984949550620021,-0.03927223716626904,0.057320991397673215,0.007218353764556651,-0.16161658805473028,0.19747921205086333,0.10106160048451202,-0.024922384710115292,0.04726741986651653,-0.16497087309350797,-0.0018793385241560046,0.17233296632699513,0.1586403832219913,-0.06504766180674176,0.01254714552853553,0.0789534096350587,-0.06399629323683786,-0.1740483127624246,0.002176662687121883,0.04065429432933457,-0.19766335995139592,-0.16176985058458776,-0.1170837425623391,-0.06077908520362635,0.016420489132232152,-0.0824628324961339,-0.08952647423739851,0.14773973752523273,-0.1419797436794295,-0.0018159467310558952,0.1811298867744544,0.05000529964641831,0.08688219195777541,-0.027505203443757148,-0.19202713315211217,0.058452147346882144,0.05276971257124963,-0.15582894541466677,-0.015136114550147406,0.16613157786626015,-0.11796606721120995,-0.015560498146355878,-0.01555872591979185,0.12430458725905535,0.12983034813177785,0.10370776786535679,-0.05381833632469052,-0.17118522999259198,-0.06020680911039436,0.07191648050853583,0.08109862979563054,0.1860000837906876,-0.018543507422516592,0.05297423317611616,0.01567634828901268,-0.13975257595470506,-0.015519011147145573,0.017934061875597707
0.18029984241690344,-0.05338437823641759,0.19203964124319112,0.016920029609633763,-0.10301230267877699,-0.12333424519367689,-0.1433220330959073,-0.018826851770618797,-0.19122942808443072,-0.021981886674053847,0.19536187686237855,0.06804271828890662,0.1039144484801619,-0.152397843712695,-0.010759655403963675,-0.08551075958971444,0.15763901119561174,-0.127483011194435,-0.016506669145303215,0.0352190873382551,0.005616436631413035,0.13209741118816293,-0.10741873147214386,-0.0490435558305235,0.11683371862958103,0.011228564694721943,-0.03915304574081707,-0.18822299410206741,0.10135416960624377,0.18887283118670412,0.048114803795404004,0.14261648827551782,0.006750297277970441,-0.10732761383065417,-0.19422315830594183,0.06135930703599568,-0.0027564607007021513,0.11283925883504059,0.07787296697412183,0.19518094728262592,0.0041250333648159,-0.029130084130796263,-0.08530412422428202,-0.009255483283490212,0.14914859124916885,-0.18302410968330352,0.19116001891447548,0.19732287772311924,0.0391285514351607,-0.06738231852183946,-0.11078041267119049,-0.0894038417260485,-0.17995782939801128,-0.009955616606656476,-0.17707029165423768,0.08738968591037011,-0.05122821778685838,-0.12025410730113473,0.017941423134415352,0.18950372289720552,0.07805241960736731,-0.0033012599583359115,0.11076571970180255,0.09499058875959548,0.1566941844231175,-0.118132420962421,0.14355103050349277,-0.07958956518332046,0.17639957113003885,-0.08757394042130594,0.17073941726507047,0.185516285785632,-0.14180345701719432,0.18979995330511323,-0.1657108126282871,-0.11257288535499121,-0.022332487650878197,0.19743894628468406,-0.004574779533848272,0.020163777271394345,0.07776997980945943,0.18731742330918055,0.11334056004969778,-0.11033839823052057,-0.07880362773425814,-0.16094870415659024,0.05778094566589592,-0.12770387738431138,-0.09703804460825372,0.15524546207215084,-0.06929772986719393,0.02665868734166682,-0.04097359648432919,-0.17038748503763457,-0.054854468041317966,-0.036772718785627656,0.1582804407646073,-0.07021973854146421,-0.04830355209517284,0.1131587074689338,0.10358266048463921
0.11931411065939634,0.18150829603040164,0.1182229993579137,-0.03695671871284362,0.12860340675923676,0.00346985283597534,-0.08891438699257388,-0.07883317274759505,-0.11046304457464068,-0.14200281687209865,-0.12620383525853987,-0.17472878001847225,0.15538034597295453,0.1724031238596493,0.03470815699755819,0.13619582264347402,-0.12657155893874117,0.16066953009079404,0.0025446238522033315,-0.17313400295777798,-0.14347490220233594,-0.07640941568527314,-0.18257696785809943,-0.07628264879302256,-0.1760278267524433,-0.10558895792286993,-0.09373209765742337,0.1977475905467176,-0.10578133049453423,-0.10432542042456788,0.07471558734335398,0.1437429914065808,-0.045177834959165386,0.150247207976277,-0.06394319170089716,-0.12119364815399228,-0.0681444702689106,0.04374254957119694,-0.053142736275170493,0.06915752159571553,-0.10522564823100705,0.08039715759565952,-0.06102465470061333,-0.017652651359226196,0.023098056177158377,0.07449000127439748,-0.10451452326050653,0.13437821496432417,0.08873709990209588,-0.10636083239040023,0.18998982504116418,0.06591879641218334,-0.01902924541331777,-0.1369890697785935,0.013288400923252564,-0.13408964526915274,-0.028203328520862492,-0.03651499090419247,0.08797585773898409,-0.12304672751030009,0.12874854194833835,-0.06954706919353368,-0.022404549212489966,0.108936390221537,0.050156959885405916,-0.07678985927922506,-0.045518830181647596,-0.07768527440415594,0.03790806691086285,-0.06695018671726413,0.09027907791325634,0.031914863433490426,-0.1417173553009964,-0.07589255252804704,-0.11142102323593771,-0.04387471497940587,0.0063936344837452475,0.002705142913643932,0.10180947062531559,-0.12433125455931626,0.17858913171897872,-0.06286195724713256,-0.0799004612335446,0.07407143127208793,0.12220665147322501,-0.048611294074538625,0.09873878995759083,0.15349438245442187,0.10672146608278299,-0.1863214057716668,0.13094756454647527,0.10979238338174696,0.06771609526127442,0.10400896763516138,0.19177015833277555,-0.027554844872660134,-0.1731107060181609,-0.01564401214891334,-0.18142653784358084,-0.08229983676461555,0.03475191671870359
-0.07615084282953749,0.07415809836381543,0.12879453107428845,-0.03182432828818524,0.1600551805172014,-0.16806442745983993,0.13604526568017994,0.1314292581757196,-0.07120244146929405,-0.08051392515015401,-0.07796200753859495,0.12455748493776436,0.13266139504407803,-0.06811101646893297,0.03703613897778474,-0.1444267082238182,-0.012488504687591162,0.1995171403422153,-0.13646434091750126,0.17902505598402357,0.12970188878600314,0.18888586037850796,-0.12816849575578682,-0.11459260382265431,-0.19325312730605654,0.08988072516624224,0.05763787737447423,-0.12877382467010717,0.11645798621682879,-0.08032179754730984,-0.14600177226774594,-0.030974933992260756,-0.1636120606292576,-0.09470253749070134,-0.05146665662906155,0.14074566980565995,0.11701949651728855,-0.02289828569975269,0.089830023100955,0.027459854471601985,-0.06366325796877279,0.09034973739811392,0.07339966178655122,0.04763777687744081,0.047182208417300225,0.07319279693079073,-0.046181794942984716,0.14763032602708098,-0.13507686180141568,0.15355418529566162,-0.06308726278720225,-0.149987353756551,0.040010961071651974,-0.049605332371837896,0.1261998908414077,-0.027685812588493064,0.06742501022484393,-0.07669680419806979,-0.11621904998986397,-0.044780387620470485,0.0427231338409734,0.06277869568454075,0.031282666119207325,0.1952222874496436,0.07643607459806612,0.17260785103876713,-0.1528267220419302,-0.17545082807460846,-0.07560211919521853,-0.14536442464943045,0.010347411291307063,0.007592501409311503,0.030018866577580072,0.0980911523324291,0.188531880084928,0.15130347657565862,-0.15265310416976738,-0.06459452449173711,-0.09767078998078325,-0.12927305688808288,0.017889950662313803,0.02130576081309221,-0.10910206884477547,0.08475890012267417,0.09316571966780207,-0.1916080020664267,-0.04169691851107338,0.15605625648064841,0.008127443297535286,-0.060948879424402275,-0.09852953936194796,-0.1026581920326871,-0.16009278645967748,0.12689056763723688,-0.16533703784233153,-0.08308209365527369,-0.18172970457345872,0.11255462788948017,-0.18428652710928384,-0.07667955845271664,0.029318948034665615
-0.03617545588262247,-0.08709157310035982,-0.08992437102898335,0.11911612240249975,0.18959123803489802,-0.060783571820482635,-0.1843417945563934,-0.18537368883635663,0.10368536608428724,0.020947928643650776,0.11343706296693218,0.07899880411542992,0.16300253970615863,0.1543297164186494,0.11533095824847095,-0.009924335983142518,-0.07674943695845902,0.002810714977855955,0.000828642927929446,0.044110219555735075,-0.12556097288683837,0.0622479521779955,-0.01735963031767368,0.04808193277634368,-0.10415807083218175,-0.026242042449058006,-0.1159195142189919,0.15012206270272066,-0.00481558198338497,-0.11000743377047516,-0.1835165217033815,0.07029546586141672,-0.11414211440409772,0.19583287692751133,0.013480149366068644,-0.08440920150078718,0.06307097351705215,-0.08991203062476578,0.1281097175638986,-0.07670557962802325,0.19529909295836373,0.04205791417811744,0.13776445957706535,-0.17087381216863112,-0.06068023304552472,0.09499483446645984,0.0620236069362331,-0.1223027514264969,-0.05751882779611606,-0.09462263700498363,0.045348067904737194,-0.062172708216490014,-0.07637830319986008,-0.11704880782546333,-0.036389151634140665,-0.12179896392137857,0.18502783495105296,-0.13819927540187865,0.16532188598351055,-0.028610760737367208,-0.048853603375311166,-0.10747207963806048,0.054302533747007664,0.07421120600433456,-0.012971615099033024,-0.17771724172263037,0.16740406027541999,0.19213165315055242,-0.027582633915265997,0.045464322963730874,-0.019880549502501316,-0.07124813964555177,-0.16907248285687695,-0.017572907841080454,0.12735382254378064,-0.19318741556479857,0.032843073272088935,0.15230884349067558,-0.1129802279942568,-0.12669765412437511,0.10891065028077723,-0.09796542755228269,-0.12320629297574062,-0.04880429977230599,-0.0429991950919128,0.1496404252066264,0.04737738877347075,-0.03761541746416425,0.013755185714306728,0.18158609333010967,-0.15471412935604187,-0.11691379131012343,0.18501148263462214,0.18292993941088165,-0.12913383149409097,-0.14195647314988072,-0.03156594626455206,-0.18011268300481237,0.06196141291405605,-0.16900159133530313,-0.17678814916228772
-0.005925225516460297,0.18311465444404063,-0.02928162557473618,-0.05740753653577957,0.1991826862009144,0.012787584311673372,-0.04990343724390059,-0.045655674663359264,-0.12201620158659582,0.004889222979015562,-0.02445798873279767,-0.09168188146103465,-0.1357839653592961,-0.07550445253297854,0.003473331075091707,-0.17666669108607935,-0.1385023885664176,0.17906290678763814,0.01714214041253559,-0.17462027853598486,0.0772351035078292,-0.1752788519683861,0.0955496908185492,0.09998508868801076,0.06043159029970108,0.09288181784773986,-0.1648136875947769,0.09071222094210707,-0.14532467211044683,-0.06419763709126247,0.17709810140025317,0.0011501910636560475,0.18697057283320556,-0.164431016445305,-0.008977360174727972,-0.17503907188925175,0.05208410495971394,-0.16851719945259347,-0.12985287898384906,-0.09646787597228781,0.0994975406657933,-0.13441515247277008,0.13865282131722712,-0.14723842446767965,-0.1859022203719375,-0.04198183241213288,0.19177665678851807,-0.15586310888448912,-0.1593126223841484,0.10046660431824955,-0.07513532240257388,0.08691264689028677,-0.11999576422265466,-0.015971202320734845,-0.09388404890043285,-0.01938871404836523,0.10763883703412153,0.10480397619106468,0.00630891506948944,0.1713487374884204,-0.09448635902069041,-0.10387545955230677,0.0455225604701735,0.04851881368671562,-0.18138398417401042,0.043111084954759044,-0.05022553706039426,0.09897701012822363,0.12324226581810915,0.020861527818814618,-0.19931798739909398,0.054546324066656826,0.0995525118663737,-0.10040669350739431,-0.014141599543684491,0.18629064936471534,-0.08075377864235862,-0.11073869958330369,-0.11565808380879594,0.02352033374159851,0.1799148405232026,0.043476051680141875,-0.07867075190493603,0.05542791122698165,0.04993691903911496,0.0387700542918617,-0.1362295172446792,0.053826719737997686,-0.02793421899420015,-0.19256317655078667,0.015905794858998068,0.19570669808736707,-0.06010416366240659,0.1862236873274633,-0.16151770333496218,0.09298004634692247,-0.15426800213486588,-0.09057137057789033,0.028336334128849755,0.03711187759069956,0.11008452689366849
0.04612456289097572,0.0374458817522243,0.1649412347956553,-0.019135699116337113,-0.10989368852197799,-0.1352845659905479,-0.0400021612762001,0.08510110207747829,-0.18298260602803965,-0.14837864539623757,-0.15755461595854425,0.03410006122058351,-0.1028541397874935,-0.1334962286794414,0.037108287897208936,0.10452396618095172,-0.06713803341893426,0.03128184227063846,-0.16075023472021593,0.174076412183028,-0.06524152587409088,0.1990022772694005,0.19143510233991284,0.11152937973432459,-0.19197316183721333,0.017389968153745328,-0.16526543182399542,0.15805521038460646,0.11585450105896117,0.18893615063827318,0.04335318125991816,0.008869121793735196,0.007589542377755054,-0.045420650218262054,-0.012523973108343606,0.05416503325414013,0.17317904302251086,0.03835373530241243,0.1428463769269469,0.14511196452100028,0.007533070339303671,-0.061012143400951374,0.05582954933283241,-0.021649063234062904,-0.16742365307122686,-0.04887635982702654,0.19762885521973,-0.18059525198948512,0.07866676476037066,0.13647548202849885,0.059490361390151514,0.027899292465316,0.08302176679150303,-0.028262905080137735,-0.16345530507644931,0.1849487017213527,-0.02707969200632157,0.06615569486720702,0.012524174755718098,-0.1781307712089782,0.1810986403970154,0.11701489044572932,-0.14036084221224204,0.19265955051530675,0.09476054886868318,-0.011071339828676446,0.044548022623829286,-0.15730532719416102,0.024164604006244372,-0.17053557119317625,0.01794210284772077,0.021078275505114152,0.14977551406429757,0.09002300010891762,-0.10017904311395198,0.15537045687514278,0.02929706593920231,0.04255179142961349,-0.13240745231112866,0.14310943838764562,0.1723860460066176,0.10999625979796329,0.17630098105800246,-0.07908003835106166,0.14444766734510844,-0.004442742854502996,-0.13443311882256603,0.06752023961336046,0.07364810828235158,-0.08523019449732394,-0.18900266734897198,-0.12006109636577467,-0.0400889809304453,-0.1329748355760526,-0.12238802070415833,-0.04344373424709219,0.18471464572342416,0.10569740616305934,-0.07210063950937437,0.1806416275674193,0.058258716903493046
-0.01782014214394395,-0.012679920417941165,-0.03570221286584324,-0.10680317898162413,-0.04534712311451772,0.011158553617357014,0.011210940292088412,0.10469476088500723,-0.05648085713705897,0.08671921172158098,0.031236735507473856,0.18473816181073377,-0.04588602958640692,0.16048658570431612,0.1282570189193158,0.05506571383578274,0.06180578669684689,-0.16614002615743573,0.18008984223737295,-0.15722557460170244,0.02529332349740282,-0.06797167982033822,-0.028059208684059284,0.04407320433472681,0.16354055115292865,-0.016973150571079426,0.19509182212257647,0.03712482614059992,-0.1357784229431302,-0.12399628206749909,0.08644441423570043,-0.1798408823026473,-0.007863369511109275,-0.14071235607859336,-0.02671254592886202,0.09996696882868783,-0.016474828703426342,-0.13461955640762924,-0.09922985185734304,-0.05298416453912705,-0.17217552660543411,0.03373505443244876,0.04301351651122007,-0.17513922914697302,-0.03907547153033519,-0.034399726846110035,-0.06647217257895952,0.023095896132444727,-0.06161700397595529,-0.03343628820887759,0.11900941897664225,-0.13515625782791943,0.04764587812136836,0.0022377606763382407,-0.07797134500826038,0.09101386259616429,0.020475343816459185,-0.009055389215721854,0.06706772590848004,0.12091612319254436,0.18906751601343047,0.05174014735054938,0.1497759941601532,-0.19956338359081724,0.012094277090356487,-0.11414098049192077,-0.16232301716674513,0.012788406825756826,0.0987306024596376,-0.035090991010248096,0.06804297973777396,-0.004112298463620018,-0.025165653616229605,-0.08389734382565575,-0.046962594199598195,-0.06008174768222885,0.058474873605952604,-0.1535925954883442,-0.1629454525248776,0.06400519768338414,0.01851922795155231,-0.027919961302936974,-0.13902284623683858,-0.035589155252275406,0.11589270532800466,0.1558484943157028,0.08103062798568805,-0.17603512964764767,0.06816391064044741,-0.10360576418148218,-0.07389950278943799,-0.1216507168160062,0.11030231624808184,0.05944084905491159,0.044734021839672344,0.06718904386771041,-0.10529109543843865,-0.022142234269855343,0.05330148861959566,0.05463761104732018,0.11674074510205223
-0.08515841332475578,0.10813444867872896,-0.02392620775322571,0.06806907682357394,-0.017712247973885292,0.1794440679163773,-0.1282790941033422,0.07000203543294281,0.03061400030726355,-0.13090758362090216,-0.17359746567533285,0.11965775558866548,-0.13701946654149394,-0.1253973268856896,0.19137368959561574,0.08690434059065233,-0.09980526335951101,0.03637958406064051,0.013644735361005328,0.13778930700553904,0.09172829913304975,0.13268845019727432,-0.11539736480905503,0.056087681746802065,-0.18390365663264788,-0.17242375508831198,0.0854108130818389,-0.19023195894242748,0.03190600356020368,0.13616203937781202,-0.04802327663278855,-0.1820638252640349,0.08553897985149073,0.17187458098566033,0.08686855682330713,0.03137889720111012,-0.10798846804837599,-0.1938497503822012,0.07786884339162131,-0.10758952966228282,0.143265070872943,-0.013454352466955477,0.01225423294898248,0.10157461770654669,0.11177224312133727,0.057060333232227256,0.1753727261650972,0.19291937452816776,0.17875417774984675,0.1296716741375774,0.08225008809770057,0.065330343152667,-0.15849992923178646,-0.09140626127235502,-0.1977247105882492,-0.14503605190640326,-0.02430820913232465,-0.14138537968437068,0.16066536587070318,0.12227967413411278,-0.1713552351641927,-0.1004345138130936,0.12762875384460354,0.12121845062394943,0.17818022004711553,0.1990191046469441,0.19050802529644878,-0.035944805711423417,-0.09986862247918711,0.10336407617082499,-0.0802908429023877,0.1225601440525319,0.013581892159169773,0.11757091009398157,-0.08964804811319582,0.003210926221528354,0.02560951744087281,0.17724322708805285,-0.09336096926783309,0.17467529571395785,0.12194356618628638,0.09235762163467809,0.11474810767405008,0.042170018352022776,-0.10236799581500566,-0.12420201246405892,0.1465365743401562,0.09005576103833329,-0.11471828689562039,0.046037346349760616,-0.020981407434310484,-0.13653793201476244,0.012742843742865745,-0.0873923630134331,-0.16150235033697138,-0.013216680581835671,0.03604342083742473,-0.18123743584753982,-0.03916290023560126,-0.0969352320653259,-0.18773976371710704
-0.14973498015539768,-0.14438633647264898,-0.12685030075281156,0.1213510285751685,-0.024203253408744324,-0.14116560309184525,-0.1598812132288443,-0.08082381650838438,0.11920620748178096,-0.054216060824142626,-0.13604105588242477,-0.03835352738153602,0.022124622914823006,-0.18816632654479448,0.05105672057606925,-0.04195969879408429,-0.19610964994752225,0.06955575957855237,0.08495505422505928,0.05153591542347313,-0.0632279129606311,0.011841941626384467,-0.045136917546625854,0.08024869206387775,0.03343207449347546,-0.16728035446902012,0.057237423287598954,0.07489536573512062,-0.05171912775412024,0.15031431238388177,0.13720574193798507,-0.12993339044010488,0.16170652339434743,-0.023651051401968992,0.08949986105371732,0.12563880278689438,0.002044968427875965,-0.04035922425167371,0.16618054744603933,-0.10765857882583073,-0.09721196891234221,-0.05535187439462516,0.1437863111882262,0.17551530568523038,-0.11197291409805527,0.14554805905249818,-0.09671881621257228,0.18825649869995525,0.0389631567926329,-0.19716541302104706,-0.18634803837152886,-0.14100618767811662,-0.12497073687249732,0.10704764913063863,-0.11089364943322005,0.18765664801994392,0.0544448228811753,0.07700700370140712,-0.112873392285917,0.15708252563803388,0.06712582912797255,0.14576224973674556,0.18259243889249083,-0.14974360915616144,-0.16136510789242176,0.1213631306358543,0.14645042363766814,0.03350456835119425,-0.053599780899791755,0.06105185443008948,-0.07773437096301708,-0.10464572313861274,-0.004741916189093809,-0.11353846895744812,-0.0065185566739308365,0.18264260218542877,0.1359136142469562,0.17665236780000892,0.12253158993894342,-0.05809962562148932,0.12481809542062366,0.16916629742128564,0.17881431513482177,0.07327914027399884,-0.11545334247395474,-0.18410833865412368,-0.14111990873593772,0.18621876715757818,-0.015161270322892217,0.14199440593282303,-0.013982338576683573,0.06432703338393575,-0.19034368915106656,-0.1000540229122533,-0.025492287982964296,0.05225241886166526,-0.13139152477872862,0.10582058570819602,-0.05423811754550509,0.12697410769355377,-0.1608123638419731
0.07190263507294875,-0.08266866671739592,0.11815326964904721,-0.03913182918303576,0.06613985290542657,0.17372210745458938,-0.19174934719449427,-0.19555328706625055,0.10811170087068539,0.058557220603231264,-0.08280811179822695,-0.002241318890295052,-0.1832257337604525,-0.12302175785550369,-0.030201450189133006,0.13361776648859292,-0.008133126855966066,0.034545001810391496,0.14950151679751217,-0.0764724345644619,0.08027972844082237,0.14466690347130134,-0.11895371972152931,-0.05740873394086701,0.19192406955574204,0.1932874259184844,-0.11070802788242484,-0.17342166444294876,-0.09163135547597885,-0.0409072170785251,-0.02359775962753452,0.047522522932169464,0.15980110405261855,-0.06786079523713504,0.13999381419968343,-0.16260843162934924,-0.18325012041071412,0.0016180732493845107,-0.17613511066775805,-0.04300407950630794,0.15871124674769377,-0.10340678551701066,0.08239031004996128,-0.07905384304397325,-0.18203197790314576,0.02267623256412374,0.1339413962147007,-0.03621262066295222,0.046917530583234834,0.16000943906309034,0.11587780509479512,-0.12244944024287228,0.09335358374600233,0.0007572100640607926,0.09838672315443386,-0.0021937797911127377,-0.14881673435667886,0.02796377867569566,-0.003146403041064033,0.007168693456576725,0.15156098145834812,0.1579348186825006,-0.018585157293712656,-0.017707183487964656,0.006074783549046392,0.007835711333702783,0.18015485767164507,0.059760186950997385,-0.08901720204482243,0.01261471878159598,0.050889433163193165,0.05590868840558583,0.03410169049527306,-0.12890553815138506,-0.186562724368197,-0.06486277905325824,-0.028991138175898573,-0.17527830416956536,0.12598693520793847,-0.062369024995890504,0.16545309847140188,-0.13823595686309395,-0.17722601722507464,-0.00707355824547129,-0.12434826526971735,0.17495971023114448,-0.19587864061850443,-0.034952129976386026,0.1706991085380673,-0.04623271730809267,-0.1627562877598157,-0.07884202285528517,-0.0007958424662266039,-0.12593932506266675,-0.013375317942695253,0.13453727831433498,0.1490471880786452,-0.18029570611570717,-0.1356386567789706,-0.08988394569327834,0.037946340355040714
-0.05560209648301315,0.1376163653784302,0.08666874731317503,-0.15981759075459673,0.04982300100483647,-0.15479494986120865,-0.09798573214541598,-0.12885174658630877,-0.13077522031971803,0.04655820991074369,0.025441969021664596,-0.12958873888490924,0.1960691221673727,-0.03126530705268249,-0.16117226873802537,-0.15177239321795397,0.03355748549063789,0.19162776135338916,0.028780440647679123,0.17961659064665486,-0.02234685969678929,-0.02566355853919519,2.943726352899745e-06,0.0789701832622221,-0.052953613419466944,0.14555441307158284,-0.1882874460927415,-0.024094321988623074,0.004396739991967158,0.04281289530523846,-0.0895712350536547,-0.02900801160566585,-0.006184899914377345,0.07476399147328527,0.1094176738943256,0.0951309309375149,-0.06336677908416588,0.19978020919678546,0.1394661247148718,-0.09599065074201243,-0.12195767773086899,-0.0743914997666438,-0.019062058800142057,0.14031975132784552,0.11134490551781379,0.1404984494023504,-0.09121715403586861,0.03738448898073449,-0.08670037508905022,-0.15639073571220274,0.07367909738987227,-0.1428009795218245,0.0670791046825886,0.05918572196216365,0.12409937776960683,-0.14417815817457424,0.11339205940352437,0.19971061037849486,0.14041697943436088,0.10072483053106651,0.06486614187788303,-0.03128740612582823,0.09220006715664086,0.08967121405618128,0.05259931307491528,0.11851135131913137,-0.02049444462926614,-0.15149891514704375,0.023627091043694953,-0.09398258851546296,-0.04622676102833992,-0.1930340384235096,-0.046883764832846675,0.12352044245418187,0.017088946775301928,-0.1960797892264116,-0.012062471904061095,-0.08341934094183703,-0.008979737841131541,-0.03812291142084917,0.17279168782295262,-0.18352908041479368,0.07343520451277291,0.14041063852069663,0.18369543386019016,-0.12894550938228166,0.01252192078647757,-0.18256416907311523,-0.0003265902179646063,-0.14981676418360723,0.13515866987948538,-0.15445199895785408,0.005315344154598112,0.008438427597101505,0.18866019917264215,0.06199227761555526,-0.08486388276927924,-0.10368027602474461,-0.14870071774197405,0.1026058896196238,0.07630266247293543
0.043950850923242385,-0.18366382282000468,0.10513154655771778,0.05675503085939171,0.18555554724419537,0.03488085195072482,-0.07841923733531675,-0.04739177912427189,-0.129663717848707,0.08916567288055405,0.08308866400869014,-0.11973999380892951,-0.13660427072708858,-0.16919802671912218,0.16479029747270346,-0.10677206652205956,-0.06233458929927843,-0.08779819664900375,-0.034550158955683585,0.08561951975299331,0.14823825349051378,-0.12696050018858396,0.07456493749646603,-0.058975143103005945,0.19221086731891712,-0.08043233628636925,-0.19712281759685601,0.006255989607938078,-0.1397075662896249,-0.18220222927264038,0.0793076927790834,0.09290371300338263,-0.01572039475339898,0.07075420670263088,0.015295779298853562,0.05192044308877264,0.038681589275184475,0.06632910562223693,-0.1201477405307315,-0.09251735198531992,-0.024014740196923207,-0.021548796232325446,0.10976468463476169,-0.0530425363081872,-0.13499793757632705,-0.09941361180356965,-0.11410659904630865,0.09266400770240879,-0.011864154149607176,0.08345227918839337,-0.03351212769694922,0.15589424100156207,0.19340812308909383,0.06793700348104464,0.14552502289448754,0.0031733068688250543,0.1738483361415632,0.1326345942691312,0.19671142870641567,0.049237494131112225,0.11168269610729142,0.017147255991285387,-0.09635195829143087,-0.05809793154809692,0.15760216589252646,-0.1776208213605518,0.03659195442976326,-0.05100638699835655,-0.045322984797777716,0.1538284825655069,0.14152894981849062,0.039536950228987455,-0.09083246103826643,-0.009817461535190392,-0.03668264248431358,-0.058552788319001875,-0.15888576857708145,0.01724555468612815,-0.07926748085020657,0.06432317717101138,-0.07231842566978772,-0.0275346027460793,-0.179055850322237,0.19701522796219106,0.0030441533100703244,-0.1903049623343309,0.01649226350445762,0.14814159972225988,0.10902085370648107,0.08036267365178162,-0.14421413816038606,0.06309483159498896,0.10651935120490413,0.028967625586198642,0.15709960180814064,-0.08920408728604584,-0.10314212010429978,0.14782789797705842,0.050159297196580965,-0.19942111179160027,-0.05874743659557899
0.14314239432586978,-0.1890721953433027,-0.19870082869539646,-0.0874962837899481,0.16560001480371117,0.16059103258800655,0.007504778320603173,0.021294748455849055,-0.06719679547312449,-0.10250533518887606,0.1260887416848473,-0.15748205580014343,-0.005058251648545703,0.0537589037988338,-0.15852788385158834,0.007842838188938467,0.03100851516497727,0.09699842420294591,-0.10606558034098686,-0.08266899868369669,0.02780845865321338,0.19325056399264567,-0.11300272687195423,0.19436153084938562,0.0857370132217925,0.13043282785200927,-0.16414349270546433,-0.07983192502774711,-0.1769054881396076,-0.05138120199872992,0.19251586396802078,-0.15789077511746463,0.02494911294847979,-0.1975717508744751,0.0850731264176251,-0.12112292305118358,-0.14816618515009483,-0.06519287513568495,0.10841771917559262,-0.1573547654755157,-0.10806440168052185,-0.1966142313530762,0.18736594507824722,0.03685823999554555,0.08795985455387978,0.06055326846240583,-0.14225417645213026,0.03797597559759763,-0.14743376194349517,-0.03950541841474883,0.027585254370117218,0.02355244564086237,-0.15237062960690362,-0.18622561214139113,0.11929372554952555,0.09036897479840211,-0.16727243817410478,-0.14903379247937865,0.15703351055584813,0.10765156064871201,0.19846411848666967,-0.09840502031799132,-0.004878804452474045,-0.10541616957505773,0.0491200553909239,-0.1538343043634728,-0.14910273090278678,-0.17124484343795096,0.07743443290566676,-0.0023709690267172956,0.047092486541852,0.1517204186357436,0.09613139390214342,-0.01531083273332362,0.1937423953576906,-0.017497559543210695,-0.15501973070658673,0.19706189890108639,-0.19087170799406109,0.019953423795100844,-0.0763618045201163,0.0014208604067939279,0.02348518103780864,-0.10396164148860497,0.02274350229490474,0.10242444480221502,-0.09339606510240067,-0.04662954667443717,-0.09270292273437684,0.12822389239528098,0.08999290368383867,0.14847857488736294,-0.1319800428393363,-0.17056814473609938,-0.15224659845653066,-0.13559266687030547,0.013233064269920936,0.18836482814510597,-0.0571058333532872,0.1834033077440821,-0.18471968200432812
0.17074888112586334,-0.12753895707801155,0.16498999428773953,-0.17750902795381554,0.17928777899801307,-0.11968069427245567,-0.07891437597073572,-0.0036230623588167643,-0.04771164750580992,0.06701118770525999,0.18992310690003095,0.042570596321976295,0.0885941637746197,-0.16479789987771942,0.051124971628002114,-0.01846008918143474,0.15431294316785132,-0.04471556014275921,0.07178165761996763,-0.10873850869636836,-0.09625098659032161,-0.049551027631090566,-0.07837458499739891,-0.09844846424397008,-0.1801325176396763,0.13469853270098364,-0.17427938764348627,0.15494620624118705,-0.1498138443727759,-0.1738953051749364,0.025201905592278834,0.0009767170298887184,-0.003506172467245966,0.029801731000559106,-0.08517735755233771,0.06517970937184447,0.0009608878828732959,-0.0661026132170699,0.13060026679229125,0.09108843853068405,-0.04255586322215121,0.13904711409154913,0.1681033000447097,0.014746506833744982,-0.1140190199372317,0.16631686261879475,-0.12420815196179312,-0.18063070943309234,-0.06900519645074765,0.09078653778441592,0.16930963454141978,0.05491425872577593,0.18073541878666405,-0.16305166428964135,-0.175698508164792,0.04167678029746563,0.18644652899710196,0.0010885235818896,-0.17939390962427795,-0.11151253756901754,-0.10208283743369173,-0.06485714834522002,-0.18255864656551496,0.1619570801991665,0.006225577888598094,0.0683723171816436,-0.17313086524199642,-0.17835381287854024,0.0345871088162189,0.15491840420168324,0.01139280038381879,0.1511276690280286,0.12439650922209572,-0.1696584856820317,-0.11921701024572405,0.06308426766213698,-0.022599446979983367,-0.08372007454123179,-0.032546457580808374,-0.02192014149174626,0.16422090032863862,-0.1586166865180188,-0.088107701276954,0.015025926633085579,0.07931477065223669,0.05225491558369744,0.1766570950949578,0.11824356992778928,0.022830736789772127,-0.114126923330597,-0.019650307439104064,0.07735289767779097,0.13518486993443396,0.18389448976895495,0.04218110645516707,0.010767746921772986,-0.1929232307515407,-0.17116037233992804,-0.1375580009450399,-0.17809602752414877,-0.03965470447802941
-0.06524858194445113,0.054941663147357156,0.014266043173361082,0.03838830375514388,-0.011209118824938358,-0.08890514057829715,0.18113012597859085,-0.16543633609594444,0.17555639978612286,-0.07550478125410615,0.005064578146918963,-0.15646307086898156,-0.1716275726515963,-0.028181820512558853,0.09667895055187126,-0.09225408898058043,0.024939155574128014,-0.08853986379087267,-0.04455477564278368,0.16257852738952988,0.14233585019796785,0.0064070173670519315,-0.10475774901116851,-0.12272643490679087,0.1816349412142857,-0.118913361395725,0.1232673243650157,-0.052411916185785085,0.19426393902329536,-0.052737703854884854,-0.05939335003570956,0.054985451551049225,0.1846067226507277,0.19048384231857318,0.0828824585867941,0.10184254625454148,0.02536087038921106,0.10231029565293276,0.14391186198819866,-0.0055618787219907095,0.04794490513204122,0.01492667809321907,0.024988245411470877,0.15601916394957638,-0.05775326791777191,-0.11672638975975032,-0.017487955890548357,-0.11676592380749394,-0.0006398297351923321,0.16140324214282348,0.04697340819299112,0.1421731413212311,-0.13352363215379529,0.16034943701487075,0.0407148657628463,-0.18729608450380808,0.0532475821140147,0.1805587825043672,-0.16833319980985517,0.03298245218782886,0.16619144114788592,-0.1961219326662502,0.05236517058632928,-0.010039083267614934,-0.06120427254055577,0.05101459597815039,-0.17891916216503323,0.10122521851496008,-0.19820820923211696,-0.07722570248305911,0.0015834550738713649,-0.04919109977337932,-0.07700962591776701,0.13233405818723848,0.17393302970876356,0.1494850739623555,0.00897252521999986,0.15366567007739323,0.16834462607261752,-0.0363046411810152,-0.08662165619782183,-0.1606939176746719,-0.008363231580308383,0.17851876817537654,0.024363011228148407,0.06702484071446863,-0.15484647260326098,-0.1425921343430975,-0.014210695216130997,0.18050591959349033,-0.05568614336338845,0.15099361652701343,-0.1518845626297154,0.04680688277348405,0.04024519076420727,0.14394990002810742,-0.1986733182380394,-0.12402733312097114,-0.11212494982820731,0.17998643523629493,-0.13852253749204202
-0.18521505991177586,0.013784597896723205,0.011423384973472672,0.13761878614714573,0.17954386007112083,0.015418176856052401,0.17199767296786223,0.09006366051993187,-0.09417634880176601,0.1713682843775705,0.06697727047274993,-0.034361626902946474,0.07209683380677229,-0.039474868902499655,-0.1543264928048163,0.0875914988707599,0.12963504486829752,0.09152247960775506,-0.10835413289732938,0.1826540053910452,-0.18989817532353764,-0.06692588104974379,-0.0959630261860418,-0.1807495089540596,-0.03770812280453262,0.0492459360651098,0.15302114539404055,0.19587588647658805,0.12323583456175924,-0.012527792514870073,0.08948177038681226,0.13744951543585632,-0.01387712143252745,0.1140217736102,-0.006939032674849299,-0.04540160364931092,0.010436335113504475,0.07034189505085797,0.09075282252743894,-0.05730549244315686,0.028528100622413927,0.16394834963217886,0.1905251600442559,-0.1091007635264182,-0.12286753371466341,0.07067425337145938,-0.03412644567062245,-0.1903110646327452,-0.06125525174108634,0.12269789738890086,0.11897077215327306,-0.002125940473367255,-0.010968826044985891,0.03180297697375098,-0.1122413157745696,0.010417449956382191,-0.19558145597734067,-0.009776178086746523,-0.06557958149976298,0.06994784236146384,0.05534143366105104,-0.04766564792687639,-0.19709080740856338,-0.09909054824201582,0.053339140075664926,-0.1710506627929982,-0.15694303126661446,0.05881400982683488,0.10230696037971693,-0.07138011679491515,-0.004130773793375259,0.17828454599346344,0.17821742487038778,-0.07699889021462797,0.12399515000683609,0.037577621122743515,0.19019379734015202,-0.008954572115561416,0.10988274720622465,0.1072548518459484,-0.0010268529467695464,0.11825204571892312,-0.09558386667720141,-0.15109878548390845,-0.029934502137873492,0.1774522626534339,0.0002978432810115117,0.05410365545877077,0.049664982363150145,-0.14697085309218783,-0.04388124704911589,0.08277558916874994,0.1887960394322905,-0.13279290468118954,-0.03582324386435348,-0.16196248007890826,-0.1030494161402976,-0.0492962626695399,0.016257299180940155,-0.10777324710436763,-0.10897493552852572
0.11113199165608151,0.18505666517875252,-0.07055481289941753,0.07519680745427204,-0.09676781545683172,0.17118090198625285,0.0691609440661593,0.12107074185502803,-0.1802583827203341,0.03940238729624984,0.011044932543352898,-0.0828012372353872,-0.09502800597707278,0.032009920926787894,0.08259425400289006,-0.18673089718592442,0.02696063276948174,-0.13181618842134857,-0.1438549074455598,0.049247795237873815,-0.07565195311301079,-0.02364790674605438,-0.05600047622409085,0.05933452806100947,-0.011952093573412453,0.18538346481517903,-0.059046896357413864,0.09611373610513407,-0.0970829729667822,0.0035012370504587387,0.021027900760782814,-0.06835628757490714,-0.011287788434948348,-0.08828854484060314,-0.19759968733040723,-0.11374067934484851,0.08002566899728025,0.10838520979415084,-0.08791885314443203,-0.036782800472771215,-0.18505373594455557,-0.10517483956092777,0.11168771334891969,0.04239450810602291,-0.11769179121825145,-0.09702320195102715,0.12672080919582407,-0.11636631882203968,-0.06633690966114753,0.06574347666185776,0.024444954283231457,-0.0156519179064743,0.1598964363918977,-0.11211581491397933,0.09656795634519993,-0.13637446375272666,0.04629353339285808,0.1482494253645253,-0.016839285808744858,0.08971780287653158,0.12815734119959526,-0.1455894300489589,0.08233075811284402,0.16793640959547051,0.030548243942217695,-0.12555110218849758,-0.14922298736442283,-0.09610586781330084,-0.158594692393327,0.005357628634018979,-0.17211812691730619,-0.11063815014550943,-0.024035822435114262,-0.010434099839191413,0.026159394058785784,0.08224598510029063,-0.181108544133813,-0.16775161912968672,-0.17565633927808771,-0.030739873814035867,-0.18326082204682628,0.09843250673253051,-0.11079992758460887,0.17568499731598347,-0.00543849796115542,-0.02146969902311935,0.1122154770558001,0.08526159355719642,0.04292361637925715,0.174058682500148,-0.03109629560516919,0.12341267030891462,-0.0479628217016726,0.13533826971844193,-0.09621014841361256,-0.08429317086558702,0.07114781360698158,-0.11491468201928146,-0.1083383251898285,-0.07789502839303411,0.07157150786415034
0.15575523696929278,0.06982706045079468,0.1311256977376501,0.017424235877787908,-0.1724307114619419,-0.15981351539659974,0.02175679134676617,-0.06887961254315617,-0.11177277054522294,-0.013497229078951678,0.06659869636172061,-0.04600322090565662,0.12101690286293665,0.09540929862855746,0.0939659528638267,0.19407587587095543,-0.08190800905134608,0.057890234536358054,0.14219133606412543,0.031809773565564387,0.11580087044615706,-0.034219125664035094,0.03619653826192187,-0.1777334428782687,0.19430704232992535,0.12000739257936693,0.14752362865257979,0.07771771125717841,-0.12557998687652022,-0.18758862303278712,0.14586264309440544,-0.04146773850555077,-0.09445404958403203,0.02466918353557776,-0.031640591009712254,0.06066639827502279,-0.006482706778194569,0.07889325617610826,0.1413693078036572,-0.1217771956176844,-0.06822684777380528,-0.025273765371744444,0.1848233792110553,-0.05386655458100589,-0.04756006016294817,0.06138900918382445,-0.0323201160440203,0.1804894982558421,0.15778750419017756,0.00536351111026917,0.057910093579139954,-0.1767877752465518,0.07829221121295926,0.0828803491796129,-0.05632028174271678,-0.11212684654989094,0.1660313607268067,-0.029318039677948937,0.06148244192068425,-0.18666848200949762,-0.03437313336926548,0.12690352440555203,-0.04496959983971399,0.04126446405475073,-0.11605767980618423,-0.03338974046417617,0.17105508722127466,0.026580699880414865,0.16077258363717262,0.16080771979581732,0.17765912016979185,0.15815666403204215,-0.19868754839587977,0.17360595663263878,-0.14501622436584946,-0.1840294995555398,-0.17784458616877888,-0.06043352192942658,0.04832163410751744,-0.039075521392401,-0.18977828614024822,-0.00940694633011413,-0.023147703091847965,0.10273970620065875,-0.08815484062982466,-0.11298753048225314,-0.09762441692934952,-0.0785040709480608,0.0396659493468666,-0.01138980581916807,-0.06524217392837683,-0.05027433668652864,-0.05163053593640954,0.18896267788412696,-0.10680120477881899,0.12722462410890345,0.08328433503527483,-0.1977719977585798,0.1972704872501952,0.10257574825342947,0.07297983454031653
-0.03787011692934508,0.02208123556571584,-0.09869164173301193,-0.18580663794172103,0.13440866337838914,0.15859379747246866,-0.13501174535430405,0.1148224383382932,0.09646106931426346,-0.1286499992255638,-0.031268478970082475,-0.03089683166635865,0.10398570332209939,0.13506436231042218,-0.16208995144345162,0.025187693961681162,0.1046993987715541,0.1144762376260634,-0.14080259022783645,0.010202057260317643,0.14302348254508118,-0.07259256936588634,-0.029953240435281137,0.12174340453453297,-0.16427219152649508,0.1437973159555913,-0.0755373133076764,-0.19941987336354916,-0.1063363419774567,-0.16419974364179743,-0.16304603720150235,0.07713429365703661,-0.11440946574437408,0.17389694519079296,0.0065778186365215985,-0.015960696818032583,-0.02628659271193934,0.07703505586865272,-0.019094894990556638,-0.1485598575099233,0.1520688722563026,-0.028641860429736543,-0.17039816972019903,0.011746394999104431,0.05893874338228133,-0.08976701433689659,0.12013616306953695,0.06791033841494548,0.060136467705773355,-0.031670018852882315,0.18476612056451513,-0.09032433282030095,0.031082200406181038,-0.07637793701095297,0.0979219011886216,-0.18088340645195145,-0.18164245284998032,0.12434438780751655,-0.026292735574531573,-0.06352797815985772,0.0430107448701354,0.08075973754758942,-0.11951946126223736,-0.1258275034381074,0.18326029910395264,0.03586572255382775,-0.043953409082292755,0.12057667786780257,0.010063583511166874,-0.10333487585016746,-0.11730587774337048,-0.04125629353207133,0.14395834410395186,-0.17542083358229643,-0.11258959969809475,0.1572607275410366,-0.15130617241229982,0.05185028730566732,-0.11459545275158996,0.04234673900475533,-0.04675833326230716,-0.15932924142760327,0.032990027021642554,0.07321709883383443,0.07210904758632114,0.054813763629083856,8.991237421832055e-05,0.007789046743730266,0.05425604392318384,0.07610374469865644,0.061950695532554056,0.03477822596538069,-0.13766440607835265,-0.1157533846028553,-0.09591039158586066,0.1678646628350009,0.10375803671878664,0.021146727814751298,-0.09917722858238127,-0.15564339070233155,0.15950369039198992
0.15706640632916685,-0.1557217617217234,0.11888666643859847,-0.021341972276034932,-0.07041322686778395,0.09564181448348286,0.04573181642429222,0.11201204303733497,-0.17026845574682517,-0.07256519201701744,-0.07227325983330571,-0.06809876308489379,0.0009919490575221734,-0.08679447876762106,-0.022246555964992115,-0.052888962753833674,0.09411841920820452,0.04140031827002005,0.06145177292692616,-0.11576644236694222,-0.06979913386924427,-0.1915338209551703,-0.15665011708273205,-0.09397830720444507,-0.17381451147919158,0.04105296014188098,0.19925204636953014,-0.1596739143738446,0.12849208506770604,-0.15247350109394114,0.06796560751857444,0.05726304122360687,0.16108677392447973,-0.15442175452779505,-0.07382221356724089,-0.16368809585812572,-0.03704666967822648,0.16463726942297796,0.11260926042474245,0.08916004017812768,0.013211001945080791,0.1533942969342092,-0.020223280703468655,-0.14012573315974472,0.13503408924831167,-0.08814466877930927,-0.1785465835902208,-0.14958478773248346,0.043623566477659276,0.042832785568469006,-0.09592673156718622,0.09087205917839164,0.10945606215981374,0.1682010504534473,0.03397499947129479,0.11176934565902913,0.10123987190865352,-0.09687638061312286,-0.07590962882493626,-0.008607041698851431,-0.1923844129883006,-0.08104089073691059,-0.01044685066230483,-0.15677228188754253,-0.14948964488994984,-0.014705305705063537,0.09238601263437246,0.13349957236827326,0.018525559001899422,-0.010100404981307542,-0.0462877726160979,-0.12282040302495752,-0.14137519887425412,0.11675858066472328,-0.013997347115065534,0.1161280981919019,0.0816332143602519,-0.12244163424664847,0.004122905684490308,-0.022393347830927723,-0.030450597563721316,0.01702841968152552,0.19283276043017517,0.12516023906829815,0.16148497265215667,-0.188144166729585,-0.14386545328299763,-0.16609453591017462,-0.09470759797388935,-0.023243003213339802,0.056821299062355834,0.0003325065146408124,0.16127356596525594,0.1759423835575455,-0.13459161952101645,0.141165168105914,-0.0073111183946796,-0.01866821147304626,0.11397573939382727,-0.1627437963820494,0.15299725096765865
0.06834534181904589,0.15010464306319915,0.19779103108304913,0.007201780942901331,-0.16269512083642843,-0.1333904548276454,-0.07055270297827604,-0.15857882314611618,0.12613673045510793,-0.08125285958689261,0.19035447520794613,0.08103657277274229,-0.13062785189777695,-0.009582941222423896,-0.013246311346671563,-0.0029953366665464443,0.01427646825717424,-0.18753076707290767,0.07452045029744936,-0.005123289884622684,0.1163861595474796,0.12613982930417222,-0.10778595120331302,-0.18063082142928888,0.08129354244492903,0.19110511538554975,-0.021336805367639572,-0.09615487616256169,-0.13733124216660764,-0.08502176104376598,-0.06883217945142009,-0.0304501026262142,0.0621628492858346,-0.09073477756790918,-0.1796092946125296,-0.050688555370912186,0.14225184646363032,-0.0006593956592464978,0.18591350309816396,0.0014486124354927132,-0.08964047323126088,-0.12267440110191417,0.07780979871423055,0.01455251431097454,0.04159957159817659,0.10205071573365249,0.0903613857059572,-0.18265467993270923,0.12102876211801128,0.013081322820684582,-0.04331658767409094,0.015007770507228152,0.044980579382930014,-0.14019747605048122,-0.03303384186942199,-0.06576551592472649,-0.05983642207278464,-0.1634660246370767,-0.13606260479990784,-0.13526717296551144,-0.05071010271134088,0.15779661794991662,-0.11758905123162294,-0.03352299693007818,-0.07535623388034485,0.11495332502053524,-0.17994942707167355,-0.12138264178564384,-0.11574338305808225,0.1971851201252925,0.028310007186521435,-0.14441669424659273,-0.09112034428937382,-0.1328711623508303,-0.15015817215222083,0.11887281136315703,-0.001698948535858058,0.052484054739512565,-0.06749950120320158,0.021478034426931775,-0.09697238699052116,-0.07678549002870608,0.060895177746693174,-0.1398599496323079,0.046888743666984756,0.14089392656925093,-0.1518307095276924,0.1589845122279916,-0.168221727880442,-0.06043630921765081,0.04420372609519782,0.023765904047414743,-0.16144357100222662,0.11956526711434123,0.18926131725810114,-0.12750868432649198,0.15805238792618514,0.022723776844700228,0.174373508498131,-0.12956561663329558,0.11680855727176981
-0.17608736982186757,0.15327857872109057,0.06966376887985348,-0.05189808643102797,-0.12381327060085995,0.1266132394268819,0.04129652855792462,-0.055833658820799464,-0.0224656700789935,0.1306170624289506,-0.06442912265725292,-0.16414692875602854,0.1645128688813891,-0.04506250413678617,-0.060644995553914616,-0.11824015244962426,0.15896902849133826,-0.11299786652486646,0.05466914720055349,0.15230600464324118,-0.18603455415871306,0.13151668212007833,-0.0357602313240902,0.06318983010608475,-0.05103817470977842,0.07820650253899758,-0.09828203417692034,-0.1912277830258415,0.17911500591518142,-0.1934528943839669,0.12963971585340284,-0.13234496267101048,-0.04311190855918884,0.12899695060242233,-0.11762713987506186,0.1462830422100143,-0.0008964243592394505,-0.053538614913089394,0.06497509869453444,-0.063444111207617,-0.06108465640145719,0.09341055637532125,-0.07606711018435686,-0.11969094065822997,0.12305845119862885,0.12214841349089273,-0.0009657185172523008,0.010662246465182046,0.07843065030705543,0.003709716704973387,-0.033184016412307005,0.19795767731869834,-0.14094382885897644,0.03709119169594427,0.1543452104302641,0.07488601647244592,0.15236931963529537,-0.06546611185813098,-0.09120280949590431,0.1405089547608419,-0.04235416952581578,0.0838729292229245,-0.1409005686343543,0.10233525015066991,0.019593059609947755,-0.09255534403581565,-0.002198414416437977,0.0787774503358814,-0.19524543646104653,0.05498682352565176,0.01663631130930976,-0.11188553290130697,0.1011924295904787,-0.07861560614671954,-0.0892556273813741,-0.011512660400270935,0.07045987136894588,0.17153839035050178,-0.14345710274715842,-0.04141275169930653,-0.17320416299494804,0.10342029898869698,-0.02090684412745572,0.08277165407527404,-0.0711222304094851,0.1377268965625294,0.01393123129604587,0.17744312872946205,-0.16847414434238633,0.0057107298168297405,0.10658209839907945,0.04006105922944586,-0.1907223438292629,0.18893547133755234,-0.08069452276964065,-0.10028885345344718,-0.005736049757368189,0.016863243009339557,0.10651525503593018,-0.042690536936404344,-0.024015849415115115
0.013983966373532386,-0.042245160103343726,0.16581923164046242,0.14050078665370086,-0.01801052196884867,-0.19992205506507316,0.16037379821171227,-0.1502653706242139,-0.10219503392238152,-0.13905548625384073,-0.12807377200759051,0.1211510151559339,0.03180057666636968,0.1824380652501394,-0.10741859507051342,-0.0057460367475064,0.190971347632988,0.1305774057099079,0.09144627164819641,-0.12440991945168323,0.10776216036388647,-0.06097395096163291,0.01221475881870307,0.04366448521581606,0.043745484609701624,0.09060938876540658,0.06468083705688221,-0.17265164827576407,-0.017061189620357103,0.06560864268799171,-0.08160280713370854,-0.07477732511344412,-0.15017298089815379,-0.03255400561005786,0.19473217372246987,-0.08587225548478505,0.012574757074439225,0.09729490111163375,-0.19460109164629175,0.16017582383931955,-0.04537992611002459,0.1476463946843929,-0.1844209364402088,-0.14173457925452967,-0.07098821820897633,-0.0618152907746885,0.13911768921120665,-0.19551955384470593,0.056444710587871816,-0.1474750255285799,0.12928626028441975,0.11142930638316495,-3.158903551975234e-05,-0.11492510979504994,0.05379815638622254,-0.13749667293694173,-0.12399048296293863,0.05067596089014309,0.19649137843544978,0.15642433490101854,0.03724294307347081,0.015414707506969494,0.1993539520032434,0.018958859053557486,-0.031953391216222427,0.1638222143101366,-0.10632628165228471,-0.16098960388127642,0.05363601374473215,-0.1616601464925004,-0.05074058521881594,-0.030569045767311787,0.019015226819693254,0.19666381829918494,-0.11160731066672769,-0.04969744859723518,-0.1471039502357368,0.04304541041329388,0.09106927292313338,-0.007169270705648462,-0.1016674926840116,0.04835530767269908,0.015663089347539794,-0.13152571063851293,-0.03772723979914788,-0.025921163345922038,0.19304710150857318,0.13971433286220875,0.0937483153094375,0.15551081020117902,0.09419376233148602,0.16136074205029333,-0.17817875404819683,-0.017573516293233393,0.09875933409673343,0.03331831864400542,-0.12993353433968535,-0.0638031653885863,-0.0728902499893235,-0.09546123472626561,-0.06274577859441358
0.005941315384448392,0.1419476099133104,0.09681306495750253,0.1340998816064935,0.15344149782523453,-0.033539817560957086,-0.061589486389301146,-0.17695064732633528,0.17219664875057372,-0.17367079282474243,0.09645420614818817,-0.048756678213765114,0.17951230979967453,-0.03215919162634839,0.12664334054188658,-0.08693806713452937,-0.08036451310246134,0.03820776395137368,0.1991930534829895,0.0070289671916785035,0.17452345455731622,0.11449993129949115,0.11834572567089396,-0.02561600434849437,-0.045383099930879744,-0.12323127676367385,0.18557650679346144,0.18375744497752805,0.09882709372407311,-0.0814990200589322,-0.10192818386308714,0.1954440969547852,-0.17338287395672902,0.1374257168565236,-0.05781679980701013,-0.03245211210911178,0.1327910594995349,-0.1637587935978568,-0.05833212859189715,0.1808097108678292,0.07962636510850257,0.10197566592235618,0.10300212038219059,-0.1757719667344222,-0.11871696269582754,-0.003494697567515276,-0.05273990700984996,-0.035635082746858615,0.11257895145026903,-0.1941283059729059,0.06419677052849548,-0.19995590727927104,-0.17477658976950253,-0.036685552064950416,0.1363794079219286,-0.14200169377421581,0.021848563651444636,0.0714020907306977,-0.10818684633113579,0.004932102107833181,0.16456291325527694,0.00489141014621311,-0.13707077528494083,0.05112571867501792,0.03688007200340562,-0.18921809608074752,-0.16376223770097337,-0.1372874579435957,-0.14548436897525205,-0.09621369177562676,-0.018357870705772827,-0.05131348084040624,0.15625995656183878,0.04484376376253482,0.15045773998473727,0.010815729967039556,-0.16405181172426403,-0.014685020373426061,0.128813018736946,-0.12235849313315678,-0.16351428849894012,-0.06822610466469597,-0.04444086774394415,-0.07749692943763825,-0.14590368575017762,-0.0996640561113142,0.07291296184084411,-0.04562859348273443,0.05301977784742229,0.01452151196749299,0.019621175943067615,-0.1005801768208816,0.008617213107272648,-0.1905621144547193,-0.027302503070029516,0.029049129275966035,-0.12720175145835627,-0.09737659750041945,-0.11218759207375224,-0.17177681789383034,-0.060857071543964
0.1915863065807758,-0.058447837414555975,-0.015785351265209746,0.061234900382550084,0.05939910046764285,0.17995799200744966,0.14302565615965007,0.1175802748420609,0.18065089031132425,-0.10769384580673136,0.04682167784871702,0.15487870668886256,0.04965526331124073,0.19096818984274783,-0.1598589144374484,-0.024267798882719877,0.1909451631634545,-0.048172788572029696,0.09582255003972173,-0.18783883956854033,0.07793484585212523,0.1738506930110314,-0.046917485923998914,-0.19148006482922822,-0.18883607824180648,0.15680932228443561,0.08900644283850473,-0.15732544630936807,-0.1781638891795214,0.1219301454461918,0.12394425312214363,-0.15179126408318042,-0.0793918384445453,0.11201042582955584,0.010164828381602542,0.18263394429011975,-0.007574941861598017,0.07078317502620501,0.003913346296633702,0.17718619827401833,-0.04053636317295645,-0.10808141792855999,-0.06934645588760274,0.14111008166609168,-0.0008245745951466488,-0.05829907859910441,0.01770400872379313,-0.14670811708926307,-0.1978562781497616,-0.0877661265226037,0.042002287913416925,0.08467230786455493,0.13064438654078664,0.17066542375778787,-0.035155061214092787,0.09620671982298185,-0.170130827920775,-0.17698800049116797,-0.15008080320553738,-0.02057236086769504,-0.11548742460050004,-0.08523002322487368,0.05915206940492107,-0.05659112847886161,0.022948623087208853,-0.0350384973053631,-0.1324122977920722,-0.17039200389764236,-0.10550740187604486,-0.17691981220358227,0.04744478395592275,0.11828704058644018,-0.06410369270503966,-0.04515557785905672,0.12647642510372265,-0.11095483505057589,-0.15233589392205032,0.00044724693243458624,0.05847606781329484,0.0398617700185917,0.08554921810967231,-0.17729952713079045,-0.02871935489665084,-0.10457179042172277,0.10364850381840968,0.14909219362413983,-0.08746570367743406,-0.1619127683722367,-0.09862881520344127,-0.15839660437643213,-0.07103113355461851,0.015279431328730275,0.1894723817592826,-0.040251898259456576,-0.11198403045815156,-0.13327930385166598,-0.1307840935445296,-0.12296092669541632,0.10490680901497884,-0.17558891542703203,0.19896108277721364
0.009074556466504458,0.01770875772033026,-0.056974448520158066,0.0761021437648482,-0.011417463647680925,-0.06837548601418009,-0.09394463851678286,0.1702604827733038,-0.08360419397903192,-0.025442696228063222,-0.05986343915341272,-0.16552846902878562,-0.12562624220709318,-0.1241992098694472,0.07745980575586192,-0.03736583601367632,0.11278702522826345,0.08358036973366278,-0.12318009344158494,0.025166768048040244,0.09716353841952113,0.0532171693902892,0.04000660323519237,0.09584435496030719,-0.17728770429747726,0.09256877894457316,-0.09093789473862866,0.028748901803741622,-0.10307800212139702,0.13552702888273505,-0.007776258279697579,0.05717648480999343,0.11763281739069126,0.15812610202854577,0.0928248388277364,-0.1404925695238377,0.14181294783431458,0.04743116634620245,0.043779903352109434,0.16853622392196865,-0.10046737773364676,-0.10416495260238667,0.005277421877984745,0.10034522661394607,-0.021103716708596343,0.053556555956960905,-0.018990110310912467,0.044154872194787476,0.12890492104548446,-0.12780932156363067,0.07815141360239364,0.11497029573527334,-0.021155437007287003,-0.07070656917285831,-0.19458227043023918,0.11884200893363744,-0.06882453638560479,-0.057076212236779916,-0.06559753476047511,-0.0005042676750647568,0.08099982928763083,0.10874525240020433,-0.04297171183873666,0.06524081401806764,0.08827370010852609,-0.08123306732904739,-0.1613514121851627,0.15786628825778498,0.07084638871263715,0.05924416355051659,-0.1764389939152088,0.1271492230015706,0.02642166243442126,0.13915376692702647,0.1898244734947046,0.18284012835209684,0.142435738556083,-0.19562105046745246,0.15429088329478263,-0.1699750744689418,0.14047758807070693,-0.08793037255535055,0.04402733541334705,-0.18477270754004815,0.10847267844729125,-0.15531755110681142,-0.035724731329691256,0.12697840093012058,0.07813959860333408,-0.19758292125677324,-0.03878706618298047,-0.1832289932141968,0.06939994432738766,0.18757939670132856,0.06210450492030367,-0.11025102755297769,-0.05790678717338396,0.19066022226338708,-0.11037903518705999,0.024611629221777065,-0.03981847652730211
0.10732611917128865,0.14695570879195485,-0.06366509025988129,0.06415854547975303,0.019619079007090923,-0.08862220397782666,-0.09122367887479932,0.015452659012921588,-0.1383988505870801,0.12432395859298861,-0.1723980643198392,-0.1621702055166735,-0.06310947642909298,-0.15276329672114666,-0.009719991497803004,-0.04012964382325185,0.08872391835428683,0.18120166208388816,0.1014234338956504,-0.12822053484775825,0.17420851418576122,-0.04314662697877311,-0.010324255629234835,-0.031369505051745794,-0.08778119068491241,0.1580177151189936,-0.06710445364135356,0.03143858787181855,-0.10398656625026792,0.11895014990807218,0.10967946381167465,-0.08147514462118242,0.07262162925738147,0.08154941323797987,0.02500456644190646,0.04023935290866806,0.02978185531631833,-0.16725423840206177,0.068106137885514,-0.01208999606452349,-0.024617087783434577,0.1439996875127203,-0.19070931461555293,-0.09947403281649794,-0.15143860006290147,-0.1858635821561097,-0.08972920092962099,0.1953905091178711,-0.0919083307169705,0.06548232791830855,-0.15268044398371142,0.040739052018892,0.19379259325532533,-0.08326499061581388,0.13923024655023314,0.1990285521466142,0.035421635488297604,-0.07623955982878586,0.06941250395966247,0.13793928250744752,-0.1314599028152087,-0.01899369446341867,-0.07232491595046361,-0.08665640121504806,0.14432850429606908,-0.031338397271264584,-0.0643694632784349,0.04140421657040547,-0.1122393681450475,-0.10804260377276842,0.008115492348601844,-0.036290908541526334,-0.08200704643107022,-0.17841954709035912,0.008309695455408633,0.12664368224043004,0.14055088211442318,-0.10582400810956792,0.03985648157899532,0.14235252378517615,-0.03650962868949409,0.1728547269230114,0.16119141165182116,-0.11674644103247625,-0.09641406683991849,-0.12782320054161245,-0.12157825941811909,0.16314483486939924,0.17245516367704922,-0.17924110352594763,0.037441342268881905,0.02569262514302864,-0.043780941310216065,0.05267903712924282,0.17894713020434005,-0.13189804691114154,-0.15183563611341777,-0.18664377166840973,-0.05446667686394263,-0.06494860916885359,-0.02767212473654243
0.0013240123523795833,0.10312959761218188,-0.04315464381699266,-0.06775475625550659,0.13075152810385077,0.13991866826146254,-0.10689361428265874,-0.07413127091547667,0.13004654836403534,-0.16823670228089407,-0.06966128784370484,-0.020659957183655514,-0.12517135391977158,-0.12803432135572074,-0.030055176794588523,0.10180868989394226,0.136093191819051,0.19169403701446935,-0.1704063799633124,-0.11332711954160293,0.10265193695367908,0.01623948242226475,-0.06892809041503273,-0.1177641355011026,-0.08780897934302079,-0.028284419879619216,-0.1291395121975869,0.1856903823507003,-0.15696462216005025,0.19423097379568766,0.13675731440026906,-0.030739352994504365,0.09592653375528404,0.0686060974785544,-0.11468523282042763,-0.06437196555242145,0.005249025122183143,0.05513767195509078,0.017157992542648604,-0.010805015597410483,-0.022739090618039942,-0.0006942002819928239,-0.026259392061611875,0.016532031018286375,0.15519411961866675,0.05313172522184467,0.08904834999541605,0.038993253492310614,0.0572070729656009,0.031339931379272074,-0.18925339112167072,0.19983935288000793,-0.18655630391484135,-0.041940796706538525,-0.15795372868042665,-0.16122861982362702,0.11741078066979344,-0.029629688256769204,0.12045548331950595,-0.0908854117276674,-0.0974148832775061,-0.09950744727421515,0.04645825056316771,0.12599975593824003,-0.01909559596990379,-0.04830044374356707,0.18943182168065975,-0.15329838559534448,-0.005346927182042993,-0.036604898727426255,-0.16074936136524387,-0.09271985516471233,-0.1886235149683552,0.15078171559318282,0.043139811596160454,0.12600739914810027,0.008621780961195924,0.03980393176875774,0.08034179112366596,0.16320465098568598,-0.1632992448696617,-0.06762064210570926,0.08361047628000018,0.1833402252005571,0.19232297139600218,0.055241203654904925,-0.12256060889805309,-0.1523164354344173,0.17841745771217016,-0.026428924214997013,-0.12207358669492607,0.17355700631104048,-0.15819029137427526,0.09182843874283003,0.05010521101733367,-0.16490613424764328,-0.06450048174422315,-0.14002772418399576,0.04179943701326452,-0.009154787329028469,-0.19828995013580364
0.19028422651356325,-0.06016614004418383,-0.09671824286518,-0.11102281768235894,-0.13647364153057287,0.19965483048660393,-0.08195621284735806,-0.037794601110287346,0.1485423664712356,0.056755001417151285,-0.05252223530189101,0.1593313743695412,0.09988968088544004,-0.10883979698332014,0.05749559783996816,0.16895939931696063,-0.0014156486198349805,0.09344496113266687,0.1884414975956637,0.07616565635808514,-0.15902452409356777,-0.10217617962748426,0.03803857493705959,-0.08977767385123757,0.18301668215565597,-0.03785918639113048,-0.017107837707053986,0.0806408373880469,0.00969989253674966,-0.047141613244492675,-0.1693448499381685,0.03857823580314554,0.14703201231761387,0.07430497670402247,-0.047401995981219136,-0.14890957415074824,0.12653527476169757,0.1766993448924819,-0.044690803681494085,0.0914568756736246,-0.03569462404369772,0.0009067755408797562,0.1345905522465639,-0.16663026311553858,0.012134139514682035,-0.11415189013151102,-0.06407762180169504,0.0577715298569097,-0.18910863506526066,0.037530039589265096,-0.08662310421850013,0.06779374432322888,-0.14336745923477834,0.09432464152647146,0.05825588790519126,0.1884967331521405,0.16449414530325923,-0.08667885472011908,-0.18907337090982523,0.062147424444703114,0.04115495560186902,-0.18902849249342157,-0.15092898831896295,0.03388068181439424,0.16473090561739678,0.16260011060536278,-0.13940597815517008,-0.04617042143790018,-0.1827188542591304,-0.012291261454828367,0.10123338386928227,0.11598908454624457,-0.00040421336137080877,-0.16165213011671264,-0.04745440992737343,0.17284078398974578,-0.10815497739211413,-0.0720982200349094,0.09873087018522836,0.09343231555437526,0.164880915209973,-0.044752523711849845,0.00583948954971647,-0.013043015511808947,0.17110086840898125,0.10773223552985395,0.13257671193353932,-0.14676069246823564,0.11673867714726399,-0.026808493577001213,-0.19066452686774116,-0.17596465890268617,0.07116317589393784,-0.05119502354161207,0.14724622928939218,0.0937092535503466,-0.19132799533321532,0.07475532473440077,-0.12305901090705751,-0.030966972518435165,0.04989408084918509
0.14908713651827715,-0.017560844643224327,0.12339618167645378,0.11318626512025315,-0.03418459485949668,0.0003920653731611379,0.08019400401992527,-0.18754062614122413,0.15632456551969842,0.10792646377507736,-0.10023364743906785,0.19247198127559023,-0.1282438589641525,0.1656346694817607,-0.07021061667075554,0.10525868406565436,-0.017449362700821952,0.09458695498000086,-0.1376867808242535,-0.09219741664540688,-0.16005687021118975,0.14605759257512124,-0.08148280489220028,0.07779049176666536,0.12808847909661125,0.1605672945517384,-0.1574811538753129,0.157205973405045,-0.12109888890771221,0.09476080463638464,0.09153960774584446,-0.19659874330361832,-0.1117504366758983,-0.0032365941340530835,-0.03198611733468715,0.16742939195384382,-0.056103652198990744,0.17479348593438493,-0.016228272642987568,0.18574115865606633,0.09494192400994445,0.13173383665286237,-0.1580492446603996,0.034456573296947124,-0.1429198560682597,-0.08095159917961037,0.04942616246690723,0.09049028187755631,-0.18432648719549968,0.012377492428945869,0.02612559451595456,-0.16846880115591956,0.0002752136803054195,0.08553691201993063,-0.17870908604978764,0.10410711052958482,0.03057060196165473,0.13329088330871636,-0.11277497085837203,0.13330947368524737,-0.16217560989301283,-0.03846812142213146,-0.1202060833901406,0.15040833291634964,0.0819679265207095,-0.18985528913570873,-0.19619065775441757,-0.08350029820733212,-0.14268675428777386,0.05212179102407832,0.06551877355302393,0.176780361464547,0.18081596981833636,0.06355868216453825,-0.19772995485891653,-0.05640083337215426,0.00525660529890648,-0.00032809739661363024,0.04133625180089068,0.1842205931219042,0.15407707678206156,-0.1564367866198047,-0.09360784344264271,0.1332437669678545,0.1297227635276828,-0.08985171035133162,0.09223521227444781,0.0688149514871429,-0.010590414012015381,-0.11941801892838827,0.1554572723576345,0.07114047372273391,-0.1324028300486501,0.0819209379363443,0.09657348783079195,0.15475211404841627,-0.11086429790322604,0.19550164216536264,-0.13864263098923152,0.040275556743833235,0.06287060210939138
-0.03241884189365579,-0.00998491649184538,0.15636403868885496,0.058109691866184754,-0.0011996167061255059,-0.14866017502659012,-0.19706494991074616,-0.1500125527392666,0.18247382699060216,0.10563471319653228,0.18684653100409915,-0.18571651611673126,0.07208816154345571,-0.18228258943863282,0.11282258754752927,-0.047619930905922286,-0.16169385595740207,0.027218656715006118,-0.08795192135944477,0.06382957674872741,0.06326990380551611,0.0820029896483011,0.1969860315111036,-0.045320916021037855,-0.013873810205959625,0.12184468041013635,0.031348009208754135,-0.18509711572488016,0.13723140810394263,-0.1794005272247836,-0.1316719454032863,-0.15916801321032514,-0.16882914684755193,-0.18972604987811592,-0.17798891441105305,-0.02302432432847601,-0.09885909200695445,-0.14938524663247252,0.06348221709061042,-0.10955523574629661,-0.19242033786207624,-0.032632086493068924,-0.07582680320867796,-0.07255822746140292,-0.02189198872737541,0.06756557089371107,0.046591648015197606,0.17490464391555022,0.007086666521008589,-0.010972036109971134,-0.11463422591324123,0.10215251553926274,-0.14368968951428612,-0.00354684407180636,-0.03147112064502222,0.06332035136176128,0.16704858798266353,0.178638236599289,-0.13288029313473665,-0.09527311269312873,0.12465412798588266,0.007311904979677125,-0.018786172657707267,0.08425018095228232,0.0407699810427887,0.18828562176853386,0.033589860915306774,-0.013610469461098701,0.017126944831270252,0.12341592667878931,0.04507002271408833,0.05881923655468707,0.18857555201463677,0.04735819377018294,-0.04788590066618409,0.07653041080511863,0.06378375879092457,-0.19446094579744724,-0.013068281285666755,0.09716144115295972,-0.0003834169115484176,0.11184845437415575,-0.019646521428954233,0.19332863905489428,-0.08284336431844452,-0.1631509567415706,-0.027995279538361062,0.016683609949567607,-0.0603625073270154,-0.10308753595281642,0.06882347655419563,-0.049149960057499165,0.05254741164025478,0.11162857943951038,0.10440105110400949,-0.04987627574572348,0.027159291580069883,-0.02013671022290303,0.14832210108386412,0.15150339191999967,-0.06250336684478527
-0.16330502084850773,-0.1329670066703922,-0.05319930314764651,0.025699981905196262,0.0627148043857717,-0.0674515814855999,0.06699964784959433,0.1750959934695024,0.06080565086758016,-0.1365739082222595,0.03186756519105102,0.016758206706793122,0.1482800443593683,-0.05987877791481028,-0.030821755977328003,0.03946362219459748,0.009770124696810184,0.08760663696206972,-0.18384440363500168,0.025406407682783932,-0.1513312427984499,-0.07391640299211147,0.06465074461295617,-0.1370343197631289,-0.07646326579814847,0.08120259313412481,0.060322097010733544,-0.1635841323161048,0.030907397396929548,-0.14109821523254423,-0.09909144851420293,-0.01631548854568851,-0.15626127068072437,0.1974587871674267,-0.13385217557839957,0.11252505137144175,0.13193553800929003,0.19778558795840057,-0.028538712859092652,0.14963780805573607,0.18301577560674043,-0.13084234204213313,-0.008225564376186961,-0.17599567245756492,0.04828960480968064,0.03256246274262656,-0.11834948613472114,0.11916110355765047,-0.18509251089458406,0.12249092965102282,-0.18934188353445305,0.06273152485454009,-0.1684921944340395,-0.09950979227507083,0.08876533972473433,-0.08783808014984529,0.004469539487093888,0.16609930780804577,-0.18014625838536868,0.1244319174942694,-0.1738912005726042,-0.14928206226532936,-0.15227235844431566,0.19764091328429045,-0.12792547226738665,0.15870473850250727,0.19637286517862168,-0.04648609183508082,0.052419417411474156,0.11163650150544502,-0.04294196726551669,-0.1352743438008771,-0.026494902482975535,0.10875505800117785,0.11230510509936126,-0.10778448313163468,-0.1300137440437014,0.1682242808401399,-0.18240038777667578,0.09389539030603478,-0.18143144582129841,0.13516002034439517,0.1621659253344408,-0.08103235030836041,-0.170425742593321,-0.007726185461028573,-0.08061478530180928,-0.033145542875848394,0.06599418139547208,-0.11606958562051323,-0.05721937219436546,0.11302499611706945,0.057504779981128684,-0.06948980353950454,0.06572064010397144,0.10612516915678666,0.03699423238111499,-0.1042012669995966,-0.1999018837952028,0.12113964279531259,0.1290534221264658
0.07904180055774479,-0.1693676274529545,0.03408891500321848,0.1284082685086429,-0.04413267195673373,-0.12079970631189836,0.03505091889658826,0.13052265092035115,-0.1804520165171738,0.038780486864294306,0.057269518135736774,0.04094681573931186,0.06001347369481941,0.05255012304166179,-0.1478384460078604,-0.10602528922043386,0.04759760211560407,-0.1929227355452917,0.05389780748929779,0.06615464951401279,-0.10433009605533661,0.039253131901255844,0.013636024289505805,-0.09572338073875448,-0.01481039525009814,0.16384981176487262,-0.02935888781604684,0.05193767075180067,-0.18585967158372232,-0.1688799546711605,-0.16747677067867262,0.11129630545057817,-0.059897242078618934,-0.10895532465367466,0.09892982738068906,-0.1320159749775302,-0.10140298997188775,-0.027627422691991643,-0.0674247723941547,0.03415688441465772,-0.06486375237006095,-0.04281934565644324,0.14515464329979438,0.15381257585120095,0.13108447632536302,0.14593237308185308,0.027891467735646824,0.05849328590055358,0.02286926662197622,0.114235233621168,0.02040019430457768,-0.1555692141796878,0.12383204818274396,0.10423406827101456,0.12812023811305012,-0.12382821464409527,-0.09135317891401318,-0.081699321094588,0.0032322144742694403,-0.1464491663346161,-0.04584729869005305,-0.12713673556838817,-0.09409491478690542,0.08255505382337092,0.14192446252691243,-0.19083765336112646,0.026358785342000146,-0.18557609517509316,-0.1659003019953799,0.08203361384564362,0.09424324260084666,0.12559226926911954,-0.010303395291878015,0.1439229928064753,-0.1332646833433503,-0.10011343454599896,-0.1461991409592115,0.11901490423275063,-0.10852995264535244,-0.13779550289668174,0.049244275035222496,-0.16916718945573025,-0.182039889111931,-0.15731294057901646,-0.19990364640513297,0.078796061688717,0.024894128685791467,-0.11604995638491045,-0.10679802080896167,0.12438743938801589,0.000728046344120159,0.07941134283269585,-0.018897819490033774,-0.1049127895916831,0.18816112027316273,0.026259025350158977,-0.14760723849283505,-0.0375639831264373,-0.06826503522123972,-0.11436501256459147,0.1733759956961038
0.152367998183901,-0.12034115339195345,-0.059140844377793295,0.10492615666832866,-0.11659758074391374,0.03662594504169778,0.07991757684992662,0.061588930284306564,0.08256345611020022,0.08267983561150516,0.18592236793957134,-0.061400444191872156,0.15143616975033586,-0.1912771749939573,-0.08471881467068672,-0.18053768720034738,0.06048158398233611,-0.1596838517073522,0.13828274546081853,0.05863667351610391,-0.18847383957855773,0.0859109461738492,0.1448139789027844,0.06444840306485977,-0.18779031362598714,0.14316781938416262,0.092985565173614,-0.048619475006406315,-0.06854789667379896,-0.008071927437023951,0.14684070037514835,-0.09917625925217699,-0.15961447550351957,0.14585454918441998,-0.18948406044771082,0.16439880889762581,-0.07770192227943973,0.00328908067530706,-0.1470817900991088,0.1609019877506741,0.09993448935376187,0.16966223464321367,0.073291620447265,-0.12612248930306957,-0.07669319880550028,-0.005260569958610656,0.04290328214408276,0.1705837749345095,-0.04641941368434441,0.08122880876285837,0.18440353956432876,-0.1390503746338188,0.1450838355118193,-0.03171757184272056,0.09296871037173471,-0.08258466450516654,-0.0664063126935994,-0.18914671005277356,0.18856166126678386,0.12538103009231377,-0.16243281682951183,0.1998035182655098,0.04200983888117657,0.14149145518575323,-0.17333569468885243,-0.04421952860323053,0.06786044892144394,-0.1574265125201194,-0.004438864538399756,-0.02292885018234339,-0.11358391021056811,-0.07989206565927912,0.18684734179799295,-0.08454060559602561,-0.11462954641263559,0.014483668427333368,0.06838321362811917,0.09003724442782596,0.10169887379876646,-0.18526700339409877,-0.04249583984817468,0.1095832319132361,0.16194084072005177,0.040880049333113316,-0.17907725859612575,-0.04134167765794752,-0.17030915365261814,0.09941514507383381,-0.17459781228733393,-0.1257075733059291,-0.033216630414090315,-0.014940653154051187,-0.03740731987399509,-0.014641341357600007,0.08529566080807993,-0.052292470817783404,0.019100183660247655,-0.07865229698850712,-0.05854900196380694,0.04551958361683234,-0.003802139345191996
0.08921451794371243,0.024215435220699882,0.12142963415354918,-0.022636714802113378,-0.0035865520532794015,0.06798853956037582,-0.11150242223518046,-0.04562818522749565,0.04993649760468313,-0.18844949229370545,-0.025211426546423332,0.03953997452244673,0.18695021279127916,0.15080662464706845,-0.08770321882293675,0.0028840416115699097,-0.1774342509359635,-0.10369823407287715,0.10994234722723606,-0.1506743950898622,-0.09692379006641737,0.17761700069432318,0.1295423201969832,0.1127310850595648,0.14582299612086275,0.0998422746329416,-0.15176551355270604,0.0066245305940925425,-0.0223024316790712,-0.07553936869184796,0.1336161638878422,-0.014344319050306531,-0.17588095945698012,-0.0900137665118927,-0.10855157678822197,0.15499155392451341,0.05897524025559997,0.02415050635283006,0.002659696671482026,0.06004521101658622,0.10195021871084992,0.021753882332603947,0.17531416606104422,0.19073366826015387,0.19813692664352922,0.06775644403545789,0.1730481867023514,-0.03820812187681813,0.14383695649895412,0.1636697194958724,0.16165618893291023,0.13233851316335266,-0.037360335343499834,-0.13643700720770627,-0.06641745746222166,0.10691542771923718,-0.1068457954680099,-0.008691174069611035,0.026159807193868817,0.04154342497515012,0.17429021935151945,0.064597208165727,0.11451952643092089,0.03275133915665335,0.13343212754478534,-0.09453455477209488,-0.11604893133248431,0.1705280195031879,0.07739235054295135,0.06861023082328843,-0.013081904548620044,-0.04932109628259579,0.02227647779145553,-0.15177346023133317,-0.018114975566756897,-0.017852918213807634,0.015334605177706073,0.05387424574688093,0.18292734639414487,0.06086765083670276,0.15349006078136462,0.022521544587665504,0.05077115305099589,-0.17206521875617217,-0.14669451084623378,0.03186817407901582,-0.04171485201678832,0.11952420794620072,0.01727114994967041,0.15291641558053515,0.18893267138491654,-0.140945925951406,-0.04206889933774938,0.06599241009521234,-0.07780449783986013,-0.09318706491140194,0.12549542425153465,0.1921513876234972,0.10952133249899254,0.009470649121645414,-0.0229955072218741
0.01585908821214596,-0.01486411912490565,0.0011552227142672122,-0.11861877978830893,0.16149677972373105,0.10181400060930729,0.07239096907728804,0.17996998838978928,-0.08624226723486479,-0.16753623564255432,0.13045546414213266,0.199366785459702,0.031372975208079745,-0.17647624483492727,0.11218721606197651,-0.17050038046166338,0.016005594503712472,-0.08898701031578918,0.16601071223695818,-0.019467514696206,0.15938533939142135,-0.08036756589817298,-0.04505496647145951,0.17884767529883222,-0.11947421962734586,0.03140046066045804,-0.04459586857595546,0.10966675402749093,-0.14828145153145705,-0.0251140123981326,0.07957305073810528,-0.03719350599753607,-0.17658730428984934,0.08204490453413754,0.0012793310739932229,-0.19547652532795978,0.04506235809134923,0.1679524090115146,-0.15558962071532442,0.03626849400366758,0.09146755270505214,-0.17169053194387784,-0.1909538167343255,-0.014321653342021096,0.11647467489374552,-0.13571223596026866,0.13465490888596915,0.06263090216943845,-0.06713068488460575,0.006330319396979783,0.1862299918906954,-0.11342521174706449,-0.00018584090238391027,0.049794622443048275,-0.1447941578097335,-0.18259116455067614,-0.1946160188274115,-0.07012285735999352,-0.17042108220605387,0.12150798101644583,0.1989278108646984,-0.1754784713062144,-0.02690948962662415,-0.1897071508069701,-0.14640364369709472,-0.07083097563573038,-0.042520714776940055,0.17591317857145605,-0.041665276497241666,-0.0014889363770391184,-0.10176665269045344,-0.1999499444973698,0.15973378269325406,-0.16731409718547807,0.18569953641449166,-0.1476623583598959,0.04195139230017611,0.1997642351426548,-0.14461416157212967,-0.03042276602407029,0.11216946758859064,-0.1871239400600127,0.07591310045601779,-0.16785066484368022,-0.10539194309070946,-0.13596953500265585,0.16293457265877448,-0.12781731328732765,-0.18382636179393713,0.03505027137910485,-0.0615276298361192,-0.03771751174345345,-0.15237490205498122,0.0992937965732778,0.0406214598574072,-0.054313182100688,-0.1313700224947456,0.03738069566822416,0.11143891180295096,-0.07504108645312205,-0.18965584658456117
-0.1142624060988064,0.07295912755713169,0.1956385509827691,-0.1946495042364894,-0.0775385751471597,-0.17519165182046448,-0.07346028489478715,-0.037634262749031505,0.16834483677850204,-0.1677756802380085,0.11085362122630799,-0.04178624157481464,0.12450513986677109,0.005360874130248522,-0.18428718446263598,0.17848235388593553,-0.1669063746261913,0.03907340101350246,0.15106710517340632,-0.16809208089992245,0.021557355366405156,0.12971595020978088,0.19452988345831834,0.08973096032560851,-0.08866624981468255,0.0798281319381638,0.08230670772305576,0.07998640484184694,0.1417041748372423,-0.16504797499220364,-0.15663206183382666,0.0562468496902232,0.18155243843927515,-0.01366454443230164,0.18422508065027005,0.1752341038064616,0.16116389529372782,0.16394038994563415,0.15932751733119443,0.1279557534156729,0.07799158344213214,-0.1902367285629567,-0.14709856313757902,-0.14630717818741315,-0.19058388628816406,-0.15331929263054533,0.1678985734268425,0.0655217147643144,-0.07517079268183102,0.117344004894672,-0.0046522052180596185,-0.1431491852336494,0.15380083249059706,-0.064535221505411,0.07954369221195767,-0.08376233580015705,2.8500269520004284e-05,0.1265010846121662,-0.13728906143025293,0.19090055809571138,-0.17191363085570954,0.013603563896201626,0.1664102077407792,0.17827755395301015,-0.1071564148480896,-0.14240600751407656,0.08976120012715638,-0.18321057268950516,-0.005904412387874286,0.11854209071727279,0.024101889806733556,-0.124794693690398,-0.005182280212014723,0.16850988657955718,0.0468851912177107,0.08859625102760793,-0.06549444813499403,-0.12460648993295292,-0.09774310804015857,0.013271037504117983,-0.08791193855571851,0.016785914970440435,0.08311677095047076,0.09375835046812059,-0.13412602413556263,0.10017233953354526,0.06907525583694363,-0.19519794665251733,-0.17645112996409967,0.05849980074415212,-0.046518440174516146,-0.14155840016973364,-0.1822413763321467,-0.13624066373102767,0.18300558572864667,0.09102625662838787,0.011082168373717532,0.1766162000218367,0.04764417507264157,0.09025807531226693,-0.08693927259765118
0.03559273743567831,-0.1426091022808639,-0.03820674192088985,-0.18670387000535596,-0.1133487649669278,-0.17005254823093013,-0.044888472197107454,0.13721406585539608,-0.048826357461978775,0.13265585039785738,0.06259932503155496,0.0038117786523311215,-0.1052433226954678,0.16886243713766097,-0.1783196764631867,0.07556520707952613,0.048495957123747546,-0.023583391097389272,-0.10387161788295787,-0.027721625261893257,0.14910909022136826,0.13470644410198168,0.17655249999081168,-0.0768827173499008,-0.04515833665245084,-0.19250953893605469,0.17717999788800326,-0.06824396327309246,-0.03833447138680271,0.16312184457895784,0.010639372066725272,0.0264698167021912,-0.12950686473963327,-0.0005359916725382052,0.16728344036350967,0.023487235243170396,-0.09795345414409679,-0.18752765434609486,-0.06547929061837282,0.029036365625783184,-0.18295468465166798,0.043917030916462485,0.009365530847245118,0.11337418766662838,-0.1884447310912153,0.112338937927495,0.008350818303242746,-0.051788266888115414,0.18615319054352963,-0.13595218110557877,0.016530047636442585,-0.07160741056300865,0.010994551518134305,0.020910181032164854,-0.1642207006300617,0.0644540587673399,0.05379259836760475,0.10778690985378558,-0.1637366025363316,-0.08109658123852488,0.060044239891240525,-0.14530766963375663,0.07103928431537693,-0.1763893156718308,-0.06602737881614892,0.13868444893300763,0.10971651615246408,0.057904286090835144,0.14818336665004045,0.08370781766888019,0.0077500420843212015,0.19188700015431465,0.0779424319157278,0.040546870725201245,-0.03645177561857413,0.16096499943162018,-0.08171636175800288,-0.19631216231563894,-0.12130379102705602,-0.15619300322305635,-0.07240249033077117,0.130351470983382,0.060611874146003,-0.13240776430651502,0.11552868843693542,0.0016879464397610844,0.005085849647318785,-0.055155127607650706,0.14584654592880936,-0.07266907845768295,-0.16234409573212455,-0.07890840241122198,0.08614141850715429,0.06303275472133152,-0.12479313857856887,-0.1552862803580232,0.06434630336069852,0.0705507342619649,-0.05354014511577174,0.13712055341163193,0.19128208151996673
-0.11774191062024185,0.03082748628241133,-0.19786146839842433,0.08522175841051494,-0.03428715457467288,-0.12269230923873407,0.10088876870575048,0.12425951902243226,-0.15553339952962508,-0.18360169526478642,-0.0663686233323531,0.050396186304414226,0.11736781087545323,0.018424998652183083,0.03229951052279226,0.11994328870115645,0.01153734968750375,0.0444617960905202,0.006486935990623721,0.15218329334708164,-0.10579335256596445,-0.09440256618379626,-0.1488154153592697,0.1277867005977687,-0.03528908377505707,-0.060842423647502475,0.1925394868348625,0.1707213465759142,0.18879507284990454,-0.14308040129652289,0.1565007252592665,-0.06851616024501941,-0.194937291915255,-0.043480665606772495,0.003678541255223877,-0.15671183057303786,0.015071046749702527,0.12778543367069262,-0.04893961966432242,-0.05894207738627913,-0.06447583190772904,0.1692377783534768,-0.18049676048392038,-0.02196954320281788,-0.09416021834011326,0.1575228101549977,-0.16157909456647845,-0.035422893327835686,-0.037273539187565735,0.15535776701880905,-0.11380262198361223,0.05795816412064447,-0.14623754924488439,0.18159028563221707,0.03720598370891434,0.050502692128268134,-0.02649063933581114,-0.0630869149334711,-0.11492942820204949,0.04159510153290355,0.1818246981392952,-0.056083618363038795,0.1532627554648217,-0.14048947486110014,0.1744504083527203,-0.059805486440769384,-0.04810911536266174,-0.014863097186268714,0.08729770797906011,0.08786137347561407,-0.008164566112133897,0.00926115972557437,-0.18799580489034354,-0.07828131937666974,-0.06159317030775621,0.023490907490303747,0.02331990694852179,0.08395991909114925,0.08681091848723238,-0.1059157103151668,0.10807486044192988,-0.19215857278148718,0.0864647538426882,-0.15917555859223076,0.09185928336848759,0.010847236227361723,-0.025098199726763137,0.0762665559045716,-0.18545166650110692,-0.11061186972976866,0.046576056987061604,0.13888616265232717,-0.04755694522195322,-0.09649541094657717,0.0074945743155977185,0.04892610095473654,-0.03195878743770142,0.15068427306390203,0.009375483544005359,-0.185670564971766,-0.11077841811752386
-0.01974118763287419,0.07909020760677332,-0.11209910248296447,0.19050297588696846,-0.0725766967247666,0.012992082744235356,-0.19241344610758354,0.15395628857232174,0.11553386141007338,-0.12181679828176294,0.17329467649593716,-0.07366409448103814,0.07687451535204681,0.12759052720663994,0.09636578449487232,0.16703311361193646,0.14570990413628343,0.19784460563664402,-0.12695543496954179,-0.07809527950931999,0.05449034697265198,0.09321887435663345,0.013842021822283668,-0.17042865404535404,0.13663809072015282,0.18434974240850882,-0.03779326246944209,-0.11007500732046159,-0.192274498015165,-0.1050803855625659,0.07996750993536889,0.16463575506909217,-0.16259477342729367,0.02130367486477197,0.07821249940473296,-0.08944767155749256,0.027958815668120807,0.08609937040230914,0.13508769725415076,-0.01900005967200763,0.09914288756758427,-0.07928681130406012,-0.11478130129113656,-0.12507450156373304,-0.05645090726970953,-0.1856481272844604,-0.08680326493390011,0.06088912977729127,0.059167618864054694,-0.1705784774034035,-0.08503375316775195,0.027823065871168673,-0.07257914499875887,-0.032804790324450606,0.08512430284630562,-0.196293268217348,-0.08944258236462779,-0.14305110248599334,-0.14895632689420332,0.18361608657889883,-0.04937586737503291,0.010835433963855945,0.09352875482785306,-0.18102101005597993,-0.10359094457692067,0.13285911493748503,0.14479624527115242,-0.05081963174367918,-0.05005536013929271,0.10275875084355274,-0.08197190930005234,-0.15316236754400078,-0.09698581990376663,-0.04506210734569005,-0.17911811616196072,-0.008527898319930088,0.09600300510911136,0.005498057792184652,-0.17124186379419723,-0.0239401474616166,0.08356184321713311,-0.17676133840392405,-0.1760611241092446,-0.05175943872760694,-0.12201441435051637,0.1739123165233682,0.03253744149589727,-0.08506984023764153,0.0819106916459803,-0.05002837945626845,-0.147153742248396,-0.10510710806256784,0.05709891378375026,-0.17924955760120334,-0.09092438398077451,-0.11667540894313017,-0.1195459557293872,0.07310496479038842,0.1303267667017458,0.08634664322570351,0.05829112632020489
0.1665807087271456,-0.17664304783028129,-0.1330067656095037,-0.03423725773178715,-0.05101934259845292,-0.03277935881479102,-0.1174180379829176,-0.14019867376790868,0.0036772989831712066,0.17122100962751746,-0.0432122150600332,-0.18265871435218878,0.08246693715580983,-0.08355803778913003,-0.10196199707804317,-0.07029679972081518,0.0895262095631505,0.12752775474812167,0.03522242693558547,-0.07100849851217936,-0.07580870675308873,-0.1502766600378148,0.17332041929407782,0.05525575958752782,-0.1892101520576544,0.06494683807467228,-0.02113863032259683,0.18902318521876776,0.12762752992256282,-0.13147369846688073,0.08804444754994656,-0.005773598465894647,-0.12518193453202875,0.07949596293197964,0.018955031477698142,-0.1878504484913718,0.05863518021153036,0.05399483594497628,-0.14236593557941496,-0.060404909201322854,0.034359588300415966,-0.14448679435730805,0.14108935113390259,-0.1890055814849185,-0.15886503401225804,-0.1535572320580464,0.011242850390022069,0.048045604867450104,-0.03850368139940538,-0.08453326893273352,0.12372695025022296,-0.17268560650943196,-0.08788325554688332,-0.1843537684784117,-0.1944439460134928,-0.0586480452271195,-0.12207053502202721,-0.0926536580647015,0.12837886298198725,-0.13480796150031144,0.11209334686072037,0.07002024925854544,-0.06942178994366693,0.01862245807051513,-0.022225756090184484,-0.14864187380093385,0.1628741286936703,0.027847187034304055,0.15209601831818198,0.12953060472531613,-0.16808962987623072,-0.11709173359261903,-0.1418955542500677,0.13231181311476753,0.14497865058208093,0.011188603923346363,-0.15832877099679724,-0.14575335258279354,0.12541952497530695,0.17167605461173213,-0.12020972595573731,-0.19554496941113078,-0.06761883793968884,-0.18780024414084748,0.13118996643121522,-0.0033950971094993676,0.05674431150520792,-0.03540604954538312,-0.06179698119500726,-0.11111983476956606,0.1082130188152583,0.07821903376621175,-0.05570840620156556,-0.07155354628032681,-0.1995028485405284,-0.17457914798181104,0.04930220995705392,0.005842924094184687,-0.026078718205991003,0.13100089632066342,0.0015592817611386478
-0.04620256743707202,-0.13549746099000604,0.12827520328584768,0.030499300048475092,-0.1630160136308971,0.05955935919883032,-0.029971701804636014,0.12455448943519837,0.16756583879839848,0.040186325270498424,0.09264512772534655,-0.17736366095913372,0.024102182000462907,0.10213599134218965,-0.0012951402087585107,0.03742003580173486,0.15957927423241774,-0.12076017118752023,-0.16070139697923524,0.07625744525580036,0.12913956220897765,0.14019607543302542,0.05665779883648814,0.13328536726832135,0.08026568228931608,-0.16504923363728372,0.10481740315399524,-0.12825612417986815,-0.10535626296361089,-0.042139749200534066,-0.07417317346946525,-0.07133930467883517,-0.1322961903183817,-0.08245158115618226,-0.1921349640096473,-0.010835621324669586,0.10743638350792273,0.1448989476899359,0.12817142358377537,-0.03341691240195471,0.09217059246554249,-0.08484369036191503,-0.17777501091295284,0.07038861015650666,0.05951846589456239,0.12065175818515023,0.04644248268115195,-0.13724335001043345,0.14126495682007928,0.05090111520748031,0.1230438796140016,0.1096428481504163,-0.08085420510996465,-0.17017881005917906,-0.12939823636416606,-0.1628550662746997,-0.10263502716794544,-0.016187090789602815,0.16272424199251317,0.14880750236825385,0.0874399260382912,-0.19035505618086962,-0.06344431947177862,0.0729393705938079,-0.14838844126437267,0.12043514000636346,0.16582947199503745,-0.058358221344869815,0.08233722474553334,-0.14071834693251467,0.07632657964521078,-0.1914178350851827,-0.13969139727555963,0.083952578643468,0.08474008915052245,0.05646508233807085,-0.009054390246318711,0.069963236468778,0.10952031931551531,0.1865926636146975,0.15545641261944199,0.11781368102644985,0.07790300668574918,0.029662218172946897,-0.1517564706592335,-0.1337772631606428,0.12811182426835982,0.12132516488288825,0.04578357038934516,-0.024463946913538648,-0.18958694007055776,-0.06912922298858246,-0.03174413697387285,-0.005673485530631794,0.17172983942448367,-0.1565162400799429,0.00754676791190817,-0.052831081216688114,0.19603924768642067,0.14474560651316215,-0.02448565830443164
0.19987824374190416,0.00562529858859856,-0.13315288136343972,0.022349876730685836,-0.10951769367854136,0.0545251360305008,0.17497606995357023,0.11447943073401129,-0.09073452383237793,-0.08125655001359716,-0.1722847187638752,-0.08565286574148906,-0.16295008012887313,-0.00022051226974287297,0.08333883179930301,0.10047246459966341,-0.1761883071007284,-0.06401764070471919,-0.08473129338102653,-0.15827987080506617,-0.05501147562719774,-0.08027195634430556,0.0537996917357107,0.15332106549348518,-0.018063311650713676,0.09866606910672743,-0.1415958531557303,0.15798655145754587,-0.13896210471396309,-0.12315952776024429,-0.1574144785649294,-0.07612819939178542,0.020964178686210422,0.1951976445625307,0.11734721386301755,-0.04782567884320721,0.03033842316142818,0.0493232123756831,0.12909088849893885,0.09458071416792019,0.027716450788456137,0.0676732108158627,0.09836704438515986,-0.14674237634663828,-0.11981781547784803,0.07543371556300671,0.14017022479505287,-0.03629508692009287,0.1919561289884824,-0.11357130693065086,-0.03332028718262445,-0.048590782614698735,0.17211837629057164,-0.0858485929709842,-0.011683688783113766,-0.12510646415386822,0.008506495424977528,0.14296166778543645,-0.07838421524377433,0.12431682886513129,0.16452463287025043,-0.17081684411417455,0.10256981452770042,-0.09786262553980368,-0.12986893498534835,0.040448956810014425,0.0822410464914799,-0.042095605705914474,-0.1843305171671238,0.16348180967871728,0.092298766738998,-0.09133327732679414,-0.0012544577021040282,-0.1888828840131688,-0.06428688727762327,0.00901409423404731,0.006889446046500047,-0.11672604879658355,0.11069894647355633,-0.08045513658934263,0.032164009271189065,-0.09139110978481009,-0.029932850805291927,-0.11699414989990792,0.053203117012815326,-0.02976625594345972,-0.1935530782048943,-0.18873400239329358,-0.011546272611431124,-0.12670965323785827,0.03401681925789696,-0.03672328729119148,0.06176793421588911,0.18095806962558064,0.011494453918101444,0.11495144143603986,0.10121639852637487,0.16871644172954608,-0.11439285310479752,0.13093078831397637,0.16220815140187472
-0.04289480762096892,-0.07447352216041275,0.1808143638713151,0.05105312885554719,-0.04772940590341265,0.11673108837265211,-0.07821043935371397,-0.1294369655720552,0.01758785431908222,0.026484817964241347,0.13029859290693524,-0.01718905799182799,0.12583461580213662,-0.07547092826066462,0.03014728087111679,-0.11661088843971368,-0.045821619633361454,0.14301587913314046,-0.11360472262569798,0.1240957851597071,-0.08685133686103752,-0.18620411212821852,-0.1560261719772615,0.09835181812831528,-0.0951716293991407,0.0616582368965089,0.0796795611028932,-0.06195261422612605,-0.010032405115543902,-0.03849316381767576,0.17893959854181357,-0.07202045505936505,-0.1266707831100157,-0.053762862849768694,0.06780628304080488,0.07894507614458612,0.16962292614400276,0.15270179395032368,-0.0846717918330898,-0.01793470041296144,0.09890759527337362,0.16661491224081004,-0.06513399485724328,-0.022223426329201657,0.15979130818144355,-0.056606450736630926,-0.007794805523305692,0.16180165648723155,0.12089728719593928,-0.10262762999607888,-0.07008197383522666,-0.05881650901626437,0.1650953893724239,0.1995734948418157,0.10960172086217596,-0.006269479002597361,-0.19593047277300843,0.07899522263918296,-0.044255534200886126,0.053194588091442174,0.04267758538497152,-0.007667177370245082,0.17775495909052919,-0.19074146185786334,0.08485299378903532,-0.03606405268018159,0.08551618019664453,0.0700878590158528,-0.19590479896960186,-0.08586460193013151,-0.12436339179848784,-0.13320545882300308,0.0913906736484531,-0.10417946036275016,-0.010104954005079658,-0.1012044018857282,0.03209352937413196,0.0882295072239872,-0.0675701045207294,0.041208339314848796,0.12994190976549563,-0.16231028593420335,0.08426823961650848,-0.07074202222584791,-0.1509400173900223,0.018261683045739524,-0.1094950722929073,0.12854471706766307,-0.18284163618756955,-0.16053884149164102,0.008398450394326767,0.035576713630782686,0.09195466580909872,-0.09629570869912248,0.1367041632853167,0.18125693590951325,-0.00038427856205455746,0.10421254598792051,0.0099393418175171,-0.17221318823511578,-0.06955539486295156
-0.165005324149194,0.1955516477020054,-0.10838963517064913,0.05436016776628749,-0.08626195922202506,0.06129848614237032,-0.11583932365180703,0.11410802636402984,-0.1556753588653458,0.15806016003611212,0.1361686770163178,0.07152293745535421,-0.17303414914286086,-0.11657238866842867,0.14374463827643041,-0.15121022627896197,-0.137627161476792,0.0176013295022083,-0.09032902413026252,-0.1111697200224282,0.030325372739272216,-0.05096932941678839,-0.1437760412921325,0.013941507018185778,-0.045195038688550904,0.09380670970950777,-0.15889782307176434,0.04824529757838952,-0.025402669222700902,-0.037575249979038355,-0.10708492479666352,-0.18782958871891556,0.13907567774585822,-0.06943596558622964,0.07243641589193883,0.17903495991068297,0.025996119232852666,-0.04114123899205349,-0.09269057346051852,0.17361751705899736,0.07283072722045714,0.06611255730262383,-0.02953666994188922,0.13801948514697226,0.08546887480379484,-0.08672669128759357,0.03983146401001919,-0.027922418159493756,-0.1973639348681148,0.12304937260071896,-0.1508678604321197,0.003981802401045675,-0.06550952276607377,-0.063164383519729,-0.009054046634476787,0.19880924160789804,-0.03664812774740969,-0.12706830807337105,0.04544253521974756,-0.1054849167841915,-0.15778034531481985,-0.17993033117362836,-0.19084749039212645,-0.027534140675574525,-0.029309688050642546,-0.1257818399688188,0.11360762150848375,-0.14829174883204851,0.166126877055721,0.03503039105730896,-0.18895344955802817,0.18518905029708665,-0.07682349618165857,-0.02001001616885864,-0.08629252280217914,0.09136851921351102,-0.005727911712184536,-0.14705081623899896,-0.1583184190562185,0.09015016532982989,-0.1051674380274914,-0.144882650144611,-0.00022896120086288163,0.12110611501452162,-0.08848690165074782,-0.0894273553196769,0.13355250410415076,-0.14086648217248696,0.04669103671461888,0.18200539319303422,0.13652125983092306,-0.17527390648810834,-0.07203564937534984,-0.14305021376295346,0.17969625507485593,0.19437662648883247,-0.10600279178398485,0.06787961793150099,0.13665269281884734,-0.10652788623420939,-0.12492774627160902
-0.1955155907010879,-0.035215017223389655,0.1597749849578866,0.16119185962253957,-0.1489027489963935,-0.11825900778864203,-0.03678106762618655,0.11224981806548079,0.04474059341269143,0.005539897408086553,0.03677275368904126,-0.16152012247908135,-0.008934543098037206,0.19682531581565138,-0.1646215412243649,0.007698671053954553,-0.08174029533705017,0.015965318744783602,0.029527504013498657,0.03098915924779036,0.14088351412435468,-0.04410103413053562,0.006541665066598368,-0.1956286404129006,0.11582024063190671,-0.09620491704965883,0.12662200961620657,-0.09374453344787313,-0.1956846014950031,-0.13806747272262132,0.19427316102886721,-0.07207950162080459,-0.15647043919490114,-0.1524964785496998,-0.07586291437711049,-0.1849419835532948,0.004595435248781504,-0.11450363380427193,0.007724256558748893,-0.14369431252031195,-0.028057108393003072,0.0391667433604978,-0.17520002466475681,-0.04050027629957659,-0.0789904716041249,-0.10385607340454639,0.041813850433798594,0.0354167943061629,0.052279922671077395,-0.13644693182699147,-0.08571630205506892,-0.11612848880196852,0.016201441999136756,-0.015573724316153476,-0.06788250496289999,0.11440592354737328,-0.16241050223664688,0.18995867550225687,-0.15338236887387252,0.10922832502734775,-0.05270792433566726,0.14610489165272228,-0.1703320204863352,-0.05011131592306489,-0.06582263739990549,0.19726281529021417,0.19421959795585025,-0.12407841653344481,0.051978784279335555,0.014207767964376089,-0.13825060350370452,-0.13288811755823077,0.1957006913918219,-0.018908002551626918,-0.1496794831999706,-0.1140839845042983,-0.09266077310058014,0.004366905327447712,-0.06578074819747629,-0.017995285644031606,-0.13340017955945493,-0.06930852376499752,-0.1718733629128984,0.15588410939033953,-0.12049900913256871,0.10276005417149553,-0.0601792847186616,-0.010241072424082676,-0.08349558421550927,0.07857650844294795,0.137818567709883,-0.08549192610416477,-0.10311294253456303,0.07257610618555876,-0.12193877577291166,0.05593590624390893,-0.1622287681225458,0.04805486398427489,0.005362693604173241,-0.15443771376947668,0.05964145394583992
-0.02137713718636966,-0.11315397967316572,-0.05864633771912908,-0.0031591577444281538,-0.16337830909424722,0.18304379325134174,0.06622486248484849,-0.15898600748492162,0.12914487373138378,-0.07097802762154184,0.03871981468527355,-0.0891428633681707,0.0933623779658429,0.08920359000004091,0.02081738274896719,-0.10362976301136878,-0.09851847699514181,-0.04685488132202281,-0.1419951330414859,-0.06493771472363058,0.07374184049932497,0.1323381120237685,-0.06696708380265545,-0.10656389669825442,0.13305703133405372,0.1562816109543685,-0.03599139067517426,-0.18923833846014648,0.07798464835766078,0.1136132944732518,-0.19279029873422393,0.038012341336605276,0.03534750329767,-0.04851683650083438,0.0999069303403351,-0.028728384754255737,0.07071038071654562,0.006846921854060772,-0.10061415811886243,0.0426003452040527,0.09476339793833666,0.18956226937480147,-0.0479564212790346,-0.17421098213345956,0.19518848848854076,0.0495226637702145,0.1785801832643077,-0.15846916559555227,-0.06318646405181694,-0.14642532045091028,0.1342040618328238,0.15213709657172647,0.0005246799500081833,-0.12535751293518782,-0.14915241238411658,0.03526564403208271,0.002550529834120241,0.07791564094706704,-0.07791709495200352,-0.0390528019902551,-0.19145557045953707,0.04405721803021159,-0.03074259146140887,0.16790585352537918,0.05671451908192193,-0.04052220342012247,-0.09456432765065986,0.16211397704305552,-0.1934939703530227,-0.06923501309904312,0.177402233515214,0.06161320279262961,0.013087628513319627,-0.11858611283182903,0.13334990970175487,-0.11832037496288957,-0.10069858739150002,-0.12325954285125791,-0.13674021577219123,0.18132499839152116,0.04081263845652336,0.05513485280403757,0.18173018627151344,-0.10776997794977494,-0.19763298456092318,0.03955345982811648,0.0031379412896634373,-0.008939849040682374,-0.17524791550152036,-0.018226053370086204,-0.08497617396372044,-0.09017412911027477,-0.11104736792836288,-0.0669886560981717,-0.05874676994263503,-0.07648968945520102,0.1915010862878036,0.1730924342037949,0.029804039809944893,0.19242193536412394,0.19647920412767605
-0.05762411599307901,-0.021924981704102203,0.18362471079386622,0.04345047971947463,-0.114828366865091,0.07575226733460017,-0.117701527181565,-0.06425690253126168,-0.10897593476185939,-0.10200791362646311,-0.19813776737328712,0.15228353287978075,-0.08160380188968248,-0.16545024819088222,-0.1652050377275646,0.022407310584380863,0.19716822021357489,-0.14199101309192336,-0.16015128762013622,-0.02467844783916373,0.025332501536318164,-0.08224785644882382,-0.07899116299445344,-0.03020939926042021,-0.07434175393975759,0.1661326334274067,-0.18321817148374842,-0.10617193605189015,0.12342111849096854,0.13358324986598274,-0.15537796841431956,0.1895053800050867,0.07734193995964356,-0.09096277760656175,-0.017584854074218198,-0.08114455217281313,-0.13999110005823226,-0.08352877410043394,0.03203677499584737,0.1303878779341875,-0.05458837004416914,-0.060839383780863315,-0.012799719567470946,0.057822239985738544,0.10064650497292371,-0.06928019808021046,0.03454098713005557,-0.044255663487647035,0.0865599401453544,-0.13413003179319166,-0.09723005397948158,-0.029575832062900098,0.1557659159685471,0.029330315740276086,0.18615844759256467,-0.15868892588756647,-0.01592983453962607,-0.03236858798184633,0.04008247056238737,0.12478584348303129,0.1365792102332241,0.0680778434822033,0.05661454569822144,0.179611816817923,-0.04652503934463015,0.1331133256753953,0.16860149083691767,-0.0033843022939212264,0.09164103144132013,-0.04919205733163756,-0.13644839432183836,0.0346015525889701,-0.12141133966018725,-0.016960347678452392,0.1491517253313333,-0.16559272497452782,-0.18782858573414016,0.04259113895275504,-0.06757546936204198,-0.032824917229633904,-0.03771576453666739,-0.16535190839617459,-0.19857342692816218,0.15936929714570575,-0.11288057563850146,-0.02956840325428467,0.18877031866843147,0.1307050327934609,-0.15682765789491915,0.0034076126450342803,0.09203161059800641,0.07935711399968498,0.10433674096178808,-0.017018138044785885,-0.1296308282678872,-0.014051022432250926,0.05915489966931681,0.043436834642067185,-0.17179117848455705,-0.1740190263671233,0.18610313246208476
-0.13927781798409158,-0.08221501439531123,0.10705379286246619,-0.036129169670730044,-0.12741405869598693,-0.013107047076087397,0.02757998830534633,-0.01889335628876973,0.1675784301888436,-0.08612028196019827,0.06453286427986837,-0.15508211143604092,-0.04308581693438937,0.09639730063398944,-0.11007322376421383,0.03590841826176505,-0.13862518831637588,-0.15891932345545157,0.00929309957001706,0.07000439843441147,-0.15465317350620664,0.16711050094916602,-0.10969109492101325,-0.15200987673628,-0.11892043665991579,-0.13217101738726322,-0.16373013975482043,0.11913569391148299,-0.0017848901023556074,-0.044592223848526874,0.18025117079365327,-0.05159664517408369,-0.13321090958112425,-0.0903828432293615,-0.10441338656456144,-0.0005034881746780739,-0.08339795041817043,0.006424468874544731,0.06771736997871558,0.11091951428530317,0.08406311250689236,-0.11776371341745562,-0.1536401123028985,0.016980063640500365,-0.12043528351674193,-0.1660265112913947,0.010837737191766866,-0.06928232595688183,0.10245960477540156,-0.07432334778063279,0.19148685482232553,0.10340927650428328,-0.17692271140445515,0.0035490961425104772,0.02504820048564413,0.07812108427263909,-0.0008812811864967185,-0.0066225606341707155,-0.052824555328954886,-0.0914154464403305,0.17848008479069377,-0.07296133214625122,-0.17463147016786773,-0.13308610428263512,0.1429106544165159,0.03465338364935358,0.11151221975082626,0.12351261845587774,0.1292945756844293,0.020245483097843492,-0.12915176172035805,-0.14070689910554332,0.02959376815004497,-0.05339425852572943,0.02321929649830695,-0.0006088623048540742,0.04087923187901937,-0.18715528370537388,-0.18686532774795067,0.08863806833940352,-0.12274910247091207,0.06087938487682254,0.0186303643165818,0.19271778856184935,0.13416235155322492,-0.03474619146746022,0.04656512803726601,-0.1530842171098112,-0.0454455828150476,0.09355509643594973,0.04906863365146147,-0.006211470249056855,-0.12938835837893237,0.12125837046301785,-0.09073335823536924,0.1281916326647638,0.04464362511799741,-0.05090742882048502,-0.1837579112160034,-0.10703246226224926,0.1556283701952656
0.127189737558287,0.029941325173639177,-0.013471014415149224,0.058857071732043686,-0.013500748862679407,0.057721936287656095,-0.07703836013593685,0.1353988871645901,0.08076715738610668,-0.06800974862892328,0.13226644592937647,-0.005062987658728424,-0.1301444541050154,-0.16891501519858934,0.07984229905488816,0.14604832168320425,0.12297679543781748,0.06226041208886074,-0.1434499777580928,-0.1623823696093386,-0.061988150795309865,0.14196435615950753,0.1846945081226657,-0.1034556580611715,0.10483826823268799,0.029547686762882275,-0.18727705316882293,0.01716653997317591,0.12237616119574207,-0.0895508866623894,0.15894464958818438,-0.10549583725014525,-0.1694107469423783,-0.1360242762241744,0.13480114748836736,-0.03307763238418868,0.11877822544866307,0.012493224395838054,-0.0077763500822274345,0.12276526059698617,-0.030604955315049642,0.12081309242654731,-0.15973513401462178,0.05452432621570258,0.08103482262079387,0.15963895845669707,-0.11027043251352203,0.041687952037140624,-0.026697374524310785,-0.04689133778238838,-0.15731457791521702,-0.1463066677620231,0.13479538457905854,0.09990137293022483,-0.04706354788355979,0.13139463255585232,-0.16769352607056864,0.04990956681326747,0.14727042108571536,0.13554569241249975,-0.05088689602325608,0.09809354122279562,-0.02901274179204899,0.13605526575597976,0.012304780062009218,0.10594281964201646,-0.1685713670833313,0.03601038864354514,0.020113670987735477,0.043990688694064056,0.07825664316623604,0.1672435880136568,0.11427283271041244,-0.11214480342603812,0.13035850771683843,-0.15116812895396176,0.04887943427002783,0.15310152329837728,-0.15955117831403842,0.1398770613241042,0.11944829369209825,0.0015101735356282953,-0.07644095908183837,-0.03782470877138247,0.1874632542800847,-0.11932097753926146,0.031841715131958104,-0.16670370084852648,-0.11284277432433112,0.10532655522980827,-0.07896038385578913,0.19430642822509386,0.0003268172375359979,0.00661573012309713,-0.1854741042657059,0.18261069983090644,-0.13030662364623283,0.015336239524177037,-0.04173015601650737,-0.033766119702157704,0.05732006641444337
0.06483547083699098,-0.13828455405676127,-0.00016533875124311037,0.1161909796567428,-0.02268540657910817,-0.13367821166936794,-0.07471322273732373,-0.11504817435797193,-0.1496730128340652,-0.04896754902585848,0.016374497279230044,-0.1708993898893473,0.041529348891273354,0.197209776067843,0.18564997280803347,0.13166939279966355,-0.09346355487903879,-0.1910369614082531,0.13341668115314043,-0.1777119072085147,-0.11774876741169185,0.017781286178713746,-0.12864878434254257,0.1335153325194568,0.11086387850393165,0.10230780229489994,0.12645104635903065,-0.11211928789415518,0.09155695045989976,-0.05788739896329412,0.06673790382735978,-0.1511913085475301,0.08223463202580594,0.18884309116031184,-0.1825598538725135,-0.16246843953316611,-0.15054529306479447,-0.02777443802347951,-0.08368792602677853,0.1227680614162775,-0.010485104319615385,-0.006185062924579043,0.0868152405301415,-0.055212406985701706,-0.0587171010318146,0.1027705550509922,0.1120166983347059,-0.1942404909868722,-0.1424838096637068,-0.11476072754060809,-0.05935981249684949,-0.08342076662721878,0.0674080193553106,0.13125409352118328,-0.12316520705759033,0.025192024240779348,-0.05287349956758561,0.0023111500184247458,0.048303136713357564,0.15743992747280444,-0.12308293286908772,-0.16519736517757588,0.05088476761814098,-0.0423476604909494,-0.13483892268280456,-0.15316513305806212,0.02356391474961192,-0.07981176218872177,0.19897055183439116,-0.03763967226771442,-0.11508535649392693,0.051539618046911095,-0.10229804412379724,-0.002365582707535563,-0.006969526511597046,-0.01857694811370511,0.11843427850783,-0.11335479941352644,0.16172292202818805,0.11653620128541375,-0.0667510543026705,-0.12775899748794461,-0.0881859901973035,-0.06694550123636867,0.022773267522818663,-0.18145273247453997,0.16574365194082125,-0.16053005733555561,-0.08829064235998607,-0.15628502481881337,-0.09733086938973595,0.13506952744352335,0.046070324553296904,-0.10907070996420774,0.14870341191973507,0.1202848236873939,0.10145971292863226,0.13905307935428518,0.04785987260732605,0.0005749440844929343,-0.050425989531444254
-0.11049439183692066,0.02296466305875794,0.15579693828563534,0.037592715596930004,0.16784274468825472,-0.05723305216273458,0.07805518901099906,0.059466188985056456,0.06817353762509676,0.058016804896317054,-0.1113381300251533,-0.14256364068674043,0.19145130249282344,-0.18188194846299954,-0.012905405188691876,-0.029967873143255247,-0.05599241671396951,0.11279354143068382,0.09814011532500638,0.16208996941197612,-0.04180498952523112,0.02567181117178388,0.15692281893684829,0.19753922514215377,0.18771774494614196,0.08713754850749367,-0.14270897687592818,-0.19072559528278937,0.13008734256117677,0.13637680979673017,0.09854436330538785,-0.08803060560031195,0.055927143839410665,-0.07350062327389031,-0.01974070155963012,-0.047025966007795794,0.16545603471602227,-0.10633706770244977,0.031044361829500072,-0.05560738838645635,0.06522844476569029,0.025825256470989988,0.16959107254637623,-0.15935513931951473,-0.11174366409729464,0.10653918553242236,-0.052485264042062635,-0.13368648550851042,0.001328503698155098,0.0608568246445545,-0.18206931433860057,-0.08335124425302212,0.12376901507841714,0.00809782664407771,-0.18584831393067203,-0.08721959789011967,0.055656262391768574,-0.12025621216879011,0.13095656248776572,0.07063036283346569,-0.011448375620882745,0.16624951242671399,-0.043279691630135314,-0.1059706357743659,0.06456119701068036,0.02931807498805941,-0.06590083962750995,-0.06253417547040915,-0.040715876546359275,-0.0835445730082523,0.08409656254436898,0.06054336202048216,-0.02368893898144292,-0.04085812968830513,-0.05397949225611795,-0.08661267144309859,-0.16572133473717626,-0.09271812579099979,-0.071519460522774,0.01907360250613732,0.10951540363121992,-0.04171914206638733,0.17790276234083674,0.13093998537646495,0.19392073915349806,0.15048121641659268,0.046690379723751674,0.03939171512668754,-0.14818954929831318,0.08895969955662708,0.04008274303706855,0.002772841358393896,0.07731474902291546,-0.02238086286480251,0.009543864963314469,-0.04065907807869745,0.08694835734827594,0.15064438821915527,0.13633797565304107,0.11441010881978753,-0.19448491818217964
0.16475218555098375,-0.09004971171064242,0.15518957718535037,-0.1212127587642494,-0.02414169943010508,0.09975951773076547,0.05611157811086903,-0.033631224788228054,0.07144954269611137,0.019579804018655805,-0.0897054773457871,0.05853177819885591,-0.11830116546219066,0.07759531370366618,-0.19875564895070288,0.019509005504707883,-0.0395729489775436,-0.07875849047922108,0.006283186893855014,0.05812465301435521,0.186124906485386,0.1332257959552391,0.0868599532335243,-0.008413235328341429,-0.043142352134258294,-0.18698813816560111,-0.056361238776380745,0.13935085546904663,-0.04639016720948402,-0.015366000375141409,-0.0912662303900381,-0.09034689647465331,-0.17525129564330066,0.04552157024792031,-0.020772238781861463,0.042384322996317836,0.01875476001154111,0.11953783491886993,0.10040476492458911,0.10858154125515179,-0.00030439722332978314,-0.0584474594584278,0.1733746362131811,-0.17829209051337844,-0.13895147685990789,-0.032160363129344116,0.04558306102720447,-0.19671985007731135,0.08772912772445679,0.023490617115965895,-0.006118896529229895,-0.030601984468852705,0.007794812696249792,-0.13528570620730096,-0.156515304289207,-0.08414500849926464,0.08380191679412985,0.035315153534198535,-0.007950792952394925,0.02860838635838414,0.023703205215737266,-0.07718322980402986,-0.16101762110210968,0.15871294746522024,0.039964505049565835,0.07909919987234065,-0.014401110253217941,0.10259223199062506,0.033798905591466866,-0.1784795511611239,0.15603881415747645,-0.07778554128484526,-0.14484368903146583,-0.1647835969182737,0.08817612553684434,0.08158734672174395,0.08006484992530827,0.1663011090726264,-0.06042279120093941,0.02445322254356927,0.04779823319773979,0.19179273142658504,-0.07506154251256328,0.18253247996157618,-0.14050626676704747,0.10560058241113679,0.05315436000816509,0.12675841490879497,-0.18852577054406117,-0.16874758282437768,-0.17212168817234166,0.037183782198915105,0.04117442703021518,0.1624419557419905,-0.01295859419262202,-0.17278037799801443,-0.11618823935099383,-0.19677076207286284,0.11068581005136202,0.1262397747523098,0.19917616651365438
-0.03512222037876228,-0.192280649839363,-0.10610804740385112,0.03510754706531832,0.18477718682109456,-0.1585685794116823,-0.1513707919357029,0.08070359411157718,0.06688282200861984,-0.09979745787526678,0.12525791640580758,-0.14848849780901474,0.17029673791070393,-0.11958722786703145,-0.16745905091079802,-0.06419116541045816,-0.12486348458618202,0.010776490014413165,0.07473861494869044,-0.003631368608683516,0.06424293272439108,-0.05403179424000623,-0.188830961104544,0.18962564969005963,0.12776540181599816,-0.1706324703661488,-0.020329441537466242,0.054007628028749866,-0.12376229177094485,0.031195444545108586,0.013459447247074818,-0.1166939245861181,-0.1435158762890187,0.103584915847455,-0.07096542154014651,-0.10238378646310267,0.09515134112239548,0.09442747680919278,-0.08943933746550835,0.1490273845007415,0.07530006602893696,-0.06169431287138477,-0.02900413992613643,0.09068387437224712,-0.11536646684180321,-0.012495683009910385,0.06142333690323987,0.015799419203485293,0.04333133836179731,0.01848499979071186,-0.12030902248399196,-0.03591786201095143,0.012794198191018291,0.11202509693837842,0.06156169486781704,-0.029363621925626082,0.18975993286365822,-0.15688179132810995,-0.11727805257801266,-0.06347495598733441,-0.10857116920483595,0.05017679872240455,-0.1841797082654979,-0.12902528629063365,-0.08266110493655826,0.07333831003172658,0.15034595303245124,0.11939670822122178,-0.12716762669989806,0.026162303376427637,-0.18799094186212512,-0.07578528985885553,0.12239351793133069,-0.017333714502664188,-0.14002347108966617,-0.024578647404674914,-0.12078682981510869,-0.042723416854414886,-0.004866610900862656,-0.06017675499558864,0.17478758017354434,0.025012119022552792,0.13715706957875867,0.10429141882223208,0.06446652370711059,-0.0012445006789671142,-0.199130486487365,0.045387040220833536,-0.05761701879900091,-0.1528951332794725,-0.02214949455516893,0.09422132891332191,0.1846711178794816,-0.050358043551167214,0.01708931948199069,0.14049775334543402,-0.0664002320199941,-0.14309710201167386,-0.08724726750692438,0.15964913192335523,-0.13624275661526491
-0.06831157559728718,-0.014143875799863759,0.13884528939636803,0.17508531346118988,-0.02967587614669806,0.17278161934140623,-0.13541636205689817,-0.13725908324145186,0.17970032785391915,0.0038720534113324823,-0.12563686585841843,-0.004803851769775269,0.11328446215162064,0.13076814628940947,0.14558770265969695,0.027828361234967403,0.14677840574715212,0.004012083521301862,0.04282396095643093,0.1034879209086581,-0.029825882915796603,-0.1705674051444901,-0.05993345725692098,0.04957768671838414,-0.12306705214420927,-0.140645854600144,-0.08276778216342495,-0.18715541508887146,0.09736915923476791,-0.09651375912466449,-0.1503046413453602,0.07965176638537408,0.13717120501731517,-0.19204976165528864,-0.10656009170351007,0.17809292994783338,-0.04589834562688991,0.1754368253527725,-0.09031498465172905,-0.1127729457712272,-0.11435663530880165,-0.1659085358300247,0.15857291540365026,0.19193400905316044,0.18180352290865515,0.1408112559309096,0.1387551630603901,0.06443418686759506,0.1304854847802454,-0.1166630542627809,-0.044834947845148576,0.05633451731789918,0.14990853302463852,0.06418778494751348,0.13560878333368237,-0.010420193660281019,0.08692149508201774,0.19199232255003468,-0.13860457714809693,0.170768276926356,0.008945579136761111,0.057287212292023215,0.15114760276420508,-0.03613833097907321,-0.03252297004397975,0.010872734538840134,-0.19235916620125978,-0.0013335276226596748,-0.08356509400230788,0.17118167295671255,-0.1649058804987875,-0.016271815192079264,0.17898726815094435,0.16041410012739105,0.08053937694982005,0.03574442079842988,-0.08770762514686395,-0.0532171548990181,-0.16394605409834911,0.11444331910329508,-0.07045209283847531,0.06711275961208296,-0.05696208912055464,-0.014267823441494937,0.022000988950557993,0.12074096335624146,-0.11553744898372785,-0.04049384526805744,-0.14796737124327297,-0.1696957980314963,0.041869742467516735,-0.12436358225643894,-0.1760802632295605,0.15883917248256219,0.013725767914158332,-0.14614871703880616,-0.17862954902098013,-0.15205597863453757,-0.011465103871754367,0.06738610206755913,0.056512029994418234
-0.1422307654942006,0.05339558073508355,-0.03805375031296024,-0.014102486280213988,0.12057216249812686,-0.06700025092814466,-0.1412003811346585,0.1493812534265362,-0.11514776965346481,-0.08238805177814293,0.08263602356104893,0.07342012682304289,0.12016000851353148,-0.1264533434208236,-0.05908804267431869,-0.14964670441749559,0.0164156588674417,-0.08297176298451953,0.07557425640342508,-0.19986225280618358,-0.1761268006161683,-0.026975879792262653,0.1832736623902274,0.15634055494367316,0.1976036112247933,-0.033267910054382066,-0.18137260549049938,-0.07761754319209505,0.0703083408695806,-0.1459344760930339,-0.08001112849599959,-0.17753353418205653,-0.010013184643906298,-0.11643172892196484,-0.16350078924039907,-0.03551367620700838,-0.05950983825033804,0.015007094778196922,0.09961546212545563,-0.15497250542939792,0.1164502360840034,-0.18948400804992796,-0.02275923900166088,0.03497211475435277,0.18279946925591906,0.02956921074785987,-0.13650032269144458,0.007016722137563658,-0.041686421123433515,-0.008257772959902543,-0.12116119413636511,0.0003308169245087311,-0.13998409428364927,0.09761723227634794,0.037562504090239146,-0.16858892336328668,0.15584578717159192,0.046551841846255326,-0.07355717794886743,-0.1817430401890759,0.05289067830865324,-0.05062389546066526,0.16304724195139503,-0.1860488669143302,-0.18435902586310268,0.1797197147627742,0.18594957827180253,-0.18890310929094456,0.08641329397653102,-0.11140205906846382,0.08055710651442899,0.14749311866319348,-0.15966740845508987,-0.1044934332951832,-0.19036893266940208,-0.1824680618222237,-0.18815285671289034,0.12027294257056581,-0.08068292862768933,-0.0027154241712043503,0.11513770543880653,-0.002022534917312774,-0.028321574950161577,-0.1953707174042165,0.027215801014702473,-0.15010276874516545,0.1058592963164105,-0.09690491047399218,0.06967496432346204,0.05848941112987177,0.04667024117200805,-0.09321919698512296,-0.09316408912977275,0.14521921737653198,-0.19487706694782922,-0.12739094661841682,0.04406836705679401,0.1268185017612679,-0.05666179653085654,0.06137738344432003,0.02286256784809454
-0.17418395820718585,0.048700078772271255,0.12556138890899743,0.19697932811976376,-0.18814397093931087,0.06402326903354721,-0.03418017874081514,-0.1960848445175179,0.04574437748340454,-0.1510290805777458,-0.04857325992434536,-0.09545316300463909,-0.055534639091560284,-0.002921767399620162,-0.05631618700419422,0.021092748235815695,-0.1045401239068585,0.05414470697135265,0.14150520164994135,-0.11037318123391504,0.0031508863422489986,0.059475913819955484,0.025850452485366437,-0.053740221523109616,0.05687988320229931,-0.18870151751596953,-0.0520375072014268,0.013044885856401262,-0.19175473646565414,0.003059531873719934,0.06170178430625134,0.10368307908521807,-0.15465036743622784,0.19622594995667797,0.04246708053403822,-0.054722482955068014,-0.10036285821731449,0.029158744673365822,0.15268465886662835,0.008226158456545896,0.06458882224198409,-0.05692142418377594,-0.044739084764410963,-0.08552995769124322,0.08225491774729587,-0.05632497863337399,-0.1237134383835043,-0.05223977153350484,0.14153088313310253,0.09530081743076935,-0.06614366221457443,0.16272358593468095,-0.17006694595301322,-0.1800984834345427,-0.1490118580859035,-0.15341809765655878,-0.16486627399506382,0.06453704479919697,0.04033695186216954,0.05904220423268586,0.07534642166481198,0.10275190099227194,-0.11712922900543586,0.04892140529391992,0.03201946373454931,0.17746401032138953,-0.10705291030414057,-0.17651082625026746,0.061398027885817275,0.0960691360946847,-0.08672159767697973,0.02833937237586759,-0.17618557378633978,0.18401793646731562,-0.15603001068033256,-0.17297178553920173,-0.1823559362021524,-0.02909123739865893,-0.161136102617124,0.09785929638223012,0.15954966425056227,-0.09591242707005719,0.051509247700559535,-0.1830646211952729,-0.04537421132288183,-0.08282315462890866,-0.10855236142385648,0.05788939585147962,-0.1479088214565855,0.14428420931879538,0.06593436254749385,0.08429407147522322,0.17413772346306727,0.1769491486010059,0.020660929527694327,-0.0018480730856078043,-0.06584735670923597,0.0862286440809873,0.015283554791925169,0.17315003189604988,-0.10454962051495786
-0.0758989254998037,-0.0735638210320125,0.12239938182268284,-0.16038386726313908,-0.017740351604408122,-0.02896770521078107,-0.17074415159449657,-0.03568120058226115,0.005351193313592517,-0.1739581229980347,0.003944851377866959,0.18369516187336044,0.1915657292646129,0.012671911435924471,0.006038773041183582,-0.08579673343344343,0.19884618868484066,-0.09030833158990959,-0.018839479824017458,-0.1988263768789294,-0.060307083636345266,-0.17142387975647044,0.09752990815405294,0.0244057812119729,0.028868750915062608,-0.08539548564011881,0.12595851610118947,-0.19869162986749994,-0.06655952833432319,0.06379899618354712,0.1631690149667684,-0.10615361722990678,0.016440020690967228,0.015196568213328432,0.14966974761747992,-0.17979324417606307,-0.030209775571717085,-0.1270137300832274,-0.1913869598805608,-0.14118762379180688,0.19058826913927968,-0.11406059619189285,0.17401230933432,-0.11789826294762334,0.17251809095379378,0.06184837408012578,-0.1547125689992293,0.032766062050631095,-0.07259438498388857,-0.046738737608771924,-0.02393161686601078,-0.03091719098786619,0.06564355619321155,0.10734722743630526,-0.06832892431955148,0.16974558467427592,0.17538652560755058,-0.18372382513954266,-0.1940364844467926,-0.029973467939575615,0.036258100395063414,-0.08883810101917536,-0.09623449956569026,0.07133353188367625,0.04068171386222791,-0.13314125000275615,0.15380038530606355,0.07199042806442796,-0.05496950033239667,0.07344987599646002,-0.15493876529287365,-0.012697550170377575,-0.1324062361761763,-0.18342750154862536,-0.0646694918846801,-0.13970580660768672,0.053407182781529894,0.0696271576070841,-0.14052307750935866,-0.1901547977586295,0.11712422465406419,-0.1991771917085751,-0.06243476432648451,-0.002166680781732072,0.12745687541537315,0.13542345709845627,0.08997577624418218,-0.10112095098404086,0.08807477372766831,-0.10138432084922333,-0.11415672330731935,0.018851181692212948,0.071541777533625,-0.17877929363532777,-0.17599095955015664,0.11366827472671592,0.14379890038619192,0.04177636653675759,-0.02846879611724562,0.13812659183967435,0.09152681311013205
0.03183767937250742,-0.07209715122049465,-0.1208019753372735,-0.03253078429139372,-0.08527096961591539,-0.06429656490621563,0.006252422124812973,-0.1323624172193561,0.12247067202953021,-0.14178821531409302,-0.007602544231619046,0.09838853523217461,-0.005991716924161505,-0.055591174564544515,-0.010043477670899609,0.13946827954965618,0.19617267931358306,0.05245731571577422,0.1173776170594803,-0.19420452553628453,0.15214576380982908,0.18161990397116728,0.030067736703028203,0.10152194482408794,0.005097897184029948,-0.08551850381776412,0.14089918879320512,0.03873468479837672,0.03175323351656281,0.06365288153648258,0.14240126633153938,0.09276245030838576,-0.11555032231370191,-0.01327058223707217,0.1921193327944825,0.02182428550510984,0.17529814138831945,0.12534779452522238,0.06640937672350355,-0.06025391893609791,-0.07827226098982441,0.05736842611903514,-0.026975503661435696,0.11950144912669086,0.10418269581607836,-0.07514780530459429,0.08109151322470481,-0.002179923961126373,-0.07068315967440117,-0.034813362894143995,0.15814074688490476,-0.056192923150983815,-0.0850402906722168,-0.05927711171594488,-0.11415262551652333,0.01785399495853146,-0.14102542547098712,0.12697751457476658,-0.10976790110174957,0.03922201101585826,-0.14998980043204257,0.19138125928573052,-0.018169816442541148,0.1288685363035258,0.10745913425999348,0.08547721885827153,0.13094594848184393,-0.15981455653611767,0.07139887898878483,-0.09366910589048755,0.11434866562663593,0.1827475039391555,0.16059581193707834,-0.15401911101053356,-0.0521790317308716,-0.05427089712096009,-0.15108149345618777,-0.16074957866126904,-0.046043946012327336,0.19682862019860453,0.027577060426510064,0.048712651441702504,-0.011592435992527073,0.06493222092160911,0.1826648322979078,0.035479181445756736,-0.17398461611152272,-0.00284377233272054,0.1971005093007805,-0.04503891176229469,0.03755249488578888,-0.15734529462847321,-0.14352780050537325,0.14987258126158504,-0.07986214869935543,-0.07781949065816281,-0.04511480159906872,0.18659146916180902,-0.16624380158524943,0.12750564102053397,-0.06337684941360541
0.13978721039418995,0.196702259801817,-0.060533035915300876,-0.14825745351505792,-0.1422498008068287,0.10349635637967441,-0.1420313790647454,-0.09583137258614537,-0.1182406625351681,-0.05772857438760701,-0.17025336994012502,0.14269699296290322,0.14405852472039743,-0.03482684060692409,0.04483502760939012,0.056780628361721874,0.0997032461383715,0.008276035017620448,0.004134418176674398,0.05252151093128432,0.08121935826795101,-0.061323849188299306,-0.06785181069247398,-0.09211263836163633,0.01953862212509941,-0.05593772417769105,0.016125307083052765,-0.03760609366923137,0.13469367302106433,-0.17074790410181573,0.028884237441869853,0.0302495002348791,-0.046513075784520075,-0.03159164217474272,0.12005254435317142,-0.08773051589586607,0.14856151657046518,0.15853732165387735,0.06024772176087839,0.10914308548323937,0.04517901134179536,0.010103645498636654,0.18667110170009188,-0.08693801430901434,-0.13833962134275515,-0.0850058547429939,0.045850243351778064,-0.12592662475954253,0.16352561729052567,-0.03559023973384293,0.13998515131673744,-0.10030538218847332,-0.07473265796690098,-0.17631064113100137,-0.09689292312577043,-0.0038744724146794474,0.17845476708929692,-0.04443881044340073,0.05589755179333833,-0.028915953012484813,-0.18128325969282352,0.001413050358681056,-0.17363454131843167,0.1534799698390144,0.10121478478036561,-0.048539411499053525,0.05608746647651591,-0.15518873787466717,0.08102199478506034,0.12909296359658778,0.12869825941529384,-0.08628898092373767,-0.09450152188926936,0.008559075161071406,0.1871088647719394,0.1682091910424341,-0.056144607297607285,0.11193180247321766,0.16852710563658296,-0.095629413712958,0.13211825984117592,-0.09284174923632937,-0.06268714964511576,-0.12047172365969834,0.002831919629085411,0.13732435770449647,0.011220854974204914,-0.150623996122761,-0.09928962710913201,0.02514474691253557,0.03327498222822406,0.030762361417947914,-0.16919860299751363,0.10147835705390168,0.16377127959560267,0.0042075790919599565,0.08753171470874516,0.16560619681462047,0.057049101979206374,0.06973028977242046,0.08856176535358184
-0.09579901941837395,0.03307114988673096,0.1368700458177825,-0.08153490789569973,0.15886819983874412,0.0481527799062528,-0.030730059426777506,0.04927318456011717,-0.03925603772436945,0.13521424073926985,-0.007072567972961158,0.1604853439017347,0.0039232323391305834,0.0641473558549549,0.19909776840274024,-0.14121366359658355,0.09469165949336228,-0.14445110883362658,0.13554654630575852,0.03858135246480465,0.1752638242425837,0.14638264077794733,-0.17005118501247063,-0.14507898332845565,0.04046837144273008,0.0073258559768299425,-0.13257394775462217,-0.1482563086913401,0.025596313376645252,-0.1804313808100002,0.14949412118137562,0.1228331679210482,0.11414798868443576,-0.19360114118370358,-0.18094362263490482,0.019935648460291444,0.19777027555767107,-0.06307351961145932,-0.06225007343786243,-0.14628881325520668,0.06973432149580056,0.05867067559760225,-0.15947103344833638,-0.013035085172659555,0.06682996352878973,-0.002593545471229197,0.06974543274590222,0.12650815897259593,0.07432617324870705,0.04644569433220952,0.14143610277779728,0.16023542714791528,-0.044445425129678334,-0.13070004491044562,0.12714416160322023,-0.11449875708020674,0.17158026789963426,-0.19084882191123864,0.16850847304772143,0.035673197044825106,0.10989684660515259,-0.0406029651742382,0.19668651676355203,-0.10897942897348384,-0.0942625349447301,-0.17942702238501085,0.1761893452245753,-0.017588278560529552,0.06994096588773968,0.07497629098513625,0.14980083691307106,0.0659701002585637,0.024808472921674873,0.08412740967641741,0.10038831960125061,-0.12562882150060722,-0.1561331844092988,-0.17006045980577478,-0.05037860219098533,-0.0007999040649019074,0.04625995931594434,0.18321380787584401,-0.06768487191719749,0.10434962083090976,0.012543047837953958,-0.11196402716523327,0.04612217165150362,0.18687047131588147,-0.15027668029949104,0.002911905819691585,-0.17935665833978873,-0.07151348044145509,0.048241071037596506,0.13642277441230183,0.09213136869042843,-0.014857288713810451,0.16368910284165866,-0.07891413399049174,0.10159336409006653,-0.010396391300935004,0.1594543018691103
0.11897312866150406,0.16058786452283808,-0.11430086042317066,0.06726017284648317,0.095385363232656,0.09696570611303745,0.0016001801869350296,-0.195499791060819,-0.09542768645237004,-0.07067964999824758,0.14081464691270462,0.13635432684168813,-0.1581279583848867,0.17993435270850305,-0.12701700533940363,-0.03425621947963156,-0.11393721355569784,0.14413298753174297,0.09976081274372472,-0.05858847724487842,0.07275145041042219,-0.12625324633138307,-0.04708116304959936,-0.04915696466475672,-0.10482532731144088,0.15052481983315302,0.07153829419165048,-0.0880242757744803,-0.10315169574838508,-0.1928186116003044,-0.06136709848305816,0.010708513326127267,-0.08891562323664944,0.08018331057190797,-0.03530018839549348,-0.07347286519573287,0.1756230635161325,-0.09487964908474439,-0.04069695196133746,-0.04708368459169124,-0.10352066173150068,-0.11300930407583332,-0.07904799247463856,0.14569446797247237,0.10683315489171624,0.07239980566402088,-0.01715880294300262,0.0031015938530413734,-0.09314446180261587,-0.17027363446563296,-0.06758377731180709,-0.0017664976030535295,-0.17707478139226704,-0.16470667917715742,-0.09478990684617311,-0.053167850562895386,-0.04267327555251793,-0.15284557348479796,-0.10967145818608448,-0.09534109917455652,-0.17294604951950154,-0.0695601197641211,-0.17111137089779713,0.08138313724386803,-0.045580893377075826,-0.06929904424865013,-0.14939113139855725,-0.10939853782204167,-0.10691791642435056,0.19408168594932124,0.13413975180339732,-0.19389508334662736,0.046734636307391886,-0.0976359614312305,-0.1582492284721663,0.08223990524790187,-0.14735778021266033,-0.02250368818810572,0.05286606593596971,0.021797902461995478,0.1910516393210972,0.11429704524900902,0.10967735045099591,-0.057761842367587496,-0.19664180316634333,0.09376437186827535,0.199892833718269,-0.037648356902553776,0.194207399582847,-0.14331675618626144,-0.08139505934531305,-0.13170922730301174,-0.009929610829273683,0.11879256060288818,-0.06373532338481844,0.1624915748607486,0.01793216533191405,-0.013830234503249106,0.11481433687811055,-0.1594226011832862,0.10950098848426987
-0.10281919993086933,-0.08767498112670498,0.039781509328031955,0.1607737700184821,0.031362779908345934,0.05957973951779477,0.11063783584210968,-0.09627009640300531,0.130893469121657,-0.03281594037314012,-0.129737722603535,-0.05995276821555004,-0.10154755531270987,-0.10851455794574166,-0.08697472051233356,-0.12762767410316422,0.06708070283305717,0.03199670281404687,0.05937675719337138,-0.06251011046873584,0.10789336102961772,-0.1481565036183341,0.028454683784544077,-0.08981881110141043,0.011043960279044557,-0.07054512990390435,0.11620470603651811,0.15650873553523786,0.0970324893486525,-0.12976651486030127,-0.09005324064465509,0.1677432262073663,-0.025111948936719475,0.17647216373970676,-0.043019324455093294,0.1807098642362655,0.17029559509333242,0.06421075599464648,-0.19646918061539886,-0.039866127209625235,0.16449405187823835,0.15404411564324588,-0.12504487996155456,-0.04032700161235897,0.13420397115178867,0.03115114130002175,0.13891969337848026,0.13062695377942524,0.1629928027809932,-0.15311176472216734,-0.14191394341859376,-0.166876388412379,0.17410753643817267,-0.009935046248842727,-0.17426988660702075,-0.07138803899438351,-0.059434943548013264,0.12382392939070291,0.0941907568683692,0.07575481982502763,-0.19125457896344852,0.16427831857055153,-0.11377789323370338,0.051624561877071096,-0.17527238279543234,-0.1673895632511782,-0.19616908154795115,0.02637105781813226,0.05175186784676189,-0.17981507870670851,-0.08380604609438445,0.14058176567120667,-0.15947665327083438,-0.11338113417866752,-0.03024351661102917,0.13690964105324638,-0.09806037820991831,0.19885480614533685,-0.057895274744588665,-0.045420536606550765,-0.1511575183076823,0.0720791603426123,-0.10261392688620737,0.05154703811801853,-0.11073690863882937,-0.04485109310941282,0.142668836781767,0.09556236458962802,-0.13816364002251064,0.04308326694964054,0.051456260669523746,-0.1637726105992556,-0.013677738265625683,-0.09573264173295684,-0.013147942894606801,0.11082839652915005,-0.13669617607587214,-0.1506783177647825,-0.09227340195769083,0.1809101801386333,0.09912968447398651
-0.19221765487418138,-0.03959806300664934,-0.09704080836784593,0.05525782734886958,-0.01628301858632275,0.18579940994557637,-0.11240861960630473,0.035142566399576275,0.08008400599608906,0.13022579573815268,-0.03721158782879716,0.07476876306299263,-0.0787194114462869,-0.025809563055271878,0.15825085248135967,0.17996304373238176,0.0875269387709059,-0.050259243689526,0.12802311598986565,-0.18965316730983195,-0.15890163578423158,0.06454949455014447,-0.08350056989197703,0.18055448736019114,-0.025575755163078112,-0.02825407184432921,0.07123180407637253,0.10702742492247586,-0.009776504749945403,-0.11439963931531034,0.10932345709024865,-0.07185949005054898,-0.12995569228245696,0.05265607597000532,-0.16381853320385986,0.188541070034422,0.05295890576485479,0.19435820836870232,-0.06444263060854558,0.18848206447615917,-0.14177510090855058,-0.18372209106118864,-0.18680637581815898,-0.014051851760309153,-0.1667983210085621,0.004867153667040686,-0.06899979859643982,-0.06574840301035376,0.054243598618067934,-0.13476079753935194,0.10662134813589241,0.032812367911453894,0.1659778515390044,-0.05406373849299065,0.19308599682685024,0.030331058685609286,0.18936078247501353,-0.18917573838115387,0.09119052896495516,0.12664860971709452,-0.17873068532940498,0.03158786560649829,0.12077691743577934,0.024415490089229108,-0.17447456383781335,0.0773788963593246,-0.17576123413067657,0.1269875580065754,-0.18278632667732225,-0.14504104759585168,-0.08995696379069261,0.05334591690432,0.19054363985252237,-0.15287085895202623,-0.14291693231443264,-0.05245184131960787,0.13448765510212807,-0.013107618899674323,-0.07135575989767134,0.024481532883544516,-0.0957907210217,-0.03953603710099163,-0.06695794030718324,0.12165640896585839,0.1697022905752003,0.10382887686276476,-0.024366569588006592,0.0017339909986655022,-0.14997052242822573,0.0987458844538151,0.03859027175801763,0.16097599845497457,-0.11975554256993873,0.10389044877304487,0.07386866468767589,-0.09366178647609913,0.06695145581633005,0.16974935223065984,0.16737439506684754,0.08785062980645653,-0.18077075498637596
0.14890573492806464,0.06311144280181596,-0.07582629872690623,-0.12509985531772028,-0.15351845480107318,-0.1799052402968956,0.10164129918030257,-0.10566280042268988,-0.19029882558269798,-0.04109173926320428,-0.006957167763064431,-0.13230790763994926,-0.1823806655349801,-0.12434980676077245,0.07164110473462976,-0.16710252909951745,0.022014812222797525,-0.14143520483673333,-0.12172433056783226,-0.04276884669332054,-0.15966986557850749,-0.13071859888711485,-0.06041903541945834,-0.06813239780065325,0.09970859427029277,-0.17008707794943026,0.1441802942665374,0.12649286829578194,0.10639665587677538,-0.07625105501474701,0.12915271421631502,-0.12687916788428769,-0.15023631765798873,-0.18201746660420506,0.1757241452022304,-0.07679564091789054,0.16704715207116239,-0.09095457539226813,0.16302638373453981,0.16157162113843532,0.16947041800428514,-0.0015386242863225097,0.14637851471955682,0.1803063584669281,-0.07015322324112822,-0.03245023772697797,0.0876960749342976,-0.07985607131067965,0.10152372356506362,-0.17044314191458643,0.009399353715416892,-0.15107460636650194,-0.08267060942532943,-0.09654984300541121,0.13557282942506643,-0.12259309783752102,0.12337916806364757,0.11758413836316878,-0.0004467777771080539,-0.10646269776154815,-0.10924146401751092,-0.014030141153660886,-0.19647639704259348,0.012540301844546464,0.18111181030682216,-0.1381172472549614,0.029338248590241367,0.18471147545778271,0.14420885579664006,0.1401520465525361,0.1287399721584756,-0.07639055757752576,0.15624673250672488,0.17653614049326843,-0.001683030680384251,-0.05817158109621651,-0.03430839375765754,-0.06631742326749376,-0.11503262319018398,0.04737938810115577,0.025038754498129145,-0.01496597158428975,-0.1616618453260673,0.11875718588239992,-0.13002657489968433,-0.15417518264158075,0.04922855819317898,-0.040542255504910724,-0.17607660985906823,-0.05777265801557671,0.10871214091398512,0.04609968208683904,-0.05488559080520128,-0.12327808334616477,0.0527182483219093,0.15502212037854213,0.058509087206365495,0.1251615418600897,0.008611135421748406,0.08718844269641152,0.15849070951134098
0.10927159130346203,0.1639415813592583,-0.027544159153576053,0.16168810205082268,0.048626893792683035,0.14801950643267747,-0.18424938782486586,0.06314095276541443,0.1391900315511595,-0.13031918654272012,0.06471477338596926,0.1299818856866526,-0.08482025214694518,-0.03790146883744319,0.027807087399687763,0.0076670755538248425,-0.18432424278514575,-0.16053116076583462,-0.15981336827825549,-0.09509283780033001,-0.1016543548790203,0.09688895351471982,0.029097754406457815,0.10559043385809647,-0.17204157703565195,-0.005914305011359755,-0.07048976829389222,0.13997572430229854,0.08311566276396132,0.14770338833071855,-0.18142915103757598,0.08832939582664018,0.016003340863831206,0.13000001160622632,0.002864236370328399,0.016083631160763584,-0.17929304762317397,0.06740914601438669,-0.09074404975797999,-0.19212243112847183,-0.173425134997588,0.18291424358641029,-0.06156908416806123,0.14723025144846358,0.18387089362770237,0.17730687553492913,0.1526900962797681,0.15793756498452038,-0.08439678226361941,-0.1394120438958567,0.05570502483516948,-0.004757763252470459,-0.1605013125219316,0.07101652640896433,0.025144002993909342,0.14522696032417565,0.04367351827535945,0.02957847188870147,-0.02369931066694883,-0.014885172044451889,0.18175249079164646,-0.14462159623990428,-0.02151247256712513,0.06233089357073712,-0.02679574176384017,-0.0867137491836969,-0.08505705169485807,-0.10653758149691371,-0.062438719766764156,0.1486699102334268,0.002089820129198061,-0.10390450876887264,-0.04618931318938704,-0.1576678351685728,0.1616142958954952,-0.03672086716342721,0.19215648183723028,-0.060984490694992316,0.13454241889084845,-0.09744587468341873,-0.16953884264895913,-0.18730665533047974,0.04246737065791342,-0.07537053133056425,-0.02259204780966867,0.12745881424031813,-0.10075676572207914,-0.0765390093060347,0.1381344740234669,-0.002895090662598354,0.13106606682099503,-0.05020959861347346,-0.04065200766915661,-0.1331446552886975,0.16653834143798657,0.15871347760504378,0.1936868058259094,-0.03902114913211538,0.12744597670345686,-0.03401850733115258,-0.0182804844316109
0.13199975743792985,-0.1290532916454401,-0.11187562621529908,-0.07410870384167398,0.11527161300002303,-0.0509393802527669,-0.05673271668769539,0.1995265381020967,-0.04647754276020821,-0.1008917854737652,0.04928547128037733,0.12075198078200033,-0.1721568665107363,0.04755689245539002,-0.1857058176479101,0.01053294039180716,-0.09720337449687633,-0.07734332093072571,-0.01316161440704694,0.1708429842982348,0.08426692263515057,0.17473823851379855,0.06398840182347104,-0.19715690116485615,-0.09376592106092896,0.1623090310881496,0.057378208387097895,0.19265889462810998,-0.13761439231268177,-0.08130086675739223,-0.05505293619318549,-0.06937687273307577,-0.09920338794004775,-0.022613713697288873,0.0569192493477485,-0.07549723084532159,-0.16812003067429773,0.08341301075726537,-0.01639337768749255,0.022592922436025287,-0.01783973713443396,0.15614300138196413,0.023497998866552017,0.1693107359406999,0.004230136622400099,-0.08296473510388727,-0.05782296512952137,0.008851717433914219,0.01199577512200345,0.07493508061957954,-0.1102020511253477,0.06353715998620069,0.1114352033523009,0.07063679578679605,-0.007268756072963678,0.19667226044673364,-0.038074736348313515,-0.15736375416806833,0.1286016861629372,-0.11511951244783272,0.08531422916097686,-0.12840948691394966,-0.19324904365682427,-0.13608055848438974,-0.04920452136967124,-0.1573527011480807,-0.12092836630572719,0.1058505110737572,0.10795344319085232,0.12699529087639067,0.13646209461903702,-0.031825642154497846,0.14701986427741137,0.010374750005617217,-0.011761153225596732,0.08741453159831031,-0.11447263545603713,0.11579895073098884,-0.028213669373518713,-0.14908183439849584,-0.152275234593213,-0.13403730246131995,0.15622909369751298,0.19637512890361902,-0.05721048031948661,-0.08314245911788097,-0.11249161096226508,0.12952659086689822,-0.11631700703244957,0.1696360519721079,0.06694015158851307,0.15885111666767787,0.021603941757658507,0.07627194487299871,0.04778324026308306,0.13247818252951876,0.13434432447435246,0.03591719993805004,0.05300305973190894,0.16875036819913197,0.1719465935859878
0.06569991355807264,-0.1968982887307346,-0.15823551409842362,0.14317701270976646,-0.1661143534516794,-0.11459232765797345,-0.10778132791133928,0.040093907911961935,0.030653119153505687,-0.0842329906318399,-0.11695545377262287,0.10581281194299036,0.17418246224239048,-0.17887772803342453,-0.14672781491805487,0.05686559548228298,0.12177658066857028,0.11647546751055987,0.0878732612330757,0.1549711817992368,-0.11306044817167488,-0.15708362140322116,0.046145188036547324,0.12891035660937294,0.032817431392229285,0.18519899498356251,0.11822578455671579,0.08031672036370435,-0.17589708365130657,-0.15690310450732717,0.11393505303647772,-0.12070482976918827,-0.1884659295684038,0.16430427429878597,0.15632214948049367,-0.11260646910740327,0.11208250322918184,-0.18080813551533798,-0.08597679847069478,0.04946676330264993,0.10527159846335421,-0.1958403244847242,-0.06951655469050239,-0.11426177597453041,0.19951216229948948,0.06839289295409401,-0.037731418848102466,-0.169738959207726,0.039468103002785526,0.05668058837442569,0.12656237100125406,-0.08456925883225459,0.1925712321920386,-0.02421370427442021,-0.08162249813620255,-0.06062026639941687,0.007834421186849516,0.17468062580285093,0.09406351916776023,0.030843859785512906,-0.13487584480805528,-0.14025867564365135,0.0008787655254255955,0.09148348184065969,0.10040486910204405,-0.10963424644949665,-0.1599601948610987,-0.0462156042984842,0.16726901729762972,0.018146901067752907,-0.07196009326729028,-0.07054493266435133,-0.14716518191112604,-0.010710505557536804,0.1165450714059354,0.18742347661093656,0.0006379999831901684,-0.13311403366292462,0.0731801599211458,0.10271653709811818,-0.17132010023075914,0.14005565185249153,0.13172895599834294,-0.010983578384352821,0.02416900744634734,0.08536322548436764,0.07069925002514371,-0.19338560872271637,-0.1510258784606057,-0.13496377768750173,0.10227035562883952,-0.023966574843047983,0.018201050554730036,0.10907497475819367,-0.06360709237436368,0.09955609092750922,-0.02308029014817614,-0.049127924890317365,-0.06678509437810395,0.18597792619695314,0.10878936428359154
-0.19192162369058827,0.1829661946072807,0.11017585189066936,-0.14033011421829777,-0.16946474983547316,-0.07672236253621866,0.04967261173842469,0.04661867565978697,-0.08965994994031182,-0.021730008537032885,-0.1152439377145058,-0.17976852593330503,0.006788186970751481,-0.06120354629918476,0.017152972919172005,0.1786029289881807,-0.14265187532187157,-0.19921519267561788,-0.16924871468714994,-0.014916681559348388,0.08277281192092939,0.0323054413268756,-0.0020421570505012032,-0.05841474756303505,-0.07601033138739961,-0.04948552995800798,0.04465398160362852,-0.13289841765378552,0.10854483322185032,0.030101296037244124,-0.09233744895542895,0.0004611851245134857,0.18511147507406656,-0.1918033883419224,-0.12019094363950833,-0.020647904038688797,0.05537588871193122,-0.11510869348580594,0.1725615793504785,0.05702880496985685,0.15097277958257221,-0.0682728278998726,0.13158157372265183,-0.04871231324022149,-0.09889929101551803,0.16466213566551724,-0.1631126097284582,0.17715551842256166,-0.016593917652957785,0.1970501893943447,0.015837861494011507,0.10299526883292126,-0.1971715934647984,-0.001333272015933945,0.09498138864724609,0.11313080798337966,-0.1367805669593608,-0.032411619846888534,-0.03237121675226451,-0.15854367660037766,-0.02278179692341334,0.12283718347840217,-0.0799277049524052,-0.02697019124244676,0.18438347402485705,-0.18731676964337513,0.036608707158142295,0.09737443671105167,0.10435297361247137,0.08637520995361775,0.09058057738737457,-0.17639493373078008,0.013654647654533114,0.11318762866290244,-0.16237398038506817,-0.19518003104525286,0.12582473263986327,0.08491775502659571,-0.03511743323422295,0.1761585730296688,0.10663923786058849,0.187144376642631,0.17172610381898695,-0.00748255880827714,0.10188359145742643,0.06767655552305557,0.1245780840369966,0.11507536090039683,-0.13870721198670932,-0.10650578727658147,-0.09370736912897307,0.12739942368680424,0.12429668157167556,-0.0018658612242231365,0.03233290370076847,0.13076886118735997,-0.07496255972890273,-0.1799284892334547,-0.006961424688333107,0.16548685753946873,0.11618730438402919
